ID,No.,Type,Star,Name,Doll ID,Doll,Damage,Accuracy,Evasion,Move Speed,Rate of Fire,Crit.Rate,Crit.Damage,Armor Pen.,Armor,Shield,Damage Amplify,Damage Reduction,Night View,Rounds,Equip Exp,Equip Level,Adjust Count,Locked
406238,90,Cape (Body),★★★★★,Thermoptic Camouflage Cape,121729866,R93,-,-,-,-3,-,25%,-,-,-,-,-,-,-,-,10000,10,2,Locked
446691,4,Optical,★★★★★,VFL 6-24X56,-,-,-,-,-,-,-,-,48%,-,-,-,-,-,-,-,10000,10,20,Locked
781732,90,Cape (Body),★★★★★,Thermoptic Camouflage Cape,179113567,General Liu,-,-,-,-3,-,25%,-,-,-,-,-,-,-,-,10000,10,5,Locked
791195,90,Cape (Body),★★★★★,Thermoptic Camouflage Cape,172243436,SVCh,-,-,-,-3,-,25%,-,-,-,-,-,-,-,-,10000,10,4,Locked
907560,16,PEQ (Night Equip),★★★★★,PEQ-16A,-,-,-,-,-,-,-,-,-,-,-,-,-,-,99%,-,0,0,6,Locked
1098458,58,X Exo (Body),★★★★★,IOP X4 Exoskeleton,164462091,HP-35,-,-,20,-,-,-,-,-,-,-,-,-,-,-,10000,10,6,Locked
1157933,58,X Exo (Body),★★★★★,IOP X4 Exoskeleton,167647393,SAA Mod,-,-,20,-,-,-,-,-,-,-,-,-,-,-,10000,10,4,Locked
1526815,66,Supp (Silencer),★★★★★,AC4 Suppressor,190540335,Kolibri,-,-,8,-,-,-,13%,-,-,-,-,-,-,-,1300,4,1,Locked
1651385,20,AP (Ammo),★★★★★,Mk211 High-Explosive Armor-Piercing Ammo,-,-,-,-,-,-,-,-,-,180,-,-,-,-,-,-,10000,10,11,Locked
1724767,4,Optical,★★★★★,VFL 6-24X56,-,-,-,-,-,-,-,-,48%,-,-,-,-,-,-,-,10000,10,6,Locked
1724773,76,Buck (Shell),★★★★★,#000 Buckshot,-,-,8,-,-,-,-,15%,-,-,-,-,-,-,-,-,1800,4,0,Locked
1836682,90,Cape (Body),★★★★★,Thermoptic Camouflage Cape,106808183,Carcano M91/38,-,-,-,-3,-,24%,-,-,-,-,-,-,-,-,10000,10,0,Locked
1836683,44,Plate (Body),★★★★★,Type 3 Armor Plate,153429854,M500 Mod,-,-,-2,-,-,-,-,-,11,-,-,-,-,-,10000,10,6,Locked
1972509,76,Buck (Shell),★★★★★,#000 Buckshot,-,-,8,-,-,-,-,11%,-,-,-,-,-,-,-,-,0,0,0,Locked
2546703,4,Optical,★★★★★,VFL 6-24X56,-,-,-,-,-,-,-,-,48%,-,-,-,-,-,-,-,10000,10,5,Locked
2715649,58,X Exo (Body),★★★★★,IOP X4 Exoskeleton,123368714,SAA Mod,-,-,20,-,-,-,-,-,-,-,-,-,-,-,10000,10,5,Locked
2716176,16,PEQ (Night Equip),★★★★★,PEQ-16A,-,-,-,-,-,-,-,-,-,-,-,-,-,-,96%,-,0,0,3,Locked
2767771,32,HV (Ammo),★★★★★,APCR High-Velocity Ammo,14503266,Gr G11 Mod,20,-,-,-,-,-,-,-,-,-,-,-,-,-,10000,10,4,Locked
3049817,16,PEQ (Night Equip),★★★★★,PEQ-16A,-,-,-,-,-,-,-,-,-,-,-,-,-,-,93%,-,0,0,0,Locked
3074488,20,AP (Ammo),★★★★★,Mk211 High-Explosive Armor-Piercing Ammo,-,-,-,-,-,-,-,-,-,180,-,-,-,-,-,-,10000,10,22,Locked
4671704,16,PEQ (Night Equip),★★★★★,PEQ-16A,-,-,-,-,-,-,-,-,-,-,-,-,-,-,95%,-,0,0,0,Locked
4774599,20,AP (Ammo),★★★★★,Mk211 High-Explosive Armor-Piercing Ammo,-,-,-,-,-,-,-,-,-,180,-,-,-,-,-,-,10000,10,7,Locked
4951581,32,HV (Ammo),★★★★★,APCR High-Velocity Ammo,-,-,20,-,-,-,-,-,-,-,-,-,-,-,-,-,10000,10,6,Locked
5058540,66,Supp (Silencer),★★★★★,AC4 Suppressor,30701640,RO635 Mod,-,-,10,-,-,-,18%,-,-,-,-,-,-,-,10075,10,5,Locked
5059039,16,PEQ (Night Equip),★★★★★,PEQ-16A,-,-,-,-,-,-,-,-,-,-,-,-,-,-,94%,-,0,0,6,Locked
5133679,8,EOT (Holographic),★★★★★,EOT 518,-,-,8,12,-,-,-4,-,-,-,-,-,-,-,-,-,10000,10,8,Locked
5133680,4,Optical,★★★★★,VFL 6-24X56,-,-,-,-,-,-,-,-,48%,-,-,-,-,-,-,-,10000,10,10,Locked
5520176,66,Supp (Silencer),★★★★★,AC4 Suppressor,2044219,Welrod MkⅡ Mod,-,-,9,-,-,-,16%,-,-,-,-,-,-,-,2800,6,2,Locked
6247432,95,HP (Ammo),★★★★★,16Lab Hollow-Point,145489965,Desert Eagle,15,-,-,-,-,-,-,-7,-,-,-,-,-,-,10000,10,0,Locked
7850340,72,HP (Ammo),★★★★★,ILM Hollow-Point Ammo,136083155,Python,15,-,-,-,-,-,-,-7,-,-,-,-,-,-,10000,10,5,Locked
7850757,40,T Exo (Body),★★★★★,IOP T4 Exoskeleton,159585267,Webley,-8,-,35,-,-,-,-,-,-,-,-,-,-,-,10000,10,9,Locked
7851335,68,Box (MG Clip),★★★★★,IOP Maximum Ammo Box,-,-,-,-,-3,-,-,-,-,-,-,-,-,-,-,3,0,0,1,Locked
8368284,58,X Exo (Body),★★★★★,IOP X4 Exoskeleton,129503275,P22,-,-,20,-,-,-,-,-,-,-,-,-,-,-,10000,10,3,Locked
8368286,32,HV (Ammo),★★★★★,APCR High-Velocity Ammo,-,-,20,-,-,-,-,-,-,-,-,-,-,-,-,-,10000,10,5,Locked
8539952,32,HV (Ammo),★★★★★,APCR High-Velocity Ammo,3896248,M4A1 Mod,20,-,-,-,-,-,-,-,-,-,-,-,-,-,10000,10,3,Locked
8764208,20,AP (Ammo),★★★★★,Mk211 High-Explosive Armor-Piercing Ammo,-,-,-,-,-,-,-,-,-,180,-,-,-,-,-,-,10000,10,7,Locked
9020204,8,EOT (Holographic),★★★★★,EOT 518,-,-,8,9,-,-,-4,-,-,-,-,-,-,-,-,-,10075,10,11,Locked
9029500,4,Optical,★★★★★,VFL 6-24X56,-,-,-,-,-,-,-,-,48%,-,-,-,-,-,-,-,10000,10,16,Locked
9062934,40,T Exo (Body),★★★★★,IOP T4 Exoskeleton,2044219,Welrod MkⅡ Mod,-6,-,35,-,-,-,-,-,-,-,-,-,-,-,10075,10,16,Locked
9222831,109,Optical,★★★★★,16Lab 6-24X56,140604281,Carcano M91/38,-,-,-,-,-,-,48%,-,-,-,-,-,-,-,10000,10,0,Locked
9527483,110,HV (Ammo),★★★★★,16Lab High-Velocity Ammo,-,-,20,-,-,-,-,-,-,-,-,-,-,-,-,-,10050,10,0,Locked
12061912,40,T Exo (Body),★★★★★,IOP T4 Exoskeleton,30701640,RO635 Mod,-8,-,35,-,-,-,-,-,-,-,-,-,-,-,10050,10,2,Locked
13768686,137,Sp. Eq (Exclusive),★★★★★,Adelhyde,-,-,-,-,15,-,-,-,-,-,-,-,-,-,-,-,0,0,0,Locked
13768687,138,Sp. Eq (Exclusive),★★★★★,Flanergide,-,-,-,-,15,-,-,-,-,-,-,-,-,-,-,-,0,0,0,Locked
13768688,139,Sp. Eq (Exclusive),★★★★★,Adelhyde,-,-,-,-,15,-,-,-,-,-,-,-,-,-,-,-,0,0,0,Locked
13768689,140,Sp. Eq (Exclusive),★★★★★,Bronson Extract,-,-,-,-,15,-,-,-,-,-,-,-,-,-,-,-,0,0,0,Locked
13768690,141,Sp. Eq (Exclusive),★★★★★,Powdered Delta,-,-,-,-,15,-,-,-,-,-,-,-,-,-,-,-,0,0,0,Locked
13768691,142,Sp. Eq (Exclusive),★★★★★,Karmotrine,70860830,Jill Stingray,-,-,15,-,-,-,-,-,-,-,-,-,-,-,0,0,0,Locked
13768692,143,Sp. Eq (Exclusive),★★★★★,Karmotrine,70860830,Jill Stingray,-,-,15,-,-,-,-,-,-,-,-,-,-,-,0,0,0,Locked
13768693,144,Sp. Eq (Exclusive),★★★★★,Karmotrine,70860830,Jill Stingray,-,-,15,-,-,-,-,-,-,-,-,-,-,-,0,0,0,Locked
13867116,32,HV (Ammo),★★★★★,APCR High-Velocity Ammo,-,-,20,-,-,-,-,-,-,-,-,-,-,-,-,-,10000,10,6,Locked
13869483,16,PEQ (Night Equip),★★★★★,PEQ-16A,-,-,-,-,-,-,-,-,-,-,-,-,-,-,98%,-,0,0,5,Locked
14006432,58,X Exo (Body),★★★★★,IOP X4 Exoskeleton,108178712,Contender,-,-,20,-,-,-,-,-,-,-,-,-,-,-,10000,10,6,Locked
14972496,16,PEQ (Night Equip),★★★★★,PEQ-16A,-,-,-,-,-,-,-,-,-,-,-,-,-,-,91%,-,0,0,0,Locked
14974786,4,Optical,★★★★★,VFL 6-24X56,121729866,R93,-,-,-,-,-,-,48%,-,-,-,-,-,-,-,10000,10,4,Locked
15529544,12,Red Dot,★★★★★,ITI MARS,-,-,-,20,-,-,-2,-,-,-,-,-,-,-,-,-,2800,6,0,Locked
15531521,32,HV (Ammo),★★★★★,APCR High-Velocity Ammo,-,-,20,-,-,-,-,-,-,-,-,-,-,-,-,-,10000,10,5,Locked
15557438,68,Box (MG Clip),★★★★★,IOP Maximum Ammo Box,-,-,-,-,-3,-,-,-,-,-,-,-,-,-,-,3,0,0,1,Locked
15587464,4,Optical,★★★★★,VFL 6-24X56,149619568,Carcano M91/38,-,-,-,-,-,-,48%,-,-,-,-,-,-,-,10000,10,11,Locked
15624207,76,Buck (Shell),★★★★★,#000 Buckshot,-,-,7,-,-,-,-,11%,-,-,-,-,-,-,-,-,0,0,0,Locked
15891176,4,Optical,★★★★★,VFL 6-24X56,145110603,Carcano M91/38,-,-,-,-,-,-,48%,-,-,-,-,-,-,-,10000,10,9,Locked
16000367,4,Optical,★★★★★,VFL 6-24X56,129354367,Carcano M91/38,-,-,-,-,-,-,48%,-,-,-,-,-,-,-,10000,10,9,Locked
16093667,68,Box (MG Clip),★★★★★,IOP Maximum Ammo Box,-,-,-,-,-3,-,-,-,-,-,-,-,-,-,-,3,0,0,2,Locked
16433090,4,Optical,★★★★★,VFL 6-24X56,152979859,Type88 Mod,-,-,-,-,-,-,48%,-,-,-,-,-,-,-,10000,10,6,Locked
16616127,44,Plate (Body),★★★★★,Type 3 Armor Plate,167647392,M500 Mod,-,-,-2,-,-,-,-,-,11,-,-,-,-,-,10000,10,6,Locked
16920499,66,Supp (Silencer),★★★★★,AC4 Suppressor,99712015,C-MS,-,-,10,-,-,-,18%,-,-,-,-,-,-,-,10000,10,4,Locked
17541641,44,Plate (Body),★★★★★,Type 3 Armor Plate,185465506,M26-MASS,-,-,-2,-,-,-,-,-,11,-,-,-,-,-,10000,10,6,Locked
18006482,4,Optical,★★★★★,VFL 6-24X56,138844426,M200,-,-,-,-,-,-,48%,-,-,-,-,-,-,-,10000,10,8,Locked
18009496,66,Supp (Silencer),★★★★★,AC4 Suppressor,137933862,M950A Mod,-,-,9,-,-,-,16%,-,-,-,-,-,-,-,10000,10,0,Locked
18984868,16,PEQ (Night Equip),★★★★★,PEQ-16A,-,-,-,-,-,-,-,-,-,-,-,-,-,-,94%,-,1,0,0,Locked
19274432,76,Buck (Shell),★★★★★,#000 Buckshot,-,-,13,-,-,-,-,16%,-,-,-,-,-,-,-,-,10000,10,0,Locked
19475620,168,Sp. Eq (Exclusive),★★★★★,Folding Stock,99025678,100 Shiki,-,-,13,-,-,-,12%,-,-,-,-,-,-,-,1,0,0,Locked
19844399,40,T Exo (Body),★★★★★,IOP T4 Exoskeleton,190540335,Kolibri,-8,-,35,-,-,-,-,-,-,-,-,-,-,-,10000,10,8,Locked
20041732,32,HV (Ammo),★★★★★,APCR High-Velocity Ammo,134726709,AS Val Mod,20,-,-,-,-,-,-,-,-,-,-,-,-,-,10000,10,12,Locked
20298629,99,Sp. Eq (Exclusive),★★★★★,Inherited Case,3896248,M4A1 Mod,20,-,-,-,20,-,-,-,15,-,-,-,-,-,30000,10,6,Locked
20387479,20,AP (Ammo),★★★★★,Mk211 High-Explosive Armor-Piercing Ammo,99712015,C-MS,-,-,-,-,-,-,-,180,-,-,-,-,-,-,10000,10,10,Locked
20536466,66,Supp (Silencer),★★★★★,AC4 Suppressor,114759211,Gr MP5 Mod,-,-,9,-,-,-,16%,-,-,-,-,-,-,-,10000,10,0,Locked
21176537,66,Supp (Silencer),★★★★★,AC4 Suppressor,128767307,P22,-,-,10,-,-,-,17%,-,-,-,-,-,-,-,8601,9,11,Locked
21293109,76,Buck (Shell),★★★★★,#000 Buckshot,175446892,Defender,15,-,-,-,-,22%,-,-,-,-,-,-,-,-,10000,10,16,Locked
21331656,40,T Exo (Body),★★★★★,IOP T4 Exoskeleton,99712015,C-MS,-8,-,35,-,-,-,-,-,-,-,-,-,-,-,10000,10,4,Locked
21409690,16,PEQ (Night Equip),★★★★★,PEQ-16A,-,-,-,-,-,-,-,-,-,-,-,-,-,-,97%,-,0,0,5,Locked
21541623,4,Optical,★★★★★,VFL 6-24X56,7384462,WA2000,-,-,-,-,-,-,48%,-,-,-,-,-,-,-,10000,10,2,Locked
21579592,126,Sp. Eq (Exclusive),★★★★★,Dinergate RO,4038683,M4 SOPMOD II Mod,35,14,-,-,-2,-,-,-,-,-,-,-,-,-,30000,10,16,Locked
21723162,90,Cape (Body),★★★★★,Thermoptic Camouflage Cape,125997521,Lee Enfield,-,-,-,-3,-,25%,-,-,-,-,-,-,-,-,10000,10,6,Locked
21754437,72,HP (Ammo),★★★★★,ILM Hollow-Point Ammo,-,-,8,-,-,-,-,-,-,-8,-,-,-,-,-,-,1300,4,0,Locked
21922006,175,Sp. Eq (Exclusive),★★★★★,BPR4 & SRM6,89528686,MDR,3,-,7,-,-,-,31%,-,-,-,-,-,-,-,2326,3,18,Locked
22040828,66,Supp (Silencer),★★★★★,AC4 Suppressor,159585267,Webley,-,-,6,-,-,-,14%,-,-,-,-,-,-,-,1300,4,0,Locked
22219006,100,Sp. Eq (Exclusive),★★★★★,Lightweight Rail Kit,5262061,ST AR-15 Mod,15,10,-,-,-,30%,-,-,-,-,-,-,-,-,30000,10,16,Locked
22583375,12,Red Dot,★★★★★,ITI MARS,-,-,-,28,-,-,-3,-,-,-,-,-,-,-,-,-,10000,10,0,Locked
22742866,20,AP (Ammo),★★★★★,Mk211 High-Explosive Armor-Piercing Ammo,125997521,Lee Enfield,-,-,-,-,-,-,-,180,-,-,-,-,-,-,10000,10,17,Locked
22886480,117,Sp. Eq (Exclusive),★★★★★,Glorylight,-,-,-,-,-,-,-,-,-,-,-,-,-,-,100%,-,1,0,0,Locked
23234644,40,T Exo (Body),★★★★★,IOP T4 Exoskeleton,130466984,HS2000,-7,-,35,-,-,-,-,-,-,-,-,-,-,-,10000,10,2,Locked
23383626,16,PEQ (Night Equip),★★★★★,PEQ-16A,-,-,-,-,-,-,-,-,-,-,-,-,-,-,98%,-,0,0,3,Locked
23450427,32,HV (Ammo),★★★★★,APCR High-Velocity Ammo,-,-,20,-,-,-,-,-,-,-,-,-,-,-,-,-,10000,10,6,Locked
23457607,76,Buck (Shell),★★★★★,#000 Buckshot,-,-,8,-,-,-,-,10%,-,-,-,-,-,-,-,-,1,0,0,Locked
23468798,4,Optical,★★★★★,VFL 6-24X56,172174121,De Lisle,-,-,-,-,-,-,48%,-,-,-,-,-,-,-,10000,10,6,Locked
23842691,32,HV (Ammo),★★★★★,APCR High-Velocity Ammo,9189821,416 Mod,20,-,-,-,-,-,-,-,-,-,-,-,-,-,10000,10,13,Locked
23952790,58,X Exo (Body),★★★★★,IOP X4 Exoskeleton,-,-,-,-,9,-,-,-,-,-,-,-,-,-,-,-,1,0,0,Locked
23962677,12,Red Dot,★★★★★,ITI MARS,-,-,-,12,-,-,-3,-,-,-,-,-,-,-,-,-,0,0,0,Locked
24169012,58,X Exo (Body),★★★★★,IOP X4 Exoskeleton,-,-,-,-,8,-,-,-,-,-,-,-,-,-,-,-,1,0,0,Locked
24185296,4,Optical,★★★★★,VFL 6-24X56,140918875,Rico,-,-,-,-,-,-,48%,-,-,-,-,-,-,-,10000,10,6,Locked
24277146,16,PEQ (Night Equip),★★★★★,PEQ-16A,-,-,-,-,-,-,-,-,-,-,-,-,-,-,98%,-,1,0,4,Locked
24433869,60,Sp. Eq (Exclusive),★★★★★,.300BLK High-Velocity Ammo,5262061,ST AR-15 Mod,35,-,-,-,-10,-,-,-,-,-,-,-,-,-,30000,10,16,Locked
24884749,106,Sp. Eq (Exclusive),★★★★★,EOT XPS3,9189821,416 Mod,8,12,-,-,-,-,25%,-,-,-,-,-,-,-,30000,10,12,Locked
25127039,80,Slug (Shell),★★★★★,SABOT Slug,-,-,-,20,-,-,-,-,-,-,-,-,-,-,-,-,10000,10,1,Locked
25329954,4,Optical,★★★★★,VFL 6-24X56,3896248,M4A1 Mod,-,-,-,-,-,-,48%,-,-,-,-,-,-,-,10000,10,8,Locked
25458269,4,Optical,★★★★★,VFL 6-24X56,172243436,SVCh,-,-,-,-,-,-,48%,-,-,-,-,-,-,-,10000,10,9,Locked
25481693,44,Plate (Body),★★★★★,Type 3 Armor Plate,-,-,-,-,-3,-,-,-,-,-,11,-,-,-,-,-,10000,10,1,Locked
25690420,72,HP (Ammo),★★★★★,ILM Hollow-Point Ammo,-,-,10,-,-,-,-,-,-,-7,-,-,-,-,-,-,1301,4,6,Locked
25696780,80,Slug (Shell),★★★★★,SABOT Slug,-,-,-,19,-,-,-,-,-,-,-,-,-,-,-,-,7600,9,9,Locked
25756278,12,Red Dot,★★★★★,ITI MARS,-,-,-,13,-,-,-3,-,-,-,-,-,-,-,-,-,0,0,0,Locked
25911946,132,Sp. Eq (Exclusive),★★★★★,Gr MG4 MGO,110992860,Gr MG4,-,36,-,-,-1,-,35%,-,-,-,-,-,-,-,30000,10,0,Locked
25915298,129,Sp. Eq (Exclusive),★★★★★,M2 Bipod,-,-,-,9,-,-,-,-,43%,-,-,-,-,-,-,-,16876,8,9,Locked
25939077,182,Sp. Eq (Exclusive),★★★★★,S&B762,-,-,16,-,-,-,-4,-,-,-,-,-,-,-,-,-,5701,5,0,Locked
26118917,58,X Exo (Body),★★★★★,IOP X4 Exoskeleton,-,-,-,-,8,-,-,-,-,-,-,-,-,-,-,-,0,0,0,Locked
26269926,12,Red Dot,★★★★★,ITI MARS,-,-,-,12,-,-,-2,-,-,-,-,-,-,-,-,-,0,0,0,Locked
26322129,122,Sp. Eq (Exclusive),★★★★★,SAA Long Barrel,167647393,SAA Mod,1,-,6,-,-,-,13%,-,-,-,-,-,-,-,3751,4,0,Locked
26330701,72,HP (Ammo),★★★★★,ILM Hollow-Point Ammo,133502512,Python,12,-,-,-,-,-,-,-10,-,-,-,-,-,-,2100,5,1,Locked
26349944,12,Red Dot,★★★★★,ITI MARS,-,-,-,14,-,-,-2,-,-,-,-,-,-,-,-,-,1,0,0,Locked
26505593,8,EOT (Holographic),★★★★★,EOT 518,-,-,4,8,-,-,-5,-,-,-,-,-,-,-,-,-,0,0,0,Locked
26548432,90,Cape (Body),★★★★★,Thermoptic Camouflage Cape,170595052,Type56R Mod,-,-,-,-3,-,25%,-,-,-,-,-,-,-,-,10000,10,6,Locked
26561182,44,Plate (Body),★★★★★,Type 3 Armor Plate,184540560,Nova,-,-,-3,-,-,-,-,-,11,-,-,-,-,-,10000,10,1,Locked
26568123,91,Sp. Eq (Exclusive),★★★★★,Special Warfare Mobile Suit,6593241,M16A1,-,-20,10,-,-10,-,-,-,19,-,-,-,-,-,22750,9,0,Locked
26586697,32,HV (Ammo),★★★★★,APCR High-Velocity Ammo,142868747,416 Mod,20,-,-,-,-,-,-,-,-,-,-,-,-,-,10000,10,6,Locked
26734644,8,EOT (Holographic),★★★★★,EOT 518,-,-,5,7,-,-,-5,-,-,-,-,-,-,-,-,-,1,0,0,Locked
26820020,62,Sp. Eq (Exclusive),★★★★★,GSG UX Exoskeleton,114759211,Gr MP5 Mod,-8,-,58,-,-,-,-,-,-,-,-,-,-,-,30000,10,17,Locked
27027491,68,Box (MG Clip),★★★★★,IOP Maximum Ammo Box,-,-,-,-,-3,-,-,-,-,-,-,-,-,-,-,5,10000,10,2,Locked
27027492,58,X Exo (Body),★★★★★,IOP X4 Exoskeleton,-,-,-,-,8,-,-,-,-,-,-,-,-,-,-,-,0,0,0,Locked
27027524,68,Box (MG Clip),★★★★★,IOP Maximum Ammo Box,-,-,-,-,-3,-,-,-,-,-,-,-,-,-,-,5,10000,10,1,Locked
27027573,58,X Exo (Body),★★★★★,IOP X4 Exoskeleton,-,-,-,-,9,-,-,-,-,-,-,-,-,-,-,-,0,0,0,Locked
27080254,20,AP (Ammo),★★★★★,Mk211 High-Explosive Armor-Piercing Ammo,152979859,Type88 Mod,-,-,-,-,-,-,-,180,-,-,-,-,-,-,10000,10,13,Locked
27093935,20,AP (Ammo),★★★★★,Mk211 High-Explosive Armor-Piercing Ammo,121729866,R93,-,-,-,-,-,-,-,180,-,-,-,-,-,-,10000,10,32,Locked
27157527,58,X Exo (Body),★★★★★,IOP X4 Exoskeleton,-,-,-,-,9,-,-,-,-,-,-,-,-,-,-,-,0,0,0,Locked
27157533,4,Optical,★★★★★,VFL 6-24X56,-,-,-,-,-,-,-,-,20%,-,-,-,-,-,-,-,0,0,0,Locked
27157536,58,X Exo (Body),★★★★★,IOP X4 Exoskeleton,132408003,M1895 Mod,-,-,10,-,-,-,-,-,-,-,-,-,-,-,0,0,0,Locked
27157549,16,PEQ (Night Equip),★★★★★,PEQ-16A,-,-,-,-,-,-,-,-,-,-,-,-,-,-,94%,-,0,0,0,Locked
27321943,20,AP (Ammo),★★★★★,Mk211 High-Explosive Armor-Piercing Ammo,140918875,Rico,-,-,-,-,-,-,-,180,-,-,-,-,-,-,10000,10,18,Locked
27397069,92,Sp. Eq (Exclusive),★★★★★,UMP UX Exoskeleton,101532436,UMP45 Mod,-,-,35,-,-,25%,-,-,-,-,-,-,-,-,30000,10,26,Locked
27421643,68,Box (MG Clip),★★★★★,IOP Maximum Ammo Box,-,-,-,-,-2,-,-,-,-,-,-,-,-,-,-,4,10000,10,0,Locked
27527552,16,PEQ (Night Equip),★★★★★,PEQ-16A,-,-,-,-,-,-,-,-,-,-,-,-,-,-,94%,-,0,0,4,Locked
27536481,40,T Exo (Body),★★★★★,IOP T4 Exoskeleton,110989775,Px4 Storm,-7,-,35,-,-,-,-,-,-,-,-,-,-,-,10000,10,7,Locked
27716815,183,Sp. Eq (Exclusive),★★★★★,Duelling Cards,140918875,Rico,-,-,-,-3,-,45%,-,-,-,-,-,-,-,-,30000,10,9,Locked
27716820,184,Sp. Eq (Exclusive),★★★★★,Fairy Tale Picture Books,140918768,Angelica,15,-,18,-,-,-,-,-,-,-,-,-,-,-,30000,10,1,Locked
27856620,58,X Exo (Body),★★★★★,IOP X4 Exoskeleton,3683311,M950A Mod,-,-,9,-,-,-,-,-,-,-,-,-,-,-,0,0,0,Locked
27941943,90,Cape (Body),★★★★★,Thermoptic Camouflage Cape,152979859,Type88 Mod,-,-,-,-3,-,25%,-,-,-,-,-,-,-,-,10000,10,6,Locked
28116264,110,HV (Ammo),★★★★★,16Lab High-Velocity Ammo,136248743,Am RFB,20,-,-,-,-,-,-,-,-,-,-,-,-,-,10000,10,0,Locked
28116267,95,HP (Ammo),★★★★★,16Lab Hollow-Point,108178712,Contender,13,-,-,-,-,-,-,-7,-,-,-,-,-,-,2801,6,0,Locked
28127236,66,Supp (Silencer),★★★★★,AC4 Suppressor,167788530,M950A Mod,-,-,6,-,-,-,13%,-,-,-,-,-,-,-,1,0,0,Locked
28256899,4,Optical,★★★★★,VFL 6-24X56,145491404,Kord,-,-,-,-,-,-,48%,-,-,-,-,-,-,-,10000,10,6,Locked
28320168,16,PEQ (Night Equip),★★★★★,PEQ-16A,-,-,-,-,-,-,-,-,-,-,-,-,-,-,94%,-,0,0,0,Locked
28350264,20,AP (Ammo),★★★★★,Mk211 High-Explosive Armor-Piercing Ammo,7384462,WA2000,-,-,-,-,-,-,-,180,-,-,-,-,-,-,10000,10,11,Locked
28381039,58,X Exo (Body),★★★★★,IOP X4 Exoskeleton,108415018,Stechkin Mod,-,-,19,-,-,-,-,-,-,-,-,-,-,-,10000,10,0,Locked
28520125,158,Sp. Eq (Exclusive),★★★★★,Acceleration Coil,133210834,Type88 Mod,5,-,-,-,-,-,50%,-,-,-,-,-,-,-,30000,10,11,Locked
28523868,40,T Exo (Body),★★★★★,IOP T4 Exoskeleton,145489965,Desert Eagle,-8,-,35,-,-,-,-,-,-,-,-,-,-,-,10000,10,8,Locked
28628204,30,HV (Ammo),★★★,JSP High-Velocity Ammo,-,-,4,-,-,-,-,-,-,-,-,-,-,-,-,-,200,3,0,Locked
28687025,40,T Exo (Body),★★★★★,IOP T4 Exoskeleton,128767307,P22,-7,-,35,-,-,-,-,-,-,-,-,-,-,-,10000,10,7,Locked
28854324,68,Box (MG Clip),★★★★★,IOP Maximum Ammo Box,-,-,-,-,-3,-,-,-,-,-,-,-,-,-,-,5,10000,10,2,Locked
28929827,8,EOT (Holographic),★★★★★,EOT 518,-,-,4,7,-,-,-5,-,-,-,-,-,-,-,-,-,0,0,0,Locked
28991600,169,Sp. Eq (Exclusive),★★★★★,Am RFB Quad Rail,136248743,Am RFB,-,-,-,-,-,18%,48%,-,-,-,-,-,-,-,30000,10,26,Locked
29028162,160,Sp. Eq (Exclusive),★★★★★,No32 MKI,125997521,Lee Enfield,-,-,-,-,4,-,48%,-,-,-,-,-,-,-,30000,10,0,Locked
29216215,4,Optical,★★★★★,VFL 6-24X56,181305292,RPK-203,-,-,-,-,-,-,48%,-,-,-,-,-,-,-,10000,10,6,Locked
29220047,4,Optical,★★★★★,VFL 6-24X56,-,-,-,-,-,-,-,-,20%,-,-,-,-,-,-,-,0,0,0,Locked
29257085,4,Optical,★★★★★,VFL 6-24X56,7991842,NTW-20 Mod,-,-,-,-,-,-,48%,-,-,-,-,-,-,-,10000,10,2,Locked
29427123,72,HP (Ammo),★★★★★,ILM Hollow-Point Ammo,-,-,7,-,-,-,-,-,-,-8,-,-,-,-,-,-,0,0,0,Locked
29693410,201,Sp. Eq (Exclusive),★★★★★,Go-Bag "V",152165756,Agent Vector,-6,-,25,-,-,-,-,-,-,-,-,-,-,-,1,0,0,Locked
29693411,204,Sp. Eq (Exclusive),★★★★★,416's Go-Bag,152364274,Agent 416,-,-,13,-,-,-,-,-,-,-,-,-,-,-,501,2,0,Locked
29695017,199,Sp. Eq (Exclusive),★★★★★,Osprey 45 Silencer,152165756,Agent Vector,-,-,8,-,-,-,15%,-,-,-,-,-,-,-,1,0,0,Locked
29737565,202,Sp. Eq (Exclusive),★★★★★,ACOG (4X),152364274,Agent 416,-,-,-,-,-,-,28%,-,-,-,-,-,-,-,501,2,0,Locked
29757021,203,Sp. Eq (Exclusive),★★★★★,556 High-Velocity Ammo (Explosive),152364274,Agent 416,20,-,-,-,-,-,-,-,-,-,-,-,-,-,10000,10,0,Locked
29775296,200,Sp. Eq (Exclusive),★★★★★,.45 Hollow Point Ammo (Incendiary),152165756,Agent Vector,10,-,-,-,-,-,-,-7,-,-,-,-,-,-,1,0,0,Locked
29821954,16,PEQ (Night Equip),★★★★★,PEQ-16A,-,-,-,-,-,-,-,-,-,-,-,-,-,-,92%,-,1,0,0,Locked
29938872,20,AP (Ammo),★★★★★,Mk211 High-Explosive Armor-Piercing Ammo,172174121,De Lisle,-,-,-,-,-,-,-,180,-,-,-,-,-,-,10000,10,10,Locked
30037053,4,Optical,★★★★★,VFL 6-24X56,-,-,-,-,-,-,-,-,20%,-,-,-,-,-,-,-,0,0,0,Locked
30143099,58,X Exo (Body),★★★★★,IOP X4 Exoskeleton,133502512,Python,-,-,9,-,-,-,-,-,-,-,-,-,-,-,0,0,0,Locked
30144500,58,X Exo (Body),★★★★★,IOP X4 Exoskeleton,181911131,Webley,-,-,9,-,-,-,-,-,-,-,-,-,-,-,0,0,0,Locked
30172087,72,HP (Ammo),★★★★★,ILM Hollow-Point Ammo,-,-,8,-,-,-,-,-,-,-9,-,-,-,-,-,-,1,0,0,Locked
30199471,68,Box (MG Clip),★★★★★,IOP Maximum Ammo Box,-,-,-,-,-3,-,-,-,-,-,-,-,-,-,-,3,0,0,1,Locked
30214265,68,Box (MG Clip),★★★★★,IOP Maximum Ammo Box,-,-,-,-,-3,-,-,-,-,-,-,-,-,-,-,3,1,0,2,Locked
30214281,40,T Exo (Body),★★★★★,IOP T4 Exoskeleton,137933862,M950A Mod,-8,-,35,-,-,-,-,-,-,-,-,-,-,-,10000,10,2,Locked
30249067,20,AP (Ammo),★★★★★,Mk211 High-Explosive Armor-Piercing Ammo,179113567,General Liu,-,-,-,-,-,-,-,180,-,-,-,-,-,-,10000,10,15,Locked
30259816,40,T Exo (Body),★★★★★,IOP T4 Exoskeleton,167788530,M950A Mod,-7,-,35,-,-,-,-,-,-,-,-,-,-,-,10000,10,8,Locked
30301893,58,X Exo (Body),★★★★★,IOP X4 Exoskeleton,-,-,-,-,9,-,-,-,-,-,-,-,-,-,-,-,0,0,0,Locked
30334200,68,Box (MG Clip),★★★★★,IOP Maximum Ammo Box,-,-,-,-,-3,-,-,-,-,-,-,-,-,-,-,5,10000,10,1,Locked
30418151,4,Optical,★★★★★,VFL 6-24X56,179113567,General Liu,-,-,-,-,-,-,48%,-,-,-,-,-,-,-,10000,10,6,Locked
30430400,44,Plate (Body),★★★★★,Type 3 Armor Plate,-,-,-,-,-3,-,-,-,-,-,8,-,-,-,-,-,1,0,3,Locked
30439320,44,Plate (Body),★★★★★,Type 3 Armor Plate,-,-,-,-,-3,-,-,-,-,-,8,-,-,-,-,-,0,0,2,Locked
30474151,4,Optical,★★★★★,VFL 6-24X56,-,-,-,-,-,-,-,-,20%,-,-,-,-,-,-,-,0,0,0,Locked
30503236,8,EOT (Holographic),★★★★★,EOT 518,142868747,416 Mod,8,12,-,-,-4,-,-,-,-,-,-,-,-,-,10000,10,4,Locked
30524255,58,X Exo (Body),★★★★★,IOP X4 Exoskeleton,169895522,PPK,-,-,9,-,-,-,-,-,-,-,-,-,-,-,0,0,0,Locked
30791251,66,Supp (Silencer),★★★★★,AC4 Suppressor,128665616,P22,-,-,6,-,-,-,12%,-,-,-,-,-,-,-,0,0,0,Locked
30937420,8,EOT (Holographic),★★★★★,EOT 518,-,-,4,7,-,-,-5,-,-,-,-,-,-,-,-,-,0,0,0,Locked
31126635,66,Supp (Silencer),★★★★★,AC4 Suppressor,41784649,Grizzly,-,-,7,-,-,-,13%,-,-,-,-,-,-,-,1,0,0,Locked
31143975,58,X Exo (Body),★★★★★,IOP X4 Exoskeleton,-,-,-,-,8,-,-,-,-,-,-,-,-,-,-,-,0,0,0,Locked
31411059,20,AP (Ammo),★★★★★,Mk211 High-Explosive Armor-Piercing Ammo,-,-,-,-,-,-,-,-,-,111,-,-,-,-,-,-,0,0,0,Locked
31418060,68,Box (MG Clip),★★★★★,IOP Maximum Ammo Box,145491404,Kord,-,-,-3,-,-,-,-,-,-,-,-,-,-,5,10000,10,1,Locked
31432969,20,AP (Ammo),★★★★★,Mk211 High-Explosive Armor-Piercing Ammo,-,-,-,-,-,-,-,-,-,113,-,-,-,-,-,-,0,0,0,Locked
31434125,44,Plate (Body),★★★★★,Type 3 Armor Plate,-,-,-,-,-3,-,-,-,-,-,8,-,-,-,-,-,0,0,2,Locked
31434128,20,AP (Ammo),★★★★★,Mk211 High-Explosive Armor-Piercing Ammo,-,-,-,-,-,-,-,-,-,112,-,-,-,-,-,-,0,0,0,Locked
31818338,90,Cape (Body),★★★★★,Thermoptic Camouflage Cape,187590407,HS.50,-,-,-,-3,-,25%,-,-,-,-,-,-,-,-,10000,10,10,Locked
32001817,90,Cape (Body),★★★★★,Thermoptic Camouflage Cape,7384462,WA2000,-,-,-,-3,-,25%,-,-,-,-,-,-,-,-,10000,10,6,Locked
32054617,16,PEQ (Night Equip),★★★★★,PEQ-16A,-,-,-,-,-,-,-,-,-,-,-,-,-,-,92%,-,0,0,0,Locked
32056496,170,Sp. Eq (Exclusive),★★★★★,20mm HEI,7991842,NTW-20 Mod,10,-,-,-,-,-,-,180,-,-,-,-,-,-,30000,10,11,Locked
32058518,40,T Exo (Body),★★★★★,IOP T4 Exoskeleton,112910247,Five-seven,-8,-,33,-,-,-,-,-,-,-,-,-,-,-,6200,8,4,Locked
32091332,16,PEQ (Night Equip),★★★★★,PEQ-16A,-,-,-,-,-,-,-,-,-,-,-,-,-,-,94%,-,1,0,0,Locked
32167814,68,Box (MG Clip),★★★★★,IOP Maximum Ammo Box,181305292,RPK-203,-,-,-3,-,-,-,-,-,-,-,-,-,-,5,10000,10,1,Locked
32278913,8,EOT (Holographic),★★★★★,EOT 518,-,-,8,12,-,-,-4,-,-,-,-,-,-,-,-,-,10000,10,5,Locked
32292459,8,EOT (Holographic),★★★★★,EOT 518,-,-,8,9,-,-,-4,-,-,-,-,-,-,-,-,-,10000,10,2,Locked
32475857,8,EOT (Holographic),★★★★★,EOT 518,-,-,4,8,-,-,-5,-,-,-,-,-,-,-,-,-,0,0,0,Locked
32558521,66,Supp (Silencer),★★★★★,AC4 Suppressor,130466984,HS2000,-,-,6,-,-,-,12%,-,-,-,-,-,-,-,0,0,0,Locked
32603108,90,Cape (Body),★★★★★,Thermoptic Camouflage Cape,7991842,NTW-20 Mod,-,-,-,-3,-,25%,-,-,-,-,-,-,-,-,10000,10,6,Locked
32607024,44,Plate (Body),★★★★★,Type 3 Armor Plate,-,-,-,-,-3,-,-,-,-,-,8,-,-,-,-,-,1,0,2,Locked
32670358,16,PEQ (Night Equip),★★★★★,PEQ-16A,-,-,-,-,-,-,-,-,-,-,-,-,-,-,100%,-,1,0,0,Locked
32670359,20,AP (Ammo),★★★★★,Mk211 High-Explosive Armor-Piercing Ammo,172243436,SVCh,-,-,-,-,-,-,-,180,-,-,-,-,-,-,10000,10,0,Locked
32741912,8,EOT (Holographic),★★★★★,EOT 518,-,-,4,8,-,-,-4,-,-,-,-,-,-,-,-,-,0,0,0,Locked
32757769,117,Sp. Eq (Exclusive),★★★★★,Glorylight,117582944,El Clear,-,-,-,-,-,-,-,-,-,-,-,-,100%,-,1,0,0,Locked
32844461,4,Optical,★★★★★,VFL 6-24X56,106808183,Carcano M91/38,-,-,-,-,-,-,48%,-,-,-,-,-,-,-,10000,10,16,Locked
33080702,40,T Exo (Body),★★★★★,IOP T4 Exoskeleton,171720392,Stechkin Mod,-7,-,35,-,-,-,-,-,-,-,-,-,-,-,10000,10,7,Locked
33138053,16,PEQ (Night Equip),★★★★★,PEQ-16A,-,-,-,-,-,-,-,-,-,-,-,-,-,-,93%,-,0,0,0,Locked
33444552,110,HV (Ammo),★★★★★,16Lab High-Velocity Ammo,-,-,12,-,-,-,-,-,-,-,-,-,-,-,-,-,1,0,0,Locked
33456058,4,Optical,★★★★★,VFL 6-24X56,14503266,Gr G11 Mod,-,-,-,-,-,-,48%,-,-,-,-,-,-,-,10000,10,2,Locked
33456059,90,Cape (Body),★★★★★,Thermoptic Camouflage Cape,133210834,Type88 Mod,-,-,-,-3,-,25%,-,-,-,-,-,-,-,-,10000,10,6,Locked
33467665,95,HP (Ammo),★★★★★,16Lab Hollow-Point,-,-,10,-,-,-,-,-,-,-7,-,-,-,-,-,-,1,0,0,Locked
33501836,44,Plate (Body),★★★★★,Type 3 Armor Plate,-,-,-,-,-3,-,-,-,-,-,8,-,-,-,-,-,0,0,1,Locked
33501837,40,T Exo (Body),★★★★★,IOP T4 Exoskeleton,128787520,P22,-8,-,35,-,-,-,-,-,-,-,-,-,-,-,10000,10,4,Locked
33544261,40,T Exo (Body),★★★★★,IOP T4 Exoskeleton,117582944,El Clear,-7,-,21,-,-,-,-,-,-,-,-,-,-,-,0,0,0,Locked
33547922,4,Optical,★★★★★,VFL 6-24X56,175446892,Defender,-,-,-,-,-,-,48%,-,-,-,-,-,-,-,10000,10,10,Locked
33582195,8,EOT (Holographic),★★★★★,EOT 518,-,-,4,7,-,-,-5,-,-,-,-,-,-,-,-,-,0,0,0,Locked
33637227,198,Sp. Eq (Exclusive),★★★★★,Wooden Grips,33517405,NZ75,-,-,8,-,-,-,16%,-,-,-,-,-,-,-,1,0,0,Locked
33655659,40,T Exo (Body),★★★★★,IOP T4 Exoskeleton,131606243,P22,-6,-,21,-,-,-,-,-,-,-,-,-,-,-,0,0,0,Locked
33756479,72,HP (Ammo),★★★★★,ILM Hollow-Point Ammo,-,-,7,-,-,-,-,-,-,-9,-,-,-,-,-,-,0,0,0,Locked
33765053,221,Sp. Eq (Exclusive),★★★★★,Magnetic Accelerated Rounds,133210834,Type88 Mod,5,-,-,-,-,-,-,180,-,-,-,-,-,-,30000,10,16,Locked
33803567,4,Optical,★★★★★,VFL 6-24X56,170595052,Type56R Mod,-,-,-,-,-,-,48%,-,-,-,-,-,-,-,10000,10,11,Locked
33920737,4,Optical,★★★★★,VFL 6-24X56,187590407,HS.50,-,-,-,-,-,-,48%,-,-,-,-,-,-,-,10000,10,6,Locked
33944731,32,HV (Ammo),★★★★★,APCR High-Velocity Ammo,-,-,9,-,-,-,-,-,-,-,-,-,-,-,-,-,1,0,0,Locked
34031237,178,Sp. Eq (Exclusive),★★★★★,12.7mm 1SL,138334071,KSVK Mod,10,-,-,-,-,-,-,180,-,-,-,-,-,-,30000,10,16,Locked
34032336,254,Sp. Eq (Exclusive),★★★★★,Donut of Sweet Dreams,173932208,Pekola,-,-,-,-3,-,45%,-,-,-,-,-,-,-,-,30000,10,4,Locked
34042415,44,Plate (Body),★★★★★,Type 3 Armor Plate,-,-,-,-,-3,-,-,-,-,-,8,-,-,-,-,-,1,0,1,Locked
34093038,90,Cape (Body),★★★★★,Thermoptic Camouflage Cape,129354367,Carcano M91/38,-,-,-,-3,-,21%,-,-,-,-,-,-,-,-,10000,10,0,Locked
34119515,90,Cape (Body),★★★★★,Thermoptic Camouflage Cape,140604281,Carcano M91/38,-,-,-,-3,-,15%,-,-,-,-,-,-,-,-,2800,6,0,Locked
34153522,8,EOT (Holographic),★★★★★,EOT 518,-,-,4,7,-,-,-5,-,-,-,-,-,-,-,-,-,0,0,0,Locked
34240099,12,Red Dot,★★★★★,ITI MARS,-,-,-,11,-,-,-2,-,-,-,-,-,-,-,-,-,0,0,0,Locked
34259251,40,T Exo (Body),★★★★★,IOP T4 Exoskeleton,128665616,P22,-6,-,21,-,-,-,-,-,-,-,-,-,-,-,1,0,0,Locked
34323354,76,Buck (Shell),★★★★★,#000 Buckshot,-,-,9,-,-,-,-,12%,-,-,-,-,-,-,-,-,0,0,0,Locked
34334836,159,Sp. Eq (Exclusive),★★★★★,Tactical Headwear,9189821,416 Mod,25,-,20,-,-,10%,-,-,-,-,-,-,-,-,30000,10,6,Locked
34334976,234,Chip (Body),★★★★★,#2 Processor,-,-,15,-,-,-,25,-50%,-,-,-,-,-,-,-,-,10000,10,6,Locked
34341332,12,Red Dot,★★★★★,ITI MARS,-,-,-,12,-,-,-3,-,-,-,-,-,-,-,-,-,0,0,0,Locked
34343677,231,Birdshot (Shell),★★★★★,#7.5 Birdshot,-,-,-,-,-,-,9,-15%,-,-,-,-,-,-,-,-,6300,8,0,Locked
34343689,20,AP (Ammo),★★★★★,Mk211 High-Explosive Armor-Piercing Ammo,-,-,-,-,-,-,-,-,-,114,-,-,-,-,-,-,0,0,0,Locked
34349399,229,SLAP (Ammo),★★★★★,Mk1000 SLAP,-,-,-,-,-,-,-5,-,-,241,-,-,-,-,-,-,0,0,0,Locked
34361708,4,Optical,★★★★★,VFL 6-24X56,-,-,-,-,-,-,-,-,20%,-,-,-,-,-,-,-,0,0,0,Locked
34362245,229,SLAP (Ammo),★★★★★,Mk1000 SLAP,145491404,Kord,-,-,-,-,-5,-,-,500,-,-,-,-,-,-,10000,10,10,Locked
34552982,224,RMR (Auxiliary Sight),★★★★★,RMR T4 Red Dot Sight,136083155,Python,-,18,-,-,-,-,30%,-,-,-,-,-,-,-,10000,10,4,Locked
34571020,90,Cape (Body),★★★★★,Thermoptic Camouflage Cape,149619568,Carcano M91/38,-,-,-,-3,-,24%,-,-,-,-,-,-,-,-,10000,10,0,Locked
34599871,235,Flash (Shell),★★★★★,Shotgun Flash Shells,153429854,M500 Mod,-,11,-,-,-,-,-,-,-,-,-,-,-,-,0,0,0,Locked
34600360,234,Chip (Body),★★★★★,#2 Processor,-,-,15,-,-,-,25,-50%,-,-,-,-,-,-,-,-,10000,10,6,Locked
34600563,227,SNIP (Ammo),★★★★★,M1022 Sniper Rounds,138844426,M200,10,-,-,-,-,-,-,120,-,-,-,-,-,-,10000,10,16,Locked
34600591,234,Chip (Body),★★★★★,#2 Processor,136248743,Am RFB,15,-,-,-,25,-50%,-,-,-,-,-,-,-,-,10000,10,16,Locked
34600631,32,HV (Ammo),★★★★★,APCR High-Velocity Ammo,-,-,9,-,-,-,-,-,-,-,-,-,-,-,-,-,0,0,0,Locked
34600714,224,RMR (Auxiliary Sight),★★★★★,RMR T4 Red Dot Sight,108178712,Contender,-,17,-,-,-,-,30%,-,-,-,-,-,-,-,10000,10,1,Locked
34604613,58,X Exo (Body),★★★★★,IOP X4 Exoskeleton,-,-,-,-,9,-,-,-,-,-,-,-,-,-,-,-,0,0,0,
34605777,72,HP (Ammo),★★★★★,ILM Hollow-Point Ammo,-,-,8,-,-,-,-,-,-,-9,-,-,-,-,-,-,0,0,0,Locked
34606045,227,SNIP (Ammo),★★★★★,M1022 Sniper Rounds,106808183,Carcano M91/38,10,-,-,-,-,-,-,120,-,-,-,-,-,-,10000,10,16,Locked
34684935,229,SLAP (Ammo),★★★★★,Mk1000 SLAP,-,-,-,-,-,-,-5,-,-,500,-,-,-,-,-,-,10000,10,11,Locked
34691281,235,Flash (Shell),★★★★★,Shotgun Flash Shells,167647392,M500 Mod,-,8,-,-,-,-,-,-,-,-,-,-,-,-,0,0,0,Locked
34701296,32,HV (Ammo),★★★★★,APCR High-Velocity Ammo,-,-,9,-,-,-,-,-,-,-,-,-,-,-,-,-,0,0,0,Locked
34704877,8,EOT (Holographic),★★★★★,EOT 518,-,-,8,12,-,-,-4,-,-,-,-,-,-,-,-,-,10000,10,7,Locked
34712419,8,EOT (Holographic),★★★★★,EOT 518,-,-,8,9,-,-,-4,-,-,-,-,-,-,-,-,-,10000,10,4,Locked
34716074,266,Sp. Eq (Exclusive),★★★★★,ImpulsIIA/C,110989775,Px4 Storm,-,-,13,-,-,-,8%,-,-,-,-,-,-,-,1,0,0,Locked
34717225,4,Optical,★★★★★,VFL 6-24X56,-,-,-,-,-,-,-,-,21%,-,-,-,-,-,-,-,0,0,0,Locked
34731867,32,HV (Ammo),★★★★★,APCR High-Velocity Ammo,-,-,9,-,-,-,-,-,-,-,-,-,-,-,-,-,0,0,0,Locked
34778074,133,Sp. Eq (Exclusive),★★★★★,Stechkin Buttstock,108415018,Stechkin Mod,-,1,6,-,-,-,12%,-,-,-,-,-,-,-,0,0,0,Locked
34866410,229,SLAP (Ammo),★★★★★,Mk1000 SLAP,-,-,-,-,-,-,-5,-,-,240,-,-,-,-,-,-,0,0,0,Locked
34880238,224,RMR (Auxiliary Sight),★★★★★,RMR T4 Red Dot Sight,145489965,Desert Eagle,-,17,-,-,-,-,30%,-,-,-,-,-,-,-,10000,10,1,Locked
34882976,216,Sp. Eq (Exclusive),★★★★★,20-gauge Custom Slug Rounds,-,-,6,-,-,-,-,-,12%,-,-,-,-,-,-,-,1,0,0,Locked
34911248,72,HP (Ammo),★★★★★,ILM Hollow-Point Ammo,-,-,7,-,-,-,-,-,-,-9,-,-,-,-,-,-,0,0,0,Locked
34911249,58,X Exo (Body),★★★★★,IOP X4 Exoskeleton,136083155,Python,-,-,9,-,-,-,-,-,-,-,-,-,-,-,0,0,0,
34933466,225,Flare (Ammo),★★★★★,Signal Flare,30701640,RO635 Mod,-,-,-,-,-2,-,-,-,-,-,-,-,-,-,0,0,0,Locked
34997840,72,HP (Ammo),★★★★★,ILM Hollow-Point Ammo,-,-,7,-,-,-,-,-,-,-8,-,-,-,-,-,-,0,0,0,Locked
34997843,234,Chip (Body),★★★★★,#2 Processor,142868747,416 Mod,15,-,-,-,25,-50%,-,-,-,-,-,-,-,-,10000,10,4,Locked
35032904,225,Flare (Ammo),★★★★★,Signal Flare,114759211,Gr MP5 Mod,-,-,-,-,-3,-,-,-,-,-,-,-,-,-,0,0,0,Locked
35032906,225,Flare (Ammo),★★★★★,Signal Flare,-,-,-,-,-,-,-4,-,-,-,-,-,-,-,-,-,0,0,0,Locked
35049945,190,Sp. Eq (Exclusive),★★★★★,G-box,14503266,Gr G11 Mod,20,7,-,-,-,25%,-,-,-,-,-,-,-,-,30000,10,0,Locked
35071078,4,Optical,★★★★★,VFL 6-24X56,-,-,-,-,-,-,-,-,21%,-,-,-,-,-,-,-,0,0,0,Locked
35153373,227,SNIP (Ammo),★★★★★,M1022 Sniper Rounds,149619568,Carcano M91/38,10,-,-,-,-,-,-,120,-,-,-,-,-,-,10000,10,16,Locked
35306270,44,Plate (Body),★★★★★,Type 3 Armor Plate,170516418,LTLX7000,-,-,-3,-,-,-,-,-,11,-,-,-,-,-,10000,10,1,Locked
35316955,236,Sp. Eq (Exclusive),★★★★★,Thompson's Exoskeleton,3110204,Thompson,-8,-,21,-,-,-,-,-,-,-,-,-,-,-,1,0,0,Locked
35359875,8,EOT (Holographic),★★★★★,EOT 518,-,-,8,11,-,-,-4,-,-,-,-,-,-,-,-,-,10000,10,6,Locked
35426387,197,Sp. Eq (Exclusive),★★★★★,Mk31 Multi-functional Exoskeleton,-,-,-6,-,47,-,-,-,-,-,-,-,-,-,-,-,30000,10,0,Locked
35436446,235,Flash (Shell),★★★★★,Shotgun Flash Shells,184540560,Nova,-,8,-,-,-,-,-,-,-,-,-,-,-,-,0,0,0,Locked
35448651,4,Optical,★★★★★,VFL 6-24X56,-,-,-,-,-,-,-,-,34%,-,-,-,-,-,-,-,3600,6,0,Locked
35497262,15,PEQ (Night Equip),★★★★,PEQ-15,-,-,-,-,-,-,-,-,-,-,-,-,-,-,79%,-,0,0,0,
35497263,15,PEQ (Night Equip),★★★★,PEQ-15,-,-,-,-,-,-,-,-,-,-,-,-,-,-,79%,-,0,0,0,
35553119,229,SLAP (Ammo),★★★★★,Mk1000 SLAP,181305292,RPK-203,-,-,-,-,-5,-,-,500,-,-,-,-,-,-,10000,10,18,Locked
35594093,227,SNIP (Ammo),★★★★★,M1022 Sniper Rounds,129354367,Carcano M91/38,10,-,-,-,-,-,-,120,-,-,-,-,-,-,10000,10,16,Locked
35631092,227,SNIP (Ammo),★★★★★,M1022 Sniper Rounds,170595052,Type56R Mod,10,-,-,-,-,-,-,120,-,-,-,-,-,-,10000,10,26,Locked
35651503,72,HP (Ammo),★★★★★,ILM Hollow-Point Ammo,-,-,8,-,-,-,-,-,-,-8,-,-,-,-,-,-,0,0,0,Locked
35664383,20,AP (Ammo),★★★★★,Mk211 High-Explosive Armor-Piercing Ammo,-,-,-,-,-,-,-,-,-,113,-,-,-,-,-,-,0,0,0,Locked
35676258,237,Sp. Eq (Exclusive),★★★★★,MkV Mobility Skeleton,41784649,Grizzly,-,-,20,3,-,-,-,-,-,-,-,-,-,-,401,0,7,Locked
35703715,235,Flash (Shell),★★★★★,Shotgun Flash Shells,170516418,LTLX7000,-,9,-,-,-,-,-,-,-,-,-,-,-,-,0,0,0,Locked
35709295,231,Birdshot (Shell),★★★★★,#7.5 Birdshot,-,-,-,-,-,-,6,-13%,-,-,-,-,-,-,-,-,0,0,0,Locked
35739885,12,Red Dot,★★★★★,ITI MARS,-,-,-,12,-,-,-3,-,-,-,-,-,-,-,-,-,0,0,0,
35989664,224,RMR (Auxiliary Sight),★★★★★,RMR T4 Red Dot Sight,-,-,-,11,-,-,-,-,15%,-,-,-,-,-,-,-,0,0,2,Locked
36150355,8,EOT (Holographic),★★★★★,EOT 518,-,-,4,8,-,-,-4,-,-,-,-,-,-,-,-,-,0,0,0,
36163223,8,EOT (Holographic),★★★★★,EOT 518,-,-,4,7,-,-,-5,-,-,-,-,-,-,-,-,-,0,0,0,
36188386,235,Flash (Shell),★★★★★,Shotgun Flash Shells,-,-,-,10,-,-,-,-,-,-,-,-,-,-,-,-,0,0,0,Locked
36537511,234,Chip (Body),★★★★★,#2 Processor,-,-,8,-,-,-,13,-50%,-,-,-,-,-,-,-,-,0,0,0,Locked
36537513,72,HP (Ammo),★★★★★,ILM Hollow-Point Ammo,-,-,8,-,-,-,-,-,-,-7,-,-,-,-,-,-,0,0,0,Locked
36539329,227,SNIP (Ammo),★★★★★,M1022 Sniper Rounds,187590407,HS.50,10,-,-,-,-,-,-,120,-,-,-,-,-,-,10000,10,16,Locked
36539331,227,SNIP (Ammo),★★★★★,M1022 Sniper Rounds,145110603,Carcano M91/38,6,-,-,-,-,-,-,71,-,-,-,-,-,-,0,0,0,Locked
36604661,234,Chip (Body),★★★★★,#2 Processor,-,-,9,-,-,-,13,-50%,-,-,-,-,-,-,-,-,0,0,0,Locked
36611691,90,Cape (Body),★★★★★,Thermoptic Camouflage Cape,145110603,Carcano M91/38,-,-,-,-3,-,17%,-,-,-,-,-,-,-,-,2800,6,0,Locked
36615025,12,Red Dot,★★★★★,ITI MARS,-,-,-,11,-,-,-2,-,-,-,-,-,-,-,-,-,0,0,0,
36720447,66,Supp (Silencer),★★★★★,AC4 Suppressor,128787520,P22,-,-,6,-,-,-,14%,-,-,-,-,-,-,-,0,0,0,Locked
36744489,234,Chip (Body),★★★★★,#2 Processor,-,-,8,-,-,-,15,-50%,-,-,-,-,-,-,-,-,0,0,0,Locked
36748061,235,Flash (Shell),★★★★★,Shotgun Flash Shells,185465506,M26-MASS,-,9,-,-,-,-,-,-,-,-,-,-,-,-,0,0,0,Locked
36829176,234,Chip (Body),★★★★★,#2 Processor,-,-,8,-,-,-,12,-50%,-,-,-,-,-,-,-,-,0,0,0,Locked
36851160,32,HV (Ammo),★★★★★,APCR High-Velocity Ammo,-,-,10,-,-,-,-,-,-,-,-,-,-,-,-,-,1,0,0,
36861573,4,Optical,★★★★★,VFL 6-24X56,-,-,-,-,-,-,-,-,20%,-,-,-,-,-,-,-,0,0,0,
36861578,4,Optical,★★★★★,VFL 6-24X56,-,-,-,-,-,-,-,-,19%,-,-,-,-,-,-,-,0,0,0,
36873434,80,Slug (Shell),★★★★★,SABOT Slug,-,-,-,10,-,-,-,-,-,-,-,-,-,-,-,-,0,0,0,
36877018,231,Birdshot (Shell),★★★★★,#7.5 Birdshot,-,-,-,-,-,-,6,-15%,-,-,-,-,-,-,-,-,1,0,0,
36919124,227,SNIP (Ammo),★★★★★,M1022 Sniper Rounds,140604281,Carcano M91/38,8,-,-,-,-,-,-,110,-,-,-,-,-,-,10000,10,0,Locked
36937989,4,Optical,★★★★★,VFL 6-24X56,-,-,-,-,-,-,-,-,19%,-,-,-,-,-,-,-,0,0,0,
37024516,12,Red Dot,★★★★★,ITI MARS,-,-,-,12,-,-,-2,-,-,-,-,-,-,-,-,-,0,0,0,
37026990,12,Red Dot,★★★★★,ITI MARS,-,-,-,13,-,-,-3,-,-,-,-,-,-,-,-,-,0,0,0,
37056037,76,Buck (Shell),★★★★★,#000 Buckshot,-,-,8,-,-,-,-,11%,-,-,-,-,-,-,-,-,0,0,0,
37092470,20,AP (Ammo),★★★★★,Mk211 High-Explosive Armor-Piercing Ammo,-,-,-,-,-,-,-,-,-,114,-,-,-,-,-,-,0,0,0,
37116154,49,PEQ (Night Equip),★★★★★,16Lab Infrared Designator,-,-,-,-,-,-,-,-,-,-,-,-,-,-,100%,-,1,0,0,Locked
37132184,8,EOT (Holographic),★★★★★,EOT 518,-,-,4,7,-,-,-4,-,-,-,-,-,-,-,-,-,0,0,0,
37133631,109,Optical,★★★★★,16Lab 6-24X56,-,-,-,-,-,-,-,-,24%,-,-,-,-,-,-,-,1,0,0,Locked
37168113,110,HV (Ammo),★★★★★,16Lab High-Velocity Ammo,-,-,12,-,-,-,-,-,-,-,-,-,-,-,-,-,1,0,0,Locked
37192778,40,T Exo (Body),★★★★★,IOP T4 Exoskeleton,132406464,MP-446 Mod,-7,-,21,-,-,-,-,-,-,-,-,-,-,-,0,0,0,Locked
37215404,231,Birdshot (Shell),★★★★★,#7.5 Birdshot,-,-,-,-,-,-,6,-19%,-,-,-,-,-,-,-,-,0,0,0,
37295481,4,Optical,★★★★★,VFL 6-24X56,-,-,-,-,-,-,-,-,17%,-,-,-,-,-,-,-,0,0,0,
37325703,4,Optical,★★★★★,VFL 6-24X56,-,-,-,-,-,-,-,-,18%,-,-,-,-,-,-,-,0,0,0,
37347762,12,Red Dot,★★★★★,ITI MARS,-,-,-,13,-,-,-3,-,-,-,-,-,-,-,-,-,0,0,0,
37350644,12,Red Dot,★★★★★,ITI MARS,-,-,-,11,-,-,-2,-,-,-,-,-,-,-,-,-,0,0,0,
37360905,72,HP (Ammo),★★★★★,ILM Hollow-Point Ammo,-,-,7,-,-,-,-,-,-,-8,-,-,-,-,-,-,1,0,0,Locked
37517016,12,Red Dot,★★★★★,ITI MARS,-,-,-,13,-,-,-2,-,-,-,-,-,-,-,-,-,0,0,0,
37536022,72,HP (Ammo),★★★★★,ILM Hollow-Point Ammo,-,-,8,-,-,-,-,-,-,-9,-,-,-,-,-,-,0,0,0,
37536023,63,Supp (Silencer),★★,AC1 Suppressor,-,-,-,-,2,-,-,-,4%,-,-,-,-,-,-,-,0,0,0,
37536024,43,Plate (Body),★★★★,Type 2 Armor Plate,-,-,-,-,-1,-,-,-,-,-,4,-,-,-,-,-,0,0,0,
37536025,79,Slug (Shell),★★★★,WAD Slug,-,-,-,5,-,-,-,-,-,-,-,-,-,-,-,-,0,0,0,
37549961,229,SLAP (Ammo),★★★★★,Mk1000 SLAP,-,-,-,-,-,-,-5,-,-,243,-,-,-,-,-,-,0,0,0,Locked
37549962,233,Chip (Body),★★★★,#1 Processor,-,-,4,-,-,-,8,-50%,-,-,-,-,-,-,-,-,0,0,0,
37549963,37,T Exo (Body),★★,IOP T1 Exoskeleton,-,-,-1,-,6,-,-,-,-,-,-,-,-,-,-,-,0,0,0,
37549964,77,Slug (Shell),★★,BK Slug,-,-,-,1,-,-,-,-,-,-,-,-,-,-,-,-,0,0,0,
37551218,17,AP (Ammo),★★,M61 Armor-Piercing Ammo,-,-,-,-,-,-,-,-,-,46,-,-,-,-,-,-,0,0,0,
37551219,18,AP (Ammo),★★★,M993 Armor-Piercing Ammo,-,-,-,-,-,-,-,-,-,69,-,-,-,-,-,-,0,0,0,
37551220,17,AP (Ammo),★★,M61 Armor-Piercing Ammo,-,-,-,-,-,-,-,-,-,50,-,-,-,-,-,-,0,0,0,
37551221,17,AP (Ammo),★★,M61 Armor-Piercing Ammo,-,-,-,-,-,-,-,-,-,46,-,-,-,-,-,-,0,0,0,
37572531,19,AP (Ammo),★★★★,Mk169 Armor-Piercing Ammo,-,-,-,-,-,-,-,-,-,93,-,-,-,-,-,-,0,0,0,
37572532,17,AP (Ammo),★★,M61 Armor-Piercing Ammo,-,-,-,-,-,-,-,-,-,47,-,-,-,-,-,-,0,0,0,
37572533,17,AP (Ammo),★★,M61 Armor-Piercing Ammo,-,-,-,-,-,-,-,-,-,48,-,-,-,-,-,-,0,0,0,
37572534,17,AP (Ammo),★★,M61 Armor-Piercing Ammo,-,-,-,-,-,-,-,-,-,48,-,-,-,-,-,-,0,0,0,
37572535,222,RMR (Auxiliary Sight),★★★,RMR Red Dot Sight,-,-,-,3,-,-,-,-,5%,-,-,-,-,-,-,-,0,0,0,
37572536,6,EOT (Holographic),★★★,EOT 512,-,-,1,2,-,-,-2,-,-,-,-,-,-,-,-,-,0,0,0,
37572537,89,Cape (Body),★★★★,Urban Camouflage Cape,-,-,-,-,-,-3,-,9%,-,-,-,-,-,-,-,-,0,0,0,
37572538,222,RMR (Auxiliary Sight),★★★,RMR Red Dot Sight,-,-,-,3,-,-,-,-,5%,-,-,-,-,-,-,-,0,0,0,
37572539,57,X Exo (Body),★★★★,IOP X3 Exoskeleton,-,-,-,-,6,-,-,-,-,-,-,-,-,-,-,-,0,0,0,
37585311,232,Chip (Body),★★★,Experimental Processor,-,-,2,-,-,-,4,-50%,-,-,-,-,-,-,-,-,0,0,0,
37585312,14,PEQ (Night Equip),★★★,PEQ-5,-,-,-,-,-,-,-,-,-,-,-,-,-,-,65%,-,0,0,0,
37585313,233,Chip (Body),★★★★,#1 Processor,-,-,4,-,-,-,8,-50%,-,-,-,-,-,-,-,-,0,0,0,
37585314,64,Supp (Silencer),★★★,AC2 Suppressor,169895522,PPK,-,-,3,-,-,-,6%,-,-,-,-,-,-,-,0,0,0,
37594595,18,AP (Ammo),★★★,M993 Armor-Piercing Ammo,-,-,-,-,-,-,-,-,-,67,-,-,-,-,-,-,0,0,0,
37594596,18,AP (Ammo),★★★,M993 Armor-Piercing Ammo,-,-,-,-,-,-,-,-,-,67,-,-,-,-,-,-,0,0,0,
37594597,17,AP (Ammo),★★,M61 Armor-Piercing Ammo,-,-,-,-,-,-,-,-,-,49,-,-,-,-,-,-,0,0,0,
37594598,17,AP (Ammo),★★,M61 Armor-Piercing Ammo,-,-,-,-,-,-,-,-,-,48,-,-,-,-,-,-,0,0,0,
37594599,42,Plate (Body),★★★,Type 1 Armor Plate,-,-,-,-,-1,-,-,-,-,-,3,-,-,-,-,-,0,0,0,
37594600,6,EOT (Holographic),★★★,EOT 512,-,-,1,2,-,-,-2,-,-,-,-,-,-,-,-,-,0,0,0,
37594601,14,PEQ (Night Equip),★★★,PEQ-5,-,-,-,-,-,-,-,-,-,-,-,-,-,-,63%,-,0,0,0,
37594602,3,Optical,★★★★,PSO-1,-,-,-,-,-,-,-,-,13%,-,-,-,-,-,-,-,0,0,0,
37594603,64,Supp (Silencer),★★★,AC2 Suppressor,181911131,Webley,-,-,3,-,-,-,6%,-,-,-,-,-,-,-,0,0,0,
37594604,7,EOT (Holographic),★★★★,EOT 516,-,-,2,3,-,-,-3,-,-,-,-,-,-,-,-,-,0,0,0,
37596332,229,SLAP (Ammo),★★★★★,Mk1000 SLAP,-,-,-,-,-,-,-5,-,-,243,-,-,-,-,-,-,1,0,0,Locked
37596965,217,Sp. Eq (Exclusive),★★★★★,SB 2.5-10x56,-,-,3,-,-,-,-,-,25%,-,-,-,-,-,-,-,1,0,0,Locked
37606322,6,EOT (Holographic),★★★,EOT 512,-,-,1,2,-,-,-2,-,-,-,-,-,-,-,-,-,0,0,0,
37606323,15,PEQ (Night Equip),★★★★,PEQ-15,-,-,-,-,-,-,-,-,-,-,-,-,-,-,81%,-,0,0,0,
37606324,11,Red Dot,★★★★,COG M150,-,-,-,8,-,-,-2,-,-,-,-,-,-,-,-,-,0,0,0,
37606325,233,Chip (Body),★★★★,#1 Processor,-,-,4,-,-,-,9,-50%,-,-,-,-,-,-,-,-,0,0,0,
37606326,38,T Exo (Body),★★★,IOP T2 Exoskeleton,-,-,-3,-,10,-,-,-,-,-,-,-,-,-,-,-,0,0,0,
37606327,6,EOT (Holographic),★★★,EOT 512,-,-,1,2,-,-,-2,-,-,-,-,-,-,-,-,-,0,0,0,
37606328,10,Red Dot,★★★,AMP COMPM4,-,-,-,4,-,-,-1,-,-,-,-,-,-,-,-,-,0,0,0,
37606329,11,Red Dot,★★★★,COG M150,-,-,-,8,-,-,-2,-,-,-,-,-,-,-,-,-,0,0,0,
37616389,87,Cape (Body),★★,Ragged Cape,-,-,-,-,-,-3,-,3%,-,-,-,-,-,-,-,-,0,0,0,
37616390,88,Cape (Body),★★★,Camouflage Cape,-,-,-,-,-,-3,-,5%,-,-,-,-,-,-,-,-,0,0,0,
37616391,89,Cape (Body),★★★★,Urban Camouflage Cape,-,-,-,-,-,-3,-,8%,-,-,-,-,-,-,-,-,0,0,0,
37616392,90,Cape (Body),★★★★★,Thermoptic Camouflage Cape,138844426,M200,-,-,-,-3,-,21%,-,-,-,-,-,-,-,-,2800,6,10,
37620028,87,Cape (Body),★★,Ragged Cape,-,-,-,-,-,-3,-,3%,-,-,-,-,-,-,-,-,0,0,0,
37620029,88,Cape (Body),★★★,Camouflage Cape,-,-,-,-,-,-3,-,5%,-,-,-,-,-,-,-,-,0,0,0,
37620030,87,Cape (Body),★★,Ragged Cape,-,-,-,-,-,-3,-,3%,-,-,-,-,-,-,-,-,0,0,0,
37620031,87,Cape (Body),★★,Ragged Cape,-,-,-,-,-,-3,-,3%,-,-,-,-,-,-,-,-,0,0,0,
37643619,37,T Exo (Body),★★,IOP T1 Exoskeleton,-,-,-1,-,6,-,-,-,-,-,-,-,-,-,-,-,0,0,0,
37643620,39,T Exo (Body),★★★★,IOP T3 Exoskeleton,-,-,-5,-,14,-,-,-,-,-,-,-,-,-,-,-,0,0,0,
37643621,55,X Exo (Body),★★,IOP X1 Exoskeleton,-,-,-,-,2,-,-,-,-,-,-,-,-,-,-,-,0,0,0,
37643622,37,T Exo (Body),★★,IOP T1 Exoskeleton,-,-,-1,-,6,-,-,-,-,-,-,-,-,-,-,-,0,0,0,
