Area ID,Area Name,Battle Type,Echelon,Preset
1014,Ele.4,Day,1,MXwyMDA1NS05LTQtMzItOTk7MjAxMjItOC00LTMyLTE5MDsyMDA2NS03LTEwNi0zNTYtMTU5OzIwMTE0LTE0LTMwNS03Mi0yMTM7MTgzLTEzLTIyNC0yMC0zNTd8MA==
1014,Ele.4,Day,2,MXwyMDA1Ny05LTEwMC0zMzgtNjA7MjAwNTYtOC00LTEyNi0zMjsyMDAwOC03LTE4MC0yMzgtMzUxOzIwMDk3LTE0LTIyNC03Mi01ODsyMDI5My0xMy0xMi0zMi0yMzR8MA==
1014,Ele.4,Day,3,MXwyMDIwNS05LTgtMzItMjM0OzI0Mi04LTI3OC03Mi01ODsyMDAxMC03LTIyNC03Mi0zNTU7MjEzLTE0LTIzNC0yMC0xMjsyMDAwMS0xMy0xMjItNzItNDB8MA==
1014,Ele.4,Day,4,MXw1NC05LTMyLTQ0LTkxOzIwMTE1LTgtMTk3LTcyLTEyOzI5NC03LTMwNS03Mi00MDs5Ni0xNC0yMjQtNzItMjM3OzE0Mi0xMy0zMzItNzItNTh8MA==
1014,Ele.4,Day,5,MXw0LTktMjI0LTI3MS01ODsxMjYtOC0xOTgtNzItNTg7MjA2LTctOC0zMi0yMzQ7MjAyMTItMTQtMjI0LTcyLTU4OzEwMTctMTMtMzA1LTcyLTQwfDA=
1014,Ele.4,Day,6,MXw3My05LTgtMzItMjM0OzI1MC04LTIyNC03Mi01ODszNzgtNy0xMi0zMTctMjM0OzIwMTcxLTE0LTEyLTMyLTIzNDsyMDAwNy0xMy0yMjQtNzItNDB8MA==
1014,Ele.4,Day,7,MXwzNjEtOS0xMi0zMi0yMzQ7MTAyNy04LTQtMzItMTg0OzIwMTQzLTctMjM0LTcyLTEyOzIzMy0xNC0yNjYtNzItNTg7MjcyLTEzLTMwNS03Mi00MHww
1014,Ele.4,Day,8,MXwzMDMtOS0zMDUtNzItNDA7MjAxMDMtOC05Mi0zNTgtNDsyMDAwNS03LTMwNS03Mi00MDsyMDEwNC0xNC0yMzQtNzItMTI7MjM2LTEzLTgtMzItMjM0fDA=
1014,Ele.4,Day,9,MXwyMDA2MC05LTgtMzItMjM0OzYyLTgtNC0zMi0xMjc7MjAwMjYtNy02Mi0zNDgtODsxOTYtMTQtMTItMzItMjM0OzEyOS0xMy04LTMyLTIzNHww
1014,Ele.4,Day,10,MXwxMDYtOS04LTMyLTIzNDszMzEtOC0zMDUtNzItNDA7MjQ1LTctNDAtNzItMjc3OzI4NS0xNC0zMDUtNzItNTg7MjAwOTEtMTMtMzA1LTcyLTQwfDA=
1014,Ele.4,Day,11,MXwzNTctOS0zMDUtNzItNDA7MTcyLTgtMTY5LTMyLTIzNDsxMTgtNy00LTMyLTI0ODsxMDA5LTE0LTMwNS03Mi00MDsxNi0xMy0yMzYtNzItOHww
1014,Ele.4,Day,12,MXwyNjAtOS0zMDUtNzItNTg7Mzc1LTgtMzA1LTcyLTU4OzIyOC03LTQwLTcyLTE2ODsyMTYtMTQtOC0zMi0yMzQ7MzU0LTEzLTMwNS03Mi00MHww
1014,Ele.4,Day,13,MXwzNzktOS0zMDUtNzItNDA7MTM1LTgtMjM0LTk1LTg7MTk0LTctOC0zMi0yMzQ7OTktMTQtMzA1LTk1LTQwOzM3MC0xMy0zMDUtOTUtNDB8MA==
1014,Ele.4,Day,14,MXwyMTUtOS0xNzUtMzItNDA7MjAwNDYtOC0yMC0xMDUtMjk3OzIwMDk0LTctMjE4LTM0My0xMDM7MjAwMDItMTQtMzA1LTIyNS00MDsyMDIyMS0xMy0zMDUtMjI1LTQwfDA=
1014,Ele.4,Day,15,MXwyMDEwMS05LTQwLTIyNS04OzI3NC04LTQtMTEwLTMwOTsxMjctNy00MC0xODItODsyMDEyNS0xNC0yMzktMTMyLTY4OzM0MS0xMy00MC0yMjUtOHww
1014,Ele.4,Day,16,MXwyMzQtOS00MC0yMjUtODsyNDQtOC02Ni0yMjUtNTg7MjAwMzItNy01OC0yMjUtODsyMjAtMTQtNjYtMjI1LTU4OzI0My0xMy00LTExMC01OHww
1014,Ele.4,Day,17,MXwyMTQtOS00LTExMC0zMDk7MzU4LTgtNjYtMjI1LTU4OzM4Mi03LTQtMTEwLTU4OzIwLTE0LTU4LTIyNS04OzEwMjgtMTMtMjAxLTIwMC04fDA=
1014,Ele.4,Day,18,MXwyMDA5NS05LTIyMS0xNTgtMzY1OzEwMjMtOC01OC0yMjUtNjY7MjAwNTAtNy0yMC0xNjAtOTA7MzExLTE0LTU4LTIyNS02NjsyMDA1My0xMy0xNzAtNC05MHww
1014,Ele.4,Day,19,MXwyMDI1Mi05LTE3OC00LTkwOzI4LTgtNTgtMjI1LTY2OzIwMDM3LTctMjAtMTI5LTkwOzEzMC0xNC00LTMwLTMwOTszNjMtMTMtMzktMjI1LTY2fDA=
1014,Ele.4,Day,20,MXwyNTEtOS0zOS0yMjUtNjY7MzY0LTgtMzktMjI1LTY2OzIwMjAwLTctMjAtNC05MDsyMDI4Mi0xNC0zMzYtNzYtMzA4OzEwMzEtMTMtMjAtNC0yNTR8MA==
1014,Ele.4,Day,21,MXwyNjYtOS0yMC00LTkwOzM3Ny04LTMxOC00LTkwOzEwMjQtNy0yMC00LTE4MzszNDgtMTQtMjAtNC05MDsxOTgtMTMtMjAtNC05MHww
1014,Ele.4,Day,22,MXwxMzYtOS0zOS0yMjUtNjY7Mzc0LTgtMjI5LTQtNjg7NDgtNy0yMC0yMTctOTA7MjkyLTE0LTIyOS00LTY4OzI4Ni0xMy0zOS0yMjUtNjZ8MA==
1014,Ele.4,Day,23,MXwxMDMzLTktMjI5LTI1Mi02ODsyOTYtOC0yMC00LTkwOzI2MS03LTIwLTQtOTA7NjQtMTQtNC0wLTMwOTszMTYtMTMtMjAtNC05MHww
1014,Ele.4,Day,24,MXwzMjktOS0yMC00LTkwOzE3My04LTIyOS00LTY4OzMzOS03LTIyOS0xMDktNjg7MjU3LTE0LTIwLTEwOS05MDsyMjktMTMtMzY0LTc2LTMwOHww
1014,Ele.4,Day,25,MXwzMjMtOS00NC03Ni0zMDg7MjAwNDktOC0yMC02Ni05MDsyMDE1OS03LTI0MC04MC0xNDsxODgtMTQtNDQtODAtMTQ7Mjc3LTEzLTY2LTAtNTd8MA==
1014,Ele.4,Day,26,MXwzODctOS00NC03Ni0xNDsxOTctOC0yMC02Ni05MDsyNzAtNy0yMTEtNjYtOTA7MjAxLTE0LTIwLTY2LTkwOzE0OC0xMy0yMC02Ni05MHww
1014,Ele.4,Day,27,MXwzNjYtOS00NC04MC0xNTsyMDE1NC04LTQ0LTgwLTE1OzM1MC03LTQ0LTgwLTE2OzMzNy0xNC0yMC02Ni05MDszNTItMTMtNDQtMjM1LTE2fDA=
1014,Ele.4,Day,28,MXwzNTEtOS00NC0yMzUtMTY7MzAyLTgtNDQtMjM1LTE2OzE3OS03LTIwLTY2LTkwOzI1My0xNC0yMjktMC02ODszNDUtMTMtMjI5LTAtNjh8MA==
1014,Ele.4,Day,29,MXwxNTctOS00NC0yMzUtMTY7MjAwODEtOC0yMjktMC02ODsxMTItNy0yMjktMC02ODsyMzgtMTQtMjI5LTAtNjg7MTY0LTEzLTQ0LTIzNS0xNnww
1014,Ele.4,Day,30,MXwzNi05LTIwLTY2LTkwOzE2Mi04LTQ0LTIzNS0xNjsxMDI1LTctNDQtMjM1LTE2OzI1Ni0xNC0yMjctNjYtOTA7MzA2LTEzLTY2LTAtMHww
1014,Ele.4,Day,31,MXwyNzYtOS0yMjctMC02ODsxMDktOC0yMjctMC02ODszODEtNy0yMjctNjYtMDsyNzUtMTQtMjI3LTAtNjg7MTY2LTEzLTY1LTAtMHww
1014,Ele.4,Day,32,MXw3NS05LTIyNy0wLTY4OzE1Ni04LTQ0LTIzNS0wOzExOS03LTAtMC0wOzEwMjktMTQtMjAyLTIwMy0zMDk7NjktMTMtMC0wLTB8MA==
1014,Ele.4,Day,33,MXwzMzMtOS0wLTAtMDsyMzctOC0wLTAtMDsyNy03LTAtMC0wOzM1Ni0xNC0wLTAtMDszMzgtMTMtNjYtMC0zMDl8MA==
1014,Ele.4,Day,34,MXwzNTMtOS00Mi0wLTA7MzktOC0wLTAtMDsyMjYtNy0wLTAtMDs1OS0xNC0wLTAtMDs1MS0xMy0wLTAtMHww
1014,Ele.4,Day,35,MXwxMjEtOS0wLTAtMDsxNjMtOC0wLTAtMDszNjgtNy0wLTAtMDsxNC0xNC0wLTAtMDsxMS0xMy0wLTAtMHww
1014,Ele.4,Day,36,MXwzMjYtOS0wLTAtMDszODMtOC0wLTAtMDszLTctMC0wLTA7MTMtMTQtMC0wLTA7MTM5LTEzLTAtMC0wfDA=
1014,Ele.4,Day,37,MXwxNDEtOS0wLTAtMDs5LTgtMC0wLTA7OTAtNy0wLTAtMDszMS0xNC0wLTAtMDs5Mi0xMy0wLTAtMHww
1014,Ele.4,Day,38,MXwxNy05LTAtMC0wOzI1LTgtMC0wLTA7MjEtNy0wLTAtMDsxOC0xNC0wLTAtMDsxMDctMTMtMC0wLTB8MA==
1014,Ele.4,Day,39,MXwyNC05LTAtMC0wOzYzLTgtMC0wLTA7NzQtNy0wLTAtMDs3MS0xNC0wLTAtMDs5My0xMy0wLTAtMHww
1014,Ele.4,Day,40,MXwxMzMtOS0wLTAtMDs2OC04LTAtMC0wOzMzNC03LTAtMC0wOzIzMC0xNC0wLTAtMDsyODEtMTMtMC0wLTB8MA==
1014,Ele.4,Day,41,MXwxNTItOS0wLTAtMDszNC04LTAtMC0wOzUyLTctMC0wLTA7MzA1LTE0LTAtMC0wOzQ0LTEzLTAtMC0wfDA=
1014,Ele.4,Day,42,MXw0MS05LTAtMC0wOzQwLTgtMC0wLTA7NDctNy0wLTAtMDsxNDUtMTQtMC0wLTA7MTExLTEzLTAtMC0wfDA=
1014,Ele.4,Day,43,MXwxMTAtOS0wLTAtMDs4Ny04LTAtMC0wOzgyLTctMC0wLTB8MA==
1018,Ele.8,Day,1,MXwyMDA1NS05LTQtMzItOTk7MjAxMjUtOC0yMzktMTMyLTY4OzIwMTIyLTctNC0zMi0xOTA7MjAwNjUtMTQtMTA2LTM1Ni0xNTk7NzMtMTMtOC0zMi0yMzR8MA==
1018,Ele.8,Day,2,MXwyMDA1Ny05LTEwMC0zMzgtNjA7MjAwNTYtOC00LTEyNi0zMjs2Mi03LTQtMzItMTI3OzIwMjkzLTE0LTEyLTMyLTIzNDsyMDIwNS0xMy04LTMyLTIzNHww
1018,Ele.8,Day,3,MXwzNzQtOS0yMjktMjI0LTY4OzU0LTgtMzItNDQtOTE7ODUtNy0yMjktMjI0LTY4OzI5Mi0xNC0yMjktMjI0LTY4OzIwNi0xMy04LTMyLTIzNHww
1018,Ele.8,Day,4,MXwxNzMtOS0yMjktMjI0LTY4OzM3OC04LTEyLTMxNy0yMzQ7MjAxNzEtNy0xMi0zMi0yMzQ7MzYxLTE0LTEyLTMyLTIzNDsxMDI3LTEzLTQtMzItMTg0fDA=
1018,Ele.8,Day,5,MXwzMzktOS0yMjktMjI0LTY4OzEwMzMtOC0yMjktMjI0LTY4OzIzNi03LTgtMzItMjM0OzIwMDYwLTE0LTgtMzItMjM0OzM0NS0xMy0yMjktMjI0LTY4fDA=
1018,Ele.8,Day,6,MXwyNTMtOS0yMjktMjI0LTY4OzE5Ni04LTEyLTMyLTIzNDsxMDYtNy0xMi0zMi0yMzQ7MTI5LTE0LTEyLTMyLTIzNDsxNzItMTMtMTY5LTMyLTIzNHww
1018,Ele.8,Day,7,MXwxMTgtOS00LTMyLTI0ODsyMTYtOC04LTMyLTIzNDsxOTQtNy0xMi0zMi0yMzQ7Mjc0LTE0LTgtMzItMjM0OzIxNS0xMy0xMi0xMTAtMjM0fDA=
1018,Ele.8,Day,8,MXwyNDMtOS0zMDUtMTEwLTIzNDszODItOC04LTExMC0yMzQ7MjAwODEtNy0yMjktNC02ODsyMzgtMTQtMjI5LTQtNjg7MjAxMTQtMTMtMzA1LTcyLTIxM3ww
1018,Ele.8,Day,9,MXwyMTQtOS00LTExMC0zMDk7MTgzLTgtNjYtMjAtMzU3OzIwMjgyLTctMzM2LTgwLTMwNTsyMDAwOC0xNC0xODAtMjM4LTM1MTsyMDA5Ny0xMy02Ni03Mi01OHww
1018,Ele.8,Day,10,MXwxMzAtOS00LTMwLTQwOzI0Mi04LTI3OC03Mi01ODsyMDAxMC03LTMwNS03Mi0zNTU7MjAwMDEtMTQtMTIyLTcyLTQwOzMyMy0xMy00NC03Ni0zMDV8MA==
1018,Ele.8,Day,11,MXwyMDExNS05LTE5Ny03Mi04OzI5NC04LTMwNS03Mi00MDsyMjktNy0zNjQtODAtMzA1OzE0Mi0xNC0zMzItNzItNTg7MTI2LTEzLTE5OC03Mi01OHww
1018,Ele.8,Day,12,MXwxMDE3LTktMzA1LTcyLTQwOzQtOC0zMDUtMjcxLTQwOzk2LTctMzA1LTcyLTIzNzsyMDIxMi0xNC0zMDUtNzItNDA7MjAxNTktMTMtMjQwLTgwLTMwNXww
1018,Ele.8,Day,13,MXwyNTAtOS0zMDUtNzItNDA7MTg4LTgtNDQtODAtMzA1OzIwMDA3LTctMTMzLTcyLTQwOzIzMy0xNC0yNjYtNzItNTg7MjcyLTEzLTMwNS03Mi00MHww
1018,Ele.8,Day,14,MXwzMDMtOS0zMDUtNzItNDA7Mzg3LTgtNDQtNzYtMzA1OzIxMy03LTM1MC0yMC04OzY0LTE0LTMwNS0wLTQwOzIwMTAzLTEzLTkyLTM1OC00fDA=
1018,Ele.8,Day,15,MXwyMDAwNS05LTMwNS03Mi00MDsyMDE0My04LTQwLTcyLTg7MjAwMjYtNy02Mi0zNDgtODsyMDEwNC0xNC00MC03Mi04OzI0NS0xMy00MC03Mi0yNzd8MA==
1018,Ele.8,Day,16,MXwyNzYtOS0yMC04LTY4OzI4NS04LTY2LTcyLTU4OzMzMS03LTY2LTcyLTU4OzIwMDkxLTE0LTY2LTcyLTU4OzM1Ny0xMy02Ni03Mi01OHww
1018,Ele.8,Day,17,MXwxNi05LTIzNi03Mi04OzEwMDktOC02Ni03Mi01ODsyMjgtNy00MC03Mi0xNjg7MjYwLTE0LTY2LTcyLTU4OzM3NS0xMy02Ni03Mi01OHww
1018,Ele.8,Day,18,MXwzNzktOS02Ni03Mi00MDszNTQtOC02Ni03Mi00MDszNjYtNy00NC03Ni0zMDg7MzUwLTE0LTQ0LTc2LTg7OTktMTMtNjYtOTUtNDB8MA==
1018,Ele.8,Day,19,MXwxMDktOS0yMC04LTY4OzIwMTU0LTgtNDQtNzYtODszNzAtNy02Ni05NS00MDsxMTItMTQtMjAtNC02ODszNTItMTMtNDQtNzYtOHww
1018,Ele.8,Day,20,MXwyMDIyMS05LTY2LTk1LTQwOzM1MS04LTQ0LTc2LTMwODszMDItNy00NC0yMTYtMzA4OzI3NS0xNC0yMC00LTY4OzIwMDk0LTEzLTIxOC0zNDMtMTAzfDA=
1018,Ele.8,Day,21,MXwyMDEwMS05LTQwLTIyNS02NjsyMDAwMi04LTY2LTIyNS00MDszNDEtNy00MC0yMjUtNjY7MjQ0LTE0LTY2LTIyNS01ODsyMjAtMTMtNjYtMjI1LTU4fDA=
1018,Ele.8,Day,22,MXwxNTctOS00NC03Ni00OzIzNC04LTU4LTIyNS02NjszNTgtNy02Ni0yMjUtNTg7MjAwMzItMTQtNTgtMjI1LTY2OzEyNy0xMy01OC0xODItNjZ8MA==
1018,Ele.8,Day,23,MXwxNjQtOS00NC04MC00OzIwLTgtNTgtMjI1LTY2OzEwMjMtNy01OC0yMjUtNjY7MTAyOC0xNC0yMDEtMjAwLTE5OTsxNjItMTMtNDQtMjM1LTR8MA==
1018,Ele.8,Day,24,MXwzMTEtOS01OC0yMjUtNjU7MTAyNS04LTQ0LTIzNS00Ozc1LTctMjAtNC0wOzI4LTE0LTM5LTIyNS02NTszNjMtMTMtMzktMjI1LTY1fDA=
1018,Ele.8,Day,25,MXwyNTEtOS0zOS0yMjUtNjU7MzY0LTgtMzktMjI1LTY1OzEzNS03LTM5LTIyNS02NTsyMDA0Ni0xNC0yMC0xMDUtMjk3OzMwNi0xMy00LTAtMHww
1018,Ele.8,Day,26,MXwxMzYtOS01Ny0yMjUtNjU7Mjg2LTgtNTctMjI1LTY1OzIwMDk1LTctMjIxLTE1OC0zNjU7MjAwNTAtMTQtMjAtMTYwLTkwOzIwMDUzLTEzLTE3MC00LTkwfDA=
1018,Ele.8,Day,27,MXwyMDI1Mi05LTE3OC00LTkwOzIwMDM3LTgtMjAtMTI5LTkwOzIwMjAwLTctMjAtNC05MDsyNjYtMTQtMjAtNC05MDsxMDMxLTEzLTIwLTQtMjU0fDA=
1018,Ele.8,Day,28,MXwyNzctOS0xNC0wLTU3OzM3Ny04LTMxOC00LTkwOzEwMjQtNy0yMC00LTE4MzszNDgtMTQtMjAtNC05MDsxOTgtMTMtMjAtNC05MHww
1018,Ele.8,Day,29,MXw0OC05LTIwLTIxNy05MDsxNTYtOC00NC0yMzUtMDsyOTYtNy0yMC00LTkwOzI2MS0xNC0yMC0xMDktOTA7MzE2LTEzLTIwLTEwOS05MHww
1018,Ele.8,Day,30,MXwzMjktOS0yMC0wLTkwOzI1Ny04LTIwLTAtOTA7MjAwNDktNy0yMC0wLTkwOzE5Ny0xNC0yMC0wLTkwOzI3MC0xMy0yMTEtMC05MHww
1018,Ele.8,Day,31,MXwyMDEtOS0yMjctMC0zMTE7MTQ4LTgtMjI3LTAtOTA7MzM3LTctMjI3LTAtOTA7MTc5LTE0LTIyNy0wLTkwOzExOS0xMy0wLTAtMHww
1018,Ele.8,Day,32,MXwxNjYtOS02NS0wLTA7MzYtOC0yMjctMC05MDsxMDI5LTctMjAyLTIwMy0zMDk7MjU2LTE0LTIyNy0wLTkwOzY5LTEzLTAtMC0wfDA=
1018,Ele.8,Day,33,MXwyMzctOS0wLTAtMDszNTYtOC0wLTAtMDszNTMtNy00Mi0wLTA7MzM4LTE0LTE0LTAtNTc7MzgxLTEzLTIyNy0wLTB8MA==
1018,Ele.8,Day,34,MXwzMzMtOS0wLTAtMDsxMjEtOC0wLTAtMDsyNy03LTAtMC0wOzU5LTE0LTAtMC0wOzE2My0xMy0wLTAtMHww
1018,Ele.8,Day,35,MXwzOS05LTAtMC0wOzM2OC04LTAtMC0wOzMyNi03LTAtMC0wOzIyNi0xNC0wLTAtMDs1MS0xMy0wLTAtMHww
1018,Ele.8,Day,36,MXwxMDctOS0wLTAtMDs2My04LTAtMC0wOzc0LTctMC0wLTA7MzgzLTE0LTAtMC0wOzcxLTEzLTAtMC0wfDA=
1018,Ele.8,Day,37,MXwxMzMtOS0wLTAtMDs2OC04LTAtMC0wOzMtNy0wLTAtMDsxNC0xNC0wLTAtMDsxMy0xMy0wLTAtMHww
1018,Ele.8,Day,38,MXwxMS05LTAtMC0wOzEzOS04LTAtMC0wOzE0MS03LTAtMC0wOzktMTQtMC0wLTA7OTAtMTMtMC0wLTB8MA==
1018,Ele.8,Day,39,MXwyODEtOS0wLTAtMDsxNTItOC0wLTAtMDszMS03LTAtMC0wOzkyLTE0LTAtMC0wOzE3LTEzLTAtMC0wfDA=
1018,Ele.8,Day,40,MXwyNS05LTAtMC0wOzIxLTgtMC0wLTA7MTgtNy0wLTAtMDsxMTEtMTQtMC0wLTA7MjQtMTMtMC0wLTB8MA==
1018,Ele.8,Day,41,MXw5My05LTAtMC0wOzg3LTgtMC0wLTA7MTEwLTctMC0wLTA7ODItMTQtMC0wLTA7MzM0LTEzLTAtMC0wfDA=
1018,Ele.8,Day,42,MXwyMzAtOS0wLTAtMDszNC04LTAtMC0wOzUyLTctMC0wLTA7MzA1LTE0LTAtMC0wOzQ0LTEzLTAtMC0wfDA=
1018,Ele.8,Day,43,MXw0MS05LTAtMC0wOzQwLTgtMC0wLTA7NDctNy0wLTAtMDsxNDUtMTQtMC0wLTB8MA==
1024,Int.4,Day,1,MXwyMDA0Ni05LTIwLTEwNS0yOTc7MzQ4LTgtMjAtNC05MDsyMDA5NS03LTIyMS0xNTgtMzY1OzQ4LTE0LTIwLTIxNy05MDsyMDA1MC0xMy0yMC0xNjAtOTB8MA==
1024,Int.4,Day,2,MXwyMDA1My05LTE3MC00LTkwOzIwMjUyLTgtMTc4LTQtOTA7MjAwMzctNy0yMC0xMjktOTA7MjAyMDAtMTQtMjAtNC05MDsxMDMxLTEzLTIwLTQtMjU0fDA=
1024,Int.4,Day,3,MXwyNjYtOS0yMC00LTkwOzM3Ny04LTMxOC00LTkwOzEwMjQtNy0yMC00LTE4MzsxOTgtMTQtMjAtNC05MDsyOTYtMTMtMjAtNC05MHww
1024,Int.4,Day,4,MXwyNjEtOS0yMC00LTkwOzMxNi04LTIwLTQtOTA7MzI5LTctMjAtNC05MDsyNTctMTQtMjAtNC05MDsyMDA0OS0xMy0yMC00LTkwfDA=
1024,Int.4,Day,5,MXwzNi05LTIwLTQtOTA7MjAxMTQtOC0zMDUtNzItMjEzOzE5Ny03LTIwLTQtOTA7MjcwLTE0LTIxMS00LTkwOzIwMS0xMy0yMC00LTkwfDA=
1024,Int.4,Day,6,MXwyMDEyNS05LTIzOS0xMzItNjg7MTgzLTgtMjI0LTIwLTM1NzsxNDgtNy0yMC00LTkwOzMzNy0xNC0yMC00LTkwOzE3OS0xMy0yMC00LTkwfDA=
1024,Int.4,Day,7,MXwyMDI4Mi05LTMzNi04MC0zMDU7MjAwMDgtOC0xODAtMjM4LTM1MTsyMDA5Ny03LTIyNC03Mi01ODsyNDItMTQtMjc4LTcyLTU4OzIwMDEwLTEzLTIyNC03Mi0zNTV8MA==
1024,Int.4,Day,8,MXwyMDAwMS05LTEyMi03Mi00MDszMjMtOC00NC03Ni0zMDU7Mjk0LTctMzA1LTcyLTQwOzIyOS0xNC0zNjQtODAtMzA1OzI1Ni0xMy0yMC00LTkwfDA=
1024,Int.4,Day,9,MXw5Ni05LTIyNC03Mi0yMzc7MTQyLTgtMzMyLTcyLTU4OzQtNy0yMjQtMjcxLTU4OzEyNi0xNC0xOTgtNzItNTg7MjAyMTItMTMtMjI0LTcyLTU4fDA=
1024,Int.4,Day,10,MXwxMDE3LTktMzA1LTcyLTQwOzI1MC04LTIyNC03Mi01ODsyMDE1OS03LTI0MC04MC0zMDU7Mzc0LTE0LTIyOS0yMjQtNjg7MTg4LTEzLTQ0LTgwLTMwNXww
1024,Int.4,Day,11,MXwyMDAwNy05LTEzMy03Mi00MDsyMzMtOC0yNjYtNzItNTg7MjcyLTctMzA1LTcyLTQwOzMwMy0xNC0zMDUtNzItNDA7Mzg3LTEzLTQ0LTc2LTMwNXww
1024,Int.4,Day,12,MXwyMDAwNS05LTMwNS03Mi00MDszNjYtOC00NC04MC0zMDU7MjAxNTQtNy00NC0yMzUtMzA1OzM1MC0xNC00NC0yMzUtMzA1OzMzMS0xMy0zMDUtNzItNDB8MA==
1024,Int.4,Day,13,MXwzNTItOS00NC0yMzUtMzA1OzM1MS04LTQ0LTIzNS0zMDU7Mjg1LTctMzA1LTcyLTU4OzI5Mi0xNC0yMjktNC02ODsyMDA5MS0xMy02Ni03Mi01OHww
1024,Int.4,Day,14,MXwxMDMzLTktMjI5LTI1Mi02ODszNTctOC02Ni03Mi01ODsxMDA5LTctNjYtNzItNTg7MjYwLTE0LTY2LTcyLTU4OzM3NS0xMy02Ni03Mi01OHww
1024,Int.4,Day,15,MXwxNzMtOS0yMjktNC02ODszNzktOC02Ni03Mi00MDszMDItNy00NC0yMTYtMTI7MzU0LTE0LTY2LTcyLTQwOzMzOS0xMy0yMjktNC02OHww
1024,Int.4,Day,16,MXw5OS05LTY2LTcyLTQwOzM3MC04LTY2LTcyLTQwOzIwMjIxLTctNjYtNzItNDA7MjAwMDItMTQtNjYtNzItNDA7MjQ0LTEzLTY2LTcyLTQwfDA=
1024,Int.4,Day,17,MXwzNDUtOS0yMjktMTItNjg7MjUzLTgtMjI5LTEyLTY4OzI3Ni03LTIyOS0xMi02ODsxNTctMTQtNDQtNzYtMTI7MjAwODEtMTMtMjI5LTEyLTY4fDA=
1024,Int.4,Day,18,MXwyMjAtOS02Ni03Mi00MDsxMDktOC0yMjktMTItNjg7MzU4LTctNjYtOTUtNTg7MTY0LTE0LTQ0LTc2LTEyOzE2Mi0xMy00NC03Ni0xMnww
1024,Int.4,Day,19,MXwxMDI1LTktNDQtNzYtODszODEtOC0yMjctNC0wOzI3Ny03LTY2LTk1LTU4OzIwMDU1LTE0LTQtMzItOTk7MjAxMjItMTMtNC0zMi0xOTB8MA==
1024,Int.4,Day,20,MXwyMDA2NS05LTEwNi0zNTYtMTU5OzIwMTE1LTgtMTk3LTk1LTg7MjAwNTctNy0xMDAtMzM4LTYwOzIwMDU2LTE0LTEwOS0xMjYtMzI7MjM4LTEzLTIyNy0xMDktNjh8MA==
1024,Int.4,Day,21,MXwyNzUtOS0yMjctOC02ODsyMDEwMy04LTkyLTM1OC02NjsxMTItNy0yMjctOC02ODsyMDI5My0xNC04LTMyLTIzNDsyMTMtMTMtMjM0LTIyNy04fDA=
1024,Int.4,Day,22,MXwyMDAyNi05LTYyLTM0OC04Ozc1LTgtMjI3LTgtNjg7MjAyMDUtNy04LTMyLTIzNDsyMDEwNC0xNC00MC0yMjUtODsyMDE0My0xMy00MC0yMjUtOHww
1024,Int.4,Day,23,MXwxNTYtOS00NC0yMzUtMDs1NC04LTMyLTQ0LTkxOzI0NS03LTQwLTIyNS0yNzc7MjI4LTE0LTQwLTIyNS0xNjg7MTYtMTMtMjM2LTIyNS02Nnww
1024,Int.4,Day,24,MXwyMDYtOS04LTMyLTIzNDs3My04LTgtMzItMjM0OzM3OC03LTgtMzE3LTIzNDszNjEtMTQtOC0zMi0yMzQ7MjAxNzEtMTMtOC0zMi0yMzR8MA==
1024,Int.4,Day,25,MXwyMDA5NC05LTIzNC0zNDMtODsyMDEwMS04LTIzNC0yMjUtODsxMjctNy0yMzQtMTgyLTg7MTAyNy0xNC02Ni0zMi0xODQ7MzQxLTEzLTQwLTIyNS02Nnww
1024,Int.4,Day,26,MXwyMzQtOS00MC0yMjUtNjY7MjM2LTgtNjYtMzItMjM0OzIwMDYwLTctNjYtMzItMjM0OzIwMDMyLTE0LTQwLTIyNS02Njs2Mi0xMy02Ni0zMi0xMjd8MA==
1024,Int.4,Day,27,MXwxNzItOS0xNjktMzItMjM0OzEyOS04LTY2LTMyLTIzNDsxOTYtNy02NS0zMi0yMzQ7MTA2LTE0LTY1LTMyLTIzNDsyMC0xMy00MC0yMjUtNjV8MA==
1024,Int.4,Day,28,MXwyMTUtOS0xNzUtMzItMjM0OzExOC04LTY1LTMyLTI0ODsxOTQtNy02NS0zMi0yMzQ7MTAyOC0xNC0yMDEtMjAwLTE5OTsxMDIzLTEzLTU4LTIyNS02NXww
1024,Int.4,Day,29,MXwzMTEtOS01OC0yMjUtNjU7MjgtOC01OC0yMjUtNjU7MzYzLTctNTgtMjI1LTE0OzI1MS0xNC01OC0yMjUtMTQ7MzY0LTEzLTM5LTIyNS0xNHww
1024,Int.4,Day,30,MXwxMzUtOS0zOS0yMjUtMTU7Mjc0LTgtMTUtMzItNTc7MjE2LTctMTYtMTEwLTU3OzEzNi0xNC0zOS0yMjUtMTY7MjQzLTEzLTE2LTExMC0zOXww
1024,Int.4,Day,31,MXwzODItOS0xNi0xMTAtNTc7MjE0LTgtMTYtMTEwLTM5OzE2Ni03LTY1LTAtMDsyODYtMTQtNTctMC0xNjsxMzAtMTMtMTYtMzAtMzA5fDA=
1024,Int.4,Day,32,MXwzOS05LTAtMC0wOzY0LTgtMTYtMC0zMDk7MzUzLTctNDItMC0wOzIyNi0xNC0wLTAtMDs1MS0xMy0wLTAtMHww
1024,Int.4,Day,33,MXwzMDYtOS0xNi0wLTA7MTE5LTgtMC0wLTA7MzMzLTctMC0wLTA7MTIxLTE0LTAtMC0wOzE2My0xMy0wLTAtMHww
1024,Int.4,Day,34,MXwzNjgtOS0wLTAtMDsxMDI5LTgtMjAyLTIwMy0yMDQ7NjktNy0wLTAtMDsyMzctMTQtMC0wLTA7MzI2LTEzLTAtMC0wfDA=
1024,Int.4,Day,35,MXwyNy05LTAtMC0wOzM1Ni04LTAtMC0wOzMzOC03LTE2LTAtMzA5OzMzNC0xNC0wLTAtMDsyMzAtMTMtMC0wLTB8MA==
1024,Int.4,Day,36,MXwzNC05LTAtMC0wOzMwNS04LTAtMC0wOzU5LTctMC0wLTA7NDAtMTQtMC0wLTA7MzgzLTEzLTAtMC0wfDA=
1024,Int.4,Day,37,MXwzLTktMC0wLTA7MTQtOC0wLTAtMDsxMy03LTAtMC0wOzExLTE0LTAtMC0wOzEzOS0xMy0wLTAtMHww
1024,Int.4,Day,38,MXwxNDEtOS0wLTAtMDs1Mi04LTAtMC0wOzQ0LTctMC0wLTA7OS0xNC0wLTAtMDs5MC0xMy0wLTAtMHww
1024,Int.4,Day,39,MXw0MS05LTAtMC0wOzQ3LTgtMC0wLTA7MTQ1LTctMC0wLTA7MjgxLTE0LTAtMC0wOzE1Mi0xMy0wLTAtMHww
1024,Int.4,Day,40,MXwxMTEtOS0wLTAtMDszMS04LTAtMC0wOzExMC03LTAtMC0wOzg3LTE0LTAtMC0wOzgyLTEzLTAtMC0wfDA=
1024,Int.4,Day,41,MXw5Mi05LTAtMC0wOzE3LTgtMC0wLTA7MjUtNy0wLTAtMDsyNC0xNC0wLTAtMDsyMS0xMy0wLTAtMHww
1024,Int.4,Day,42,MXwxOC05LTAtMC0wOzkzLTgtMC0wLTA7NzEtNy0wLTAtMDsxMDctMTQtMC0wLTA7NjMtMTMtMC0wLTB8MA==
1024,Int.4,Day,43,MXwxMzMtOS0wLTAtMDs3NC04LTAtMC0wOzY4LTctMC0wLTB8MA==
1028,Int.8,Day,1,MXwyMDA0Ni05LTIwLTEwNS0yOTc7MjAxMTQtOC0zMDUtNzItMjEzOzE4My03LTIyNC0yMC0zNTc7MjAwMDgtMTQtMTgwLTIzOC0zNTE7MjAwOTUtMTMtMjIxLTE1OC0zNjV8MA==
1028,Int.8,Day,2,MXwyMDA5Ny05LTIyNC03Mi01ODsyODUtOC0yMjQtNzItNTg7MjAwNTAtNy0yMC0xNjAtOTA7MjAwNTMtMTQtMTcwLTQtOTA7MzU0LTEzLTIyNC03Mi01OHww
1028,Int.8,Day,3,MXwyMDI1Mi05LTE3OC00LTkwOzIwMDEwLTgtMjI0LTcyLTM1NTsyNDItNy0yNzgtNzItNTg7MjAwMzctMTQtMjAtMTI5LTkwOzIwMDAxLTEzLTEyMi03Mi00MHww
1028,Int.8,Day,4,MXwyOTQtOS0zMDUtNzItNDA7OTYtOC0yMjQtNzItMjM3OzE0Mi03LTMzMi03Mi01ODs0LTE0LTIyNC0yNzEtNTg7MjcwLTEzLTIxMS00LTkwfDA=
1028,Int.8,Day,5,MXwxMjYtOS0xOTgtNzItNTg7MjAyMTItOC0yMjQtNzItNTg7MTAxNy03LTMwNS03Mi00MDsyMDIwMC0xNC0yMC00LTkwOzEwMzEtMTMtMjAtNC0yNTR8MA==
1028,Int.8,Day,6,MXwyNjYtOS0yMC00LTkwOzM3Ny04LTMxOC00LTkwOzI1MC03LTMwNS03Mi00MDsxMDI0LTE0LTIwLTQtMTgzOzIwMDA3LTEzLTEzMy03Mi00MHww
1028,Int.8,Day,7,MXwzNDgtOS0yMC00LTkwOzIzMy04LTI2Ni03Mi01ODsyNzItNy0zMDUtNzItNDA7MTk4LTE0LTIwLTQtOTA7MzAzLTEzLTMwNS03Mi00MHww
1028,Int.8,Day,8,MXwyMDAwNS05LTMwNS03Mi00MDs0OC04LTIwLTIxNy05MDsyMDA1NS03LTQtMzItOTk7Mjk2LTE0LTIwLTQtOTA7MzMxLTEzLTMwNS03Mi00MHww
1028,Int.8,Day,9,MXwyNjEtOS0yMC00LTkwOzMxNi04LTIwLTQtOTA7MzI5LTctMjAtNC05MDsyMDA5MS0xNC0zMDUtNzItNDA7MzU3LTEzLTMwNS03Mi00MHww
1028,Int.8,Day,10,MXwxMDA5LTktMzA1LTcyLTQwOzI1Ny04LTIwLTQtOTA7MjYwLTctMzA1LTcyLTU4OzM3NS0xNC0zMDUtNzItNTg7Mzc5LTEzLTMwNS03Mi00MHww
1028,Int.8,Day,11,MXw5OS05LTMwNS03Mi00MDsyMDA0OS04LTIwLTQtOTA7MjAxMjItNy00LTMyLTE5MDszNzAtMTQtMzA1LTcyLTQwOzIwMDY1LTEzLTEwNi0zNTYtMTU5fDA=
1028,Int.8,Day,12,MXwyMDAwMi05LTMwNS03Mi00MDsyMDIyMS04LTMwNS03Mi00MDsyNDQtNy0zMDUtNzItNDA7MTk3LTE0LTIwLTQtOTA7MjAxLTEzLTIwLTQtOTB8MA==
1028,Int.8,Day,13,MXwyMDEyNS05LTIzOS0xMzItNjg7MTQ4LTgtMjAtNC05MDsyMjAtNy02Ni03Mi00MDsyMDA1Ny0xNC0xMDAtMzM4LTYwOzMzNy0xMy0yMC00LTkwfDA=
1028,Int.8,Day,14,MXwyMDA1Ni05LTQtMTI2LTMyOzM1OC04LTY2LTk1LTU4OzE3OS03LTIwLTQtOTA7MjAyOTMtMTQtMTItMzItMjM0OzIwMjA1LTEzLTgtMzItMjM0fDA=
1028,Int.8,Day,15,MXwyMTMtOS0yMzQtMjAtMTI7NTQtOC0zMi00NC05MTszNi03LTIwLTQtOTA7MjAxMTUtMTQtMTk3LTk1LTEyOzIwNi0xMy04LTMyLTIzNHww
1028,Int.8,Day,16,MXw3My05LTgtMzItMjM0OzM3OC04LTEyLTMxNy0yMzQ7MjAxNzEtNy0xMi0zMi0yMzQ7MzYxLTE0LTEyLTMyLTIzNDsxMDI3LTEzLTQtMzItMTg0fDA=
1028,Int.8,Day,17,MXwyMDE0My05LTIzNC05NS0xMjsyNTYtOC0yMjctNC05MDsyMDEwMy03LTkyLTM1OC00OzIzNi0xNC04LTMyLTIzNDsyMDA2MC0xMy04LTMyLTIzNHww
1028,Int.8,Day,18,MXw2Mi05LTQtMzItMTI3OzIwMDI2LTgtNjItMzQ4LTg7MTk2LTctMTItMzItMjM0OzEwNi0xNC0xMi0zMi0yMzQ7Mzc0LTEzLTIyOS0xMDktNjh8MA==
1028,Int.8,Day,19,MXwxMjktOS04LTMyLTIzNDsyMDEwNC04LTQwLTIyNS04OzI5Mi03LTIyOS0xMDktNjg7MTcyLTE0LTE2OS0zMi0yMzQ7MTAzMy0xMy0yMjktMjUyLTY4fDA=
1028,Int.8,Day,20,MXwyNDUtOS00MC0yMjUtMjc3OzIxNi04LTgtMzItMjM0OzE5NC03LTgtMzItMjM0OzI3NC0xNC04LTMyLTIzNDsyMjgtMTMtNDAtMjI1LTE2OHww
1028,Int.8,Day,21,MXwxNi05LTIzNi0yMjUtNjY7MjE1LTgtOC0zMi0yMzQ7MTE4LTctNjYtMTEwLTI0ODsxNzMtMTQtMjI5LTgtNjg7MjAwOTQtMTMtMjE4LTM0My0xMDN8MA==
1028,Int.8,Day,22,MXwzMzktOS0yMjktOC02ODsyMDEwMS04LTQwLTIyNS04OzEyNy03LTQwLTE4Mi04OzI3Ny0xNC02Ni0yMjUtNTg7MjUzLTEzLTIyOS04LTY4fDA=
1028,Int.8,Day,23,MXwzNDUtOS0yMjktOC02ODsyMDAzMi04LTU4LTIyNS04OzIzNC03LTU4LTIyNS02NjszNDEtMTQtNTgtMjI1LTY2OzI0My0xMy02Ni0xMTAtNTh8MA==
1028,Int.8,Day,24,MXwyMTQtOS02Ni0xMTAtNTg7MzgyLTgtNjYtMTEwLTU4OzIwLTctNTgtMjI1LTY2OzEwMjMtMTQtNTgtMjI1LTY2OzEwMjgtMTMtMjAxLTIwMC02Nnww
1028,Int.8,Day,25,MXwzMTEtOS0zOS0yMjUtNjY7MjgtOC0zOS0yMjUtNjY7MzYzLTctMzktMjI1LTY2OzIwMDgxLTE0LTIyOS0wLTY4OzI1MS0xMy0zOS0yMjUtNjZ8MA==
1028,Int.8,Day,26,MXwyMzgtOS0yMjktMC02ODsxMTItOC0yMjktMC02ODszNjQtNy0zOS0yMjUtNjY7MzgxLTE0LTIyNy02Ni0wOzEzMC0xMy02Ni0zMC01N3ww
1028,Int.8,Day,27,MXwxMzUtOS01Ny0yMjUtNjY7MTM2LTgtNTctMjI1LTY2OzY0LTctNjYtMC01NzsyODYtMTQtMzA5LTAtNjY7Mjc2LTEzLTIyNy0wLTY4fDA=
1028,Int.8,Day,28,MXwxMDktOS0yMjctMC02ODsyMDI4Mi04LTMzNi03Ni0zMDg7Mjc1LTctMjI3LTAtNjg7NzUtMTQtMjI3LTAtNjg7MTY2LTEzLTY1LTAtMHww
1028,Int.8,Day,29,MXwzMDYtOS02Ni0wLTA7MjI5LTgtMzY0LTc2LTMwODszMjMtNy00NC03Ni0zMDg7MjAxNTktMTQtMjQwLTgwLTE0OzE4OC0xMy00NC04MC0xNHww
1028,Int.8,Day,30,MXwzODctOS00NC03Ni0xNDszNjYtOC00NC04MC0xNTsyMDE1NC03LTQ0LTgwLTE1OzM1MC0xNC00NC04MC0xNjszNTItMTMtNDQtMjM1LTE2fDA=
1028,Int.8,Day,31,MXwzNTEtOS00NC0yMzUtMTY7MzAyLTgtNDQtMjM1LTE2OzE1Ny03LTQ0LTIzNS0xNjsxNjQtMTQtNDQtMjM1LTE2OzE2Mi0xMy00NC0yMzUtMTZ8MA==
1028,Int.8,Day,32,MXwxMDI1LTktNDQtMjM1LTE2OzM5LTgtMC0wLTA7MjI2LTctMC0wLTA7MTE5LTE0LTAtMC0wOzE1Ni0xMy00NC0yMzUtMHww
1028,Int.8,Day,33,MXw1MS05LTAtMC0wOzEwMjktOC0yMDItMjAzLTMwOTs2OS03LTAtMC0wOzMzMy0xNC0wLTAtMDsyMzctMTMtMC0wLTB8MA==
1028,Int.8,Day,34,MXwzNTYtOS0wLTAtMDszMzgtOC02NS0wLTMwOTsyNy03LTAtMC0wOzU5LTE0LTAtMC0wOzEyMS0xMy0wLTAtMHww
1028,Int.8,Day,35,MXwzNTMtOS00Mi0wLTA7MzgzLTgtMC0wLTA7My03LTAtMC0wOzE0LTE0LTAtMC0wOzEzLTEzLTAtMC0wfDA=
1028,Int.8,Day,36,MXwxMS05LTAtMC0wOzEzOS04LTAtMC0wOzE0MS03LTAtMC0wOzMzNC0xNC0wLTAtMDs5LTEzLTAtMC0wfDA=
1028,Int.8,Day,37,MXw5MC05LTAtMC0wOzIzMC04LTAtMC0wOzMwNS03LTAtMC0wOzM0LTE0LTAtMC0wOzUyLTEzLTAtMC0wfDA=
1028,Int.8,Day,38,MXw0NC05LTAtMC0wOzQxLTgtMC0wLTA7NDAtNy0wLTAtMDs0Ny0xNC0wLTAtMDsxNDUtMTMtMC0wLTB8MA==
1028,Int.8,Day,39,MXwxNjMtOS0wLTAtMDszNjgtOC0wLTAtMDszMS03LTAtMC0wOzMyNi0xNC0wLTAtMDs5Mi0xMy0wLTAtMHww
1028,Int.8,Day,40,MXwxNy05LTAtMC0wOzI1LTgtMC0wLTA7MjEtNy0wLTAtMDsxOC0xNC0wLTAtMDsxMDctMTMtMC0wLTB8MA==
1028,Int.8,Day,41,MXwyNC05LTAtMC0wOzYzLTgtMC0wLTA7NzQtNy0wLTAtMDs3MS0xNC0wLTAtMDs5My0xMy0wLTAtMHww
1028,Int.8,Day,42,MXwxMzMtOS0wLTAtMDs2OC04LTAtMC0wOzExMS03LTAtMC0wOzExMC0xNC0wLTAtMDs4Ny0xMy0wLTAtMHww
1028,Int.8,Day,43,MXw4Mi05LTAtMC0wOzI4MS04LTAtMC0wOzE1Mi03LTAtMC0wfDA=
1033,Adv.3,Day,1,MXwyMjktOS0zNjQtODAtMzA1OzIwMDQ2LTgtMjAtMTA1LTI5NzsyMDI4Mi03LTMzNi04MC0zMDU7MjAxMTQtMTQtMzA1LTcyLTIxMzszNTItMTMtNDQtODAtMzA1fDA=
1033,Adv.3,Day,2,MXwxODMtOS0yMjQtMjAtMzU3OzIwMDA4LTgtMTgwLTIzOC0zNTE7MjAwOTUtNy0yMjEtMTU4LTM2NTszMjMtMTQtNDQtNzYtMzA1OzIwMDk3LTEzLTIyNC03Mi01OHww
1033,Adv.3,Day,3,MXwyMDA1MC05LTIwLTE2MC05MDsyMDA1My04LTE3MC00LTkwOzMxNi03LTIwLTQtOTA7MjAxNTktMTQtMjQwLTgwLTMwNTsxODgtMTMtNDQtODAtMzA1fDA=
1033,Adv.3,Day,4,MXwyNjAtOS0yMjQtNzItNTg7MjAyNTItOC0xNzgtNC05MDszODctNy00NC03Ni0zMDU7MjAwMTAtMTQtMjI0LTcyLTM1NTsyNDItMTMtMjc4LTcyLTU4fDA=
1033,Adv.3,Day,5,MXwyMDAzNy05LTIwLTEyOS05MDsyMDAwMS04LTEyMi03Mi00MDszNjYtNy00NC0yMzUtMzA1OzIwMTU0LTE0LTQ0LTIzNS0zMDU7MzUwLTEzLTQ0LTIzNS0zMDV8MA==
1033,Adv.3,Day,6,MXwyOTQtOS0zMDUtNzItNDA7MzUxLTgtNDQtMjM1LTMwNTs5Ni03LTIyNC03Mi0yMzc7MTQyLTE0LTMzMi03Mi01ODs0LTEzLTIyNC0yNzEtNTh8MA==
1033,Adv.3,Day,7,MXwxMjYtOS0xOTgtNzItNTg7MjAyMTItOC0yMjQtNzItNTg7MTAxNy03LTMwNS03Mi00MDsyMDIwMC0xNC0yMC00LTkwOzI1MC0xMy0yMjQtNzItNTh8MA==
1033,Adv.3,Day,8,MXwxMDMxLTktMjAtNC0yNTQ7MjY2LTgtMjAtNC05MDszMDItNy00NC0yMzUtMzA1OzM3Ny0xNC0zMTgtNC05MDsxMDI0LTEzLTIwLTQtMTgzfDA=
1033,Adv.3,Day,9,MXwyMDAwNy05LTEzMy03Mi00MDszNDgtOC0yMC00LTkwOzIzMy03LTI2Ni03Mi01ODsyNzItMTQtMzA1LTcyLTQwOzE5OC0xMy0yMC00LTkwfDA=
1033,Adv.3,Day,10,MXwzMDMtOS0zMDUtNzItNDA7MjAwMDUtOC0zMDUtNzItNDA7MTU3LTctNDQtMjM1LTMwNTs0OC0xNC0yMC0yMTctOTA7MjAwNTUtMTMtNC0zMi05OXww
1033,Adv.3,Day,11,MXwyOTYtOS0yMC00LTkwOzI2MS04LTIwLTQtOTA7MzI5LTctMjAtNC05MDsyODUtMTQtNjYtNzItNTg7MzMxLTEzLTY2LTcyLTU4fDA=
1033,Adv.3,Day,12,MXwyMDA5MS05LTY2LTcyLTU4OzM1Ny04LTY2LTcyLTU4OzEwMDktNy02Ni03Mi01ODsyNTctMTQtMjAtNC05MDszNzUtMTMtNjYtNzItNTh8MA==
1033,Adv.3,Day,13,MXwyMDA0OS05LTIwLTQtOTA7Mzc5LTgtNjYtNzItNTg7MzU0LTctNjYtNzItNDA7MjAxMjItMTQtNC0zMi0xOTA7OTktMTMtNjYtNzItNDB8MA==
1033,Adv.3,Day,14,MXwyMDA2NS05LTEwNi0zNTYtMTU5OzE2NC04LTQ0LTc2LTEyOzM3MC03LTY2LTcyLTQwOzIwMjIxLTE0LTY2LTcyLTQwOzIwMDAyLTEzLTY2LTcyLTQwfDA=
1033,Adv.3,Day,15,MXwxOTctOS0yMC00LTkwOzI3MC04LTIxMS00LTkwOzI0NC03LTY2LTcyLTQwOzIwMS0xNC0yMC00LTkwOzIwMTI1LTEzLTIzOS0xMzItNjh8MA==
1033,Adv.3,Day,16,MXwxNjItOS00NC03Ni0xMjsxNDgtOC0yMC00LTkwOzIyMC03LTY2LTcyLTQwOzIwMDU3LTE0LTEwMC0zMzgtNjA7MTAyNS0xMy00NC03Ni0xMnww
1033,Adv.3,Day,17,MXwzMzctOS0yMC00LTkwOzIwMDU2LTgtNC0xMjYtMzI7MzU4LTctNjYtOTUtNTg7MTc5LTE0LTIwLTQtOTA7MjAyOTMtMTMtMTItMzItMjM0fDA=
1033,Adv.3,Day,18,MXwyMDIwNS05LTgtMzItMjM0OzIxMy04LTIzNC0yMC0xMjs1NC03LTMyLTQ0LTkxOzM2LTE0LTIwLTQtOTA7MjAxMTUtMTMtMTk3LTk1LTEyfDA=
1033,Adv.3,Day,19,MXwyMDYtOS04LTMyLTIzNDs3My04LTgtMzItMjM0OzM3OC03LTEyLTMxNy0yMzQ7MjAxNzEtMTQtMTItMzItMjM0OzM2MS0xMy0xMi0zMi0yMzR8MA==
1033,Adv.3,Day,20,MXwxMDI3LTktNC0zMi0xODQ7MjU2LTgtMjI3LTQtOTA7MjAxMDMtNy05Mi0zNTgtNDsyMzYtMTQtOC0zMi0yMzQ7MjAxNDMtMTMtMjM0LTk1LTh8MA==
1033,Adv.3,Day,21,MXwyMDA2MC05LTgtMzItMjM0OzYyLTgtNC0zMi0xMjc7MjAwMjYtNy02Mi0zNDgtODsxOTYtMTQtOC0zMi0yMzQ7Mzc0LTEzLTIyOS0xMDktNjh8MA==
1033,Adv.3,Day,22,MXwxMjktOS04LTMyLTIzNDsxMDYtOC04LTMyLTIzNDsyMDEwNC03LTQwLTIyNS04OzI5Mi0xNC0yMjktMTA5LTY4OzE3Mi0xMy0xNjktMzItMjM0fDA=
1033,Adv.3,Day,23,MXwxMDMzLTktMjI5LTI1Mi02ODsyNDUtOC00MC0yMjUtMjc3OzIxNi03LTgtMzItMjM0OzE5NC0xNC04LTMyLTIzNDsyNzQtMTMtOC0zMi0yMzR8MA==
1033,Adv.3,Day,24,MXwyMjgtOS00MC0yMjUtMTY4OzE2LTgtMjM2LTIyNS02NjsyMTUtNy04LTMyLTIzNDsxMTgtMTQtNjYtMTEwLTI0ODsxNzMtMTMtMjI5LTgtNjh8MA==
1033,Adv.3,Day,25,MXwyMDA5NC05LTIxOC0zNDMtMTAzOzMzOS04LTIyOS04LTY4OzIwMTAxLTctNDAtMjI1LTg7MTI3LTE0LTQwLTE4Mi04OzI3Ny0xMy02Ni0yMjUtNDB8MA==
1033,Adv.3,Day,26,MXwzNDEtOS00MC0yMjUtNjY7MjM0LTgtNDAtMjI1LTY2OzIwMDMyLTctNDAtMjI1LTY2OzIwLTE0LTQwLTIyNS02NjsyNDMtMTMtNjYtMTEwLTU4fDA=
1033,Adv.3,Day,27,MXwyMTQtOS02Ni0xMTAtNTg7MzgyLTgtNjYtMTEwLTU4OzE1Ni03LTQ0LTIzNS0wOzEwMjgtMTQtMjAxLTIwMC0xOTk7MTAyMy0xMy01OC0yMjUtNjV8MA==
1033,Adv.3,Day,28,MXwzMTEtOS0zOS0yMjUtNjU7MjUzLTgtMjI5LTAtNjg7MzQ1LTctMjI5LTAtNjg7MjAwODEtMTQtMjI5LTAtNjg7MjgtMTMtMzktMjI1LTY1fDA=
1033,Adv.3,Day,29,MXwyMzgtOS0yMjktMC02ODsxMTItOC0yMjktMC02ODszNjMtNy0zOS0yMjUtNjU7MjUxLTE0LTM5LTIyNS02NTszNjQtMTMtMzktMjI1LTY1fDA=
1033,Adv.3,Day,30,MXwzODEtOS0yMjctNjUtMDsxMzAtOC02NS0zMC01NzsxMzUtNy01Ny0yMjUtMTQ7MTM2LTE0LTU3LTIyNS0xNDs2NC0xMy0xNC0wLTU3fDA=
1033,Adv.3,Day,31,MXwyODYtOS0zMDktMC0xNTsyNzYtOC0yMjctMC02ODsxMDktNy0yMjctMC02ODsyNzUtMTQtMjI3LTAtNjg7NzUtMTMtMjI3LTAtNjh8MA==
1033,Adv.3,Day,32,MXwxNjYtOS02NS0wLTA7MzUzLTgtNDItMC0wOzMwNi03LTE1LTAtMDszOS0xNC0wLTAtMDsyMjYtMTMtMC0wLTB8MA==
1033,Adv.3,Day,33,MXwxMTktOS0wLTAtMDs1MS04LTAtMC0wOzEwMjktNy0yMDItMjAzLTMwOTs2OS0xNC0wLTAtMDszMzMtMTMtMC0wLTB8MA==
1033,Adv.3,Day,34,MXwyMzctOS0wLTAtMDszNTYtOC0wLTAtMDsyNy03LTAtMC0wOzE2My0xNC0wLTAtMDszMzgtMTMtMTYtMC0zMDl8MA==
1033,Adv.3,Day,35,MXwzNjgtOS0wLTAtMDszMjYtOC0wLTAtMDs1OS03LTAtMC0wOzEyMS0xNC0wLTAtMDszODMtMTMtMC0wLTB8MA==
1033,Adv.3,Day,36,MXwzLTktMC0wLTA7MTQtOC0wLTAtMDsxMy03LTAtMC0wOzExLTE0LTAtMC0wOzEzOS0xMy0wLTAtMHww
1033,Adv.3,Day,37,MXwxNDEtOS0wLTAtMDszMzQtOC0wLTAtMDs5LTctMC0wLTA7OTAtMTQtMC0wLTA7MjgxLTEzLTAtMC0wfDA=
1033,Adv.3,Day,38,MXwxNTItOS0wLTAtMDsyMzAtOC0wLTAtMDszMDUtNy0wLTAtMDszNC0xNC0wLTAtMDs1Mi0xMy0wLTAtMHww
1033,Adv.3,Day,39,MXw0NC05LTAtMC0wOzQxLTgtMC0wLTA7NDAtNy0wLTAtMDs0Ny0xNC0wLTAtMDsxNDUtMTMtMC0wLTB8MA==
1033,Adv.3,Day,40,MXwzMS05LTAtMC0wOzkyLTgtMC0wLTA7MTctNy0wLTAtMDsyNS0xNC0wLTAtMDsyMS0xMy0wLTAtMHww
1033,Adv.3,Day,41,MXwxOC05LTAtMC0wOzEwNy04LTAtMC0wOzI0LTctMC0wLTA7NjMtMTQtMC0wLTA7NzQtMTMtMC0wLTB8MA==
1033,Adv.3,Day,42,MXw3MS05LTAtMC0wOzkzLTgtMC0wLTA7MTMzLTctMC0wLTA7NjgtMTQtMC0wLTA7MTExLTEzLTAtMC0wfDA=
1033,Adv.3,Day,43,MXwxMTAtOS0wLTAtMDs4Ny04LTAtMC0wOzgyLTctMC0wLTB8MA==
1036,Adv.6,Night,1,MXwyMDA1NS05LTE2LTMyLTk5OzIwMDY1LTgtMTYtMzU2LTE1OTsyMDEyMi03LTE2LTMyLTE5MDsyMDI5My0xNC0xNi0zMi0yMzQ7MjAyMDUtMTMtMTYtMzItMjM0fDA=
1036,Adv.6,Night,2,MXwyMDA1Ni05LTE2LTEyNi0zMjsyMDExNS04LTE5Ny03Mi0xNjsyMDA1Ny03LTE2LTMzOC02MDsyMDYtMTQtMTYtMzItMjM0OzczLTEzLTE2LTMyLTIzNHww
1036,Adv.6,Night,3,MXwzNzgtOS0xNi0zMTctMjM0OzIwMTcxLTgtMTYtMzItMjM0OzM2MS03LTE2LTMyLTIzNDsxMDI3LTE0LTE2LTMyLTIzNDsyMDEwMy0xMy05Mi0zNTgtMTZ8MA==
1036,Adv.6,Night,4,MXwyMDAyNi05LTYyLTM0OC0xNjsyMzYtOC0xNi0zMi0yMzQ7MjAwNjAtNy0xNi0zMi0yMzQ7MjAxNDMtMTQtNDAtNzItMTY7MjAxMDQtMTMtNDAtNzItMTZ8MA==
1036,Adv.6,Night,5,MXwxMjktOS0xNi0zMi0yMzQ7MTk2LTgtMTYtMzItMjM0OzIxMy03LTM1MC0yMC0xNjsxMDYtMTQtMTYtMzItMjM0OzU0LTEzLTMyLTQ0LTkxfDA=
1036,Adv.6,Night,6,MXwxNi05LTIzNi03Mi0xNjs2Mi04LTE2LTMyLTEyNzsyMjgtNy00MC0yMjUtMTY4OzE3Mi0xNC0xNi0zMi0yMzQ7MjE2LTEzLTE2LTMyLTIzNHww
1036,Adv.6,Night,7,MXwyNzQtOS0xNi0zMi0yMzQ7MzYzLTgtNDAtNzItMTY7MTk0LTctMTYtMzItMjM0OzI1MS0xNC00MC03Mi0xNjsyNDUtMTMtNDAtNzItMTZ8MA==
1036,Adv.6,Night,8,MXwyMTUtOS00OS0zMi0yMzQ7MzY0LTgtNDAtMjI1LTMwNTsyNDMtNy0xNS0xMTAtMjM0OzIwMTAxLTE0LTQwLTcyLTE1OzM0MS0xMy00MC0yMjUtMzA1fDA=
1036,Adv.6,Night,9,MXwyMzQtOS00MC03Mi0xNDsyMDA5NC04LTIxOC0zNDMtMTQ7MjAwMzItNy00MC03Mi0xNDszMTEtMTQtNDAtMjI1LTMwNTsyMC0xMy00MC0yMjUtMzA1fDA=
1036,Adv.6,Night,10,MXwxMjctOS00MC0yMjUtMzA1OzEwMjMtOC00MC0yMjUtMzA1OzI4LTctNDAtMjI1LTMwNTsyMDI4Mi0xNC0zMzYtODAtMzA1OzEwMjgtMTMtNDAtMjI1LTMwNXww
1036,Adv.6,Night,11,MXwxMzUtOS00MC0yMjUtMzA1OzEzNi04LTQwLTIyNS0zMDU7MzIzLTctNDQtODAtMzA1OzIwMTE0LTE0LTMwNS0yMjUtMjEzOzIyOS0xMy0zNjQtODAtMzA1fDA=
1036,Adv.6,Night,12,MXwyODYtOS00MC0yMjUtMzA1OzIwMTU5LTgtMjQwLTgwLTMwNTsxODgtNy00NC04MC0zMDU7Mzg3LTE0LTQ0LTIzNS0zMDU7MjAxNTQtMTMtNDQtMjM1LTMwNXww
1036,Adv.6,Night,13,MXwyMDAwOC05LTE4MC0yMzgtMzUxOzEwMDktOC0xMTctNzItNTg7MjAwMDEtNy0xMjItMjI1LTQwOzM4Mi0xNC02Ni0xMTAtNDA7MjAwOTctMTMtNjYtMjI1LTQwfDA=
1036,Adv.6,Night,14,MXwyNDItOS0yNzgtMjI1LTQwOzExOC04LTEyLTExMC0yNDg7MzY2LTctNDQtNzYtMTI7MjAwMTAtMTQtNjYtMjI1LTM1NTszNTAtMTMtNDQtNzYtMTJ8MA==
1036,Adv.6,Night,15,MXwzNTItOS00NC03Ni0xMjsxODMtOC0yMjQtMjAtMzU3OzEwMTctNy0xMzctMTM5LTU4OzM1MS0xNC00NC03Ni0xMjsyMTQtMTMtMTItMTEwLTU4fDA=
1036,Adv.6,Night,16,MXwzMDItOS00NC0yMTYtMTI7Mjk0LTgtNjYtMjI1LTU4OzE0Mi03LTMzMi03Mi01ODsxNTctMTQtNDQtNzYtMTI7OTYtMTMtNjYtNzItMjM3fDA=
1036,Adv.6,Night,17,MXwzMzEtOS02Ni03Mi01ODsyMDAwNy04LTY2LTM0Mi01ODsyMDAwNS03LTY2LTcyLTU4OzI1MC0xNC0yMjQtNzItNTg7MTY0LTEzLTQ0LTc2LTEyfDA=
1036,Adv.6,Night,18,MXwxMjYtOS0xOTgtNzItNTg7NC04LTIyNC0yNzEtNTg7MjAyMTItNy0yMjQtNzItNTg7MjMzLTE0LTI2Ni03Mi01ODszMDMtMTMtNjYtNzItNTh8MA==
1036,Adv.6,Night,19,MXw2NC05LTY2LTMwLTU4OzEzMC04LTY2LTAtNTg7MjcyLTctMjI0LTcyLTU4OzI4NS0xNC0yMjQtNzItNTg7MjAwOTEtMTMtMjI0LTcyLTU4fDA=
1036,Adv.6,Night,20,MXwxNjItOS00NC0yMzUtODszNTctOC0yMjQtNzItNTg7MTAyNS03LTQ0LTIzNS04OzM3NS0xNC02Ni03Mi01ODszNzktMTMtNjYtNzItMzl8MA==
1036,Adv.6,Night,21,MXwzNTQtOS02Ni03Mi0zOTszNzAtOC02Ni03Mi0zOTs5OS03LTY2LTcyLTM5OzIwMDAyLTE0LTY2LTcyLTM5OzI2MC0xMy02Ni03Mi01N3ww
1036,Adv.6,Night,22,MXwyMDIyMS05LTY2LTcyLTU3OzI0NC04LTY2LTk1LTU3OzIyMC03LTY2LTk1LTU3OzIwMTI1LTE0LTIzOS0xMzItNjg7MzU4LTEzLTY2LTk1LTU1fDA=
1036,Adv.6,Night,23,MXwxNTYtOS00NC0yMzUtMDszMDYtOC02Ni0wLTA7MjkyLTctMjI5LTQtNjg7MzM5LTE0LTIyOS04LTY4OzI3Ny0xMy02Ni0wLTU1fDA=
1036,Adv.6,Night,24,MXwzNzQtOS0yMjktNC02ODsxMDMzLTgtMjI5LTI1Mi02ODsxNzMtNy0yMjktNC02ODsyMDA0Ni0xNC0yMC0xMDUtMjk3OzM0NS0xMy0yMjktOC02OHww
1036,Adv.6,Night,25,MXwyNTMtOS0yMjktOC02ODsxMDktOC0yMjktOC02ODsyMDA4MS03LTIyOS04LTY4OzIzOC0xNC0yMjktNC02ODsyMDA1MC0xMy0yMC0xNjAtOTB8MA==
1036,Adv.6,Night,26,MXwyMDA1My05LTE3MC00LTkwOzIwMDk1LTgtMjIxLTE1OC0zNjU7MjAyNTItNy0xNzgtNC05MDsyMDAzNy0xNC0yMC0xMjktOTA7MjAyMDAtMTMtMjAtNC05MHww
1036,Adv.6,Night,27,MXwyNjYtOS0yMC00LTkwOzMzMy04LTAtMC0wOzI3Ni03LTIwLTgtNjg7MTAzMS0xNC0yMC00LTI1NDszNDgtMTMtMjAtNC05MHww
1036,Adv.6,Night,28,MXwzNzctOS0zMTgtNC05MDsxOTgtOC0yMC00LTkwOzEwMjQtNy0yMC00LTE4MzsxMTItMTQtMjAtOC02ODs3NS0xMy0yMC04LTY4fDA=
1036,Adv.6,Night,29,MXwxMTktOS0wLTAtMDsyNzUtOC0yMC04LTY4OzQ4LTctMjAtMjE3LTkwOzIwMDQ5LTE0LTIwLTQtOTA7MzI5LTEzLTIwLTQtOTB8MA==
1036,Adv.6,Night,30,MXwyNTctOS0yMC00LTkwOzI2MS04LTIwLTQtOTA7Mjk2LTctMjAtNC05MDszMTYtMTQtMjAtNC05MDsxOTctMTMtMjAtNC05MHww
1036,Adv.6,Night,31,MXwzMzctOS0yMC00LTkwOzg1LTgtMjI3LTgtMDsyMDEtNy0yMjctNC0zMTE7MzU2LTE0LTAtMC0wOzI3MC0xMy0yMTEtNC05MHww
1036,Adv.6,Night,32,MXwxNjYtOS02NS0wLTA7MjctOC0wLTAtMDsxNDgtNy0yMjctNC05MDs2OS0xNC0wLTAtMDszNTMtMTMtNDItMC0wfDA=
1036,Adv.6,Night,33,MXwxNzktOS0yMjctNC05MDsyMzctOC0wLTAtMDsxMDI5LTctNjYtMjAzLTIwNDszNi0xNC0yMjctNC05MDsyNTYtMTMtMjI3LTQtOTB8MA==
1036,Adv.6,Night,34,MXwzMzgtOS00LTAtMzA5OzU5LTgtMC0wLTA7MzgxLTctMjI3LTQtMDsxNjMtMTQtMC0wLTA7MzY4LTEzLTAtMC0wfDA=
1036,Adv.6,Night,35,MXwzMjYtOS0wLTAtMDsxMjEtOC0wLTAtMDszOS03LTAtMC0wOzMxLTE0LTAtMC0wOzE3LTEzLTAtMC0wfDA=
1036,Adv.6,Night,36,MXwyMS05LTAtMC0wOzkyLTgtMC0wLTA7MjUtNy0wLTAtMDsxOC0xNC0wLTAtMDsyNC0xMy0wLTAtMHww
1036,Adv.6,Night,37,MXwyMjYtOS0wLTAtMDs1MS04LTAtMC0wOzkzLTctMC0wLTA7MTA3LTE0LTAtMC0wOzc0LTEzLTAtMC0wfDA=
1036,Adv.6,Night,38,MXw3MS05LTAtMC0wOzYzLTgtMC0wLTA7MTMzLTctMC0wLTA7NjgtMTQtMC0wLTA7MzgzLTEzLTAtMC0wfDA=
1036,Adv.6,Night,39,MXwzLTktMC0wLTA7MTQtOC0wLTAtMDsxMy03LTAtMC0wOzExLTE0LTAtMC0wOzEzOS0xMy0wLTAtMHww
1036,Adv.6,Night,40,MXwxNTItOS0wLTAtMDsyODEtOC0wLTAtMDs5LTctMC0wLTA7MTQxLTE0LTAtMC0wOzkwLTEzLTAtMC0wfDA=
1036,Adv.6,Night,41,MXwzMzQtOS0wLTAtMDs4Ny04LTAtMC0wOzExMS03LTAtMC0wOzIzMC0xNC0wLTAtMDsxMTAtMTMtMC0wLTB8MA==
1036,Adv.6,Night,42,MXw4Mi05LTAtMC0wOzQxLTgtMC0wLTA7NDAtNy0wLTAtMDs0Ny0xNC0wLTAtMDsxNDUtMTMtMC0wLTB8MA==
1036,Adv.6,Night,43,MXwzNC05LTAtMC0wOzUyLTgtMC0wLTA7MzA1LTctMC0wLTA7NDQtMTQtMC0wLTB8MA==
1038,Adv.8,Day,1,MXwyMDA0Ni05LTIwLTEwNS0yOTc7MjAxMjUtOC0yMzktMTMyLTY4OzIwMjgyLTctMzM2LTgwLTMwNTszNDgtMTQtMjAtNC05MDszNTEtMTMtNDQtODAtMzA1fDA=
1038,Adv.8,Day,2,MXwyMDA5NS05LTIyMS0xNTgtMzY1OzIwMDUwLTgtMjAtMTYwLTkwOzIwMDUzLTctMTcwLTQtOTA7MjAyNTItMTQtMTc4LTQtOTA7MzIzLTEzLTQ0LTc2LTMwNXww
1038,Adv.8,Day,3,MXwyMDAzNy05LTIwLTEyOS05MDsyMjktOC0zNjQtODAtMzA1OzIwMTU5LTctMjQwLTgwLTMwNTszNzQtMTQtMjI5LTIyNC02ODsxODgtMTMtNDQtODAtMzA1fDA=
1038,Adv.8,Day,4,MXwyMDIwMC05LTIwLTQtOTA7MTAzMS04LTIwLTQtMjU0OzM4Ny03LTQ0LTc2LTMwNTsyNjYtMTQtMjAtNC05MDszNzctMTMtMzE4LTQtOTB8MA==
1038,Adv.8,Day,5,MXwxMDI0LTktMjAtNC0xODM7MjkyLTgtMjI5LTIyNC02ODszNjYtNy00NC0yMzUtMzA1OzE3My0xNC0yMjktMjI0LTY4OzIwMTU0LTEzLTQ0LTIzNS0zMDV8MA==
1038,Adv.8,Day,6,MXwxOTgtOS0yMC00LTkwOzM1MC04LTQ0LTIzNS0zMDU7MzM5LTctMjI5LTIyNC02ODszNTItMTQtNDQtMjM1LTMwNTs0OC0xMy0yMC0yMTctOTB8MA==
1038,Adv.8,Day,7,MXwxMDMzLTktMjI5LTIyNC02ODszMDItOC00NC0yMzUtMzA1OzI5Ni03LTIwLTQtOTA7MzQ1LTE0LTIyOS0yMjQtNjg7MjUzLTEzLTIyOS0yMjQtNjh8MA==
1038,Adv.8,Day,8,MXwyNjEtOS0yMC00LTkwOzMxNi04LTIwLTQtOTA7MzI5LTctMjAtNC05MDsyMDA4MS0xNC0yMjktMjI0LTY4OzI1Ny0xMy0yMC00LTkwfDA=
1038,Adv.8,Day,9,MXwxNTctOS00NC0yMzUtMzA1OzIwMDQ5LTgtMjAtNC05MDsxNjQtNy00NC0yMzUtMzA1OzI3Ni0xNC0yMjktMTItNjg7MTk3LTEzLTIwLTQtOTB8MA==
1038,Adv.8,Day,10,MXwxMDktOS0yMjktMTItNjg7MjcwLTgtMjExLTQtOTA7MjAxLTctMjAtNC05MDsxNDgtMTQtMjAtNC05MDsxNjItMTMtNDQtMjM1LTMwNXww
1038,Adv.8,Day,11,MXwyMTMtOS0yMzQtMjAtMTI7MjAxMTQtOC0zMDUtNzItMjEzOzMzNy03LTIwLTQtOTA7MTAyNS0xNC00NC0yMzUtMzA1OzE3OS0xMy0yMC00LTkwfDA=
1038,Adv.8,Day,12,MXwyMDExNS05LTE5Ny03Mi0xMjsxODMtOC02Ni0yMC0zNTc7MjAxNDMtNy0yMzQtNzItMTI7MjAwMDgtMTQtMTgwLTIzOC0zNTE7MjAxMDMtMTMtOTItMzU4LTR8MA==
1038,Adv.8,Day,13,MXwyMDEwNC05LTIzNC03Mi0xMjsyMDAyNi04LTYyLTM0OC04OzIwMDk3LTctNjYtNzItNTg7MzYtMTQtMjAtNC05MDsyNDUtMTMtNDAtNzItMjc3fDA=
1038,Adv.8,Day,14,MXwxNi05LTIzNi03Mi0xMjsyNDItOC0yNzgtNzItNTg7MjI4LTctNDAtNzItMTY4OzIwMDEwLTE0LTMwNS03Mi0zNTU7MjAwMDEtMTMtMTIyLTcyLTQwfDA=
1038,Adv.8,Day,15,MXwyMDAzMi05LTIzNC03Mi0xMjsyMDEwMS04LTIzNC03Mi0xMjsyOTQtNy0zMDUtNzItNDA7MjU2LTE0LTIyNy00LTkwOzE0Mi0xMy0zMzItNzItNTh8MA==
1038,Adv.8,Day,16,MXwxMjYtOS0xOTgtNzItNTg7NC04LTY2LTI3MS00MDs5Ni03LTY2LTcyLTIzNzsxMDE3LTE0LTY2LTcyLTQwOzIzNC0xMy0yMzQtNzItOHww
1038,Adv.8,Day,17,MXwyMDIxMi05LTY2LTcyLTU4OzI1MC04LTY2LTcyLTQwOzIwMDA3LTctMTMzLTcyLTQwOzIwMDk0LTE0LTIzNC0zNDMtODszNDEtMTMtNDAtNzItOHww
1038,Adv.8,Day,18,MXwxMjctOS0yMzQtMTgyLTg7MjMzLTgtMjY2LTcyLTU4OzIwLTctMjM0LTcyLTg7MjcyLTE0LTY2LTcyLTQwOzMwMy0xMy02Ni03Mi00MHww
1038,Adv.8,Day,19,MXwxMDIzLTktMjM0LTcyLTg7MjAwMDUtOC02Ni03Mi00MDszMTEtNy0yMzQtNzItODsyODUtMTQtNjYtNzItNTg7MzMxLTEzLTY2LTcyLTU4fDA=
1038,Adv.8,Day,20,MXwyMDA5MS05LTY2LTk1LTU4OzM1Ny04LTY2LTk1LTU4OzEwMjgtNy0yMzQtOTUtODsyOC0xNC00MC0yMjUtODsyNTEtMTMtNDAtMjI1LTh8MA==
1038,Adv.8,Day,21,MXwzNjMtOS00MC0yMjUtODsxMDA5LTgtNjYtMjI1LTU4OzEzNS03LTQwLTIyNS04OzM3NS0xNC02Ni0yMjUtNTg7MjYwLTEzLTY2LTIyNS01OHww
1038,Adv.8,Day,22,MXwzNTQtOS02Ni0yMjUtNDA7MzY0LTgtNDAtMjI1LTg7Mzc5LTctNjYtMjI1LTQwOzk5LTE0LTY2LTIyNS00MDsyMDIyMS0xMy02Ni0yMjUtNDB8MA==
1038,Adv.8,Day,23,MXwzNzAtOS02Ni0yMjUtNDA7MjAwMDItOC02Ni0yMjUtNDA7MTM2LTctMjM0LTIyNS04OzI0NC0xNC02Ni0yMjUtNDA7MjM4LTEzLTIyNy00LTY4fDA=
1038,Adv.8,Day,24,MXwyMjAtOS02Ni0yMjUtNTg7MTEyLTgtMjI3LTQtNjg7Mjg2LTctMjM0LTIyNS04OzI3NS0xNC0yMjctOC02ODsyMDA1NS0xMy00LTMyLTk5fDA=
1038,Adv.8,Day,25,MXw3NS05LTIyNy00LTY4OzIwMTIyLTgtNC0zMi0xOTA7MTU2LTctNDQtMjM1LTA7MjAwNjUtMTQtMTA2LTM1Ni0xNTk7MzU4LTEzLTY1LTAtNTh8MA==
1038,Adv.8,Day,26,MXwzODEtOS0yMjctMTA5LTA7MjAwNTctOC0xMDAtMzM4LTYwOzIwMDU2LTctMTA5LTEyNi0zMjs4NS0xNC0yMjctOC0wOzIwMjkzLTEzLTgtMzItMjM0fDA=
1038,Adv.8,Day,27,MXwyMDIwNS05LTY1LTMyLTIzNDs1NC04LTMyLTQ0LTkxOzczLTctNjUtMzItMjM0OzIwNi0xNC02NS0zMi0yMzQ7Mzc4LTEzLTY1LTMxNy0yMzR8MA==
1038,Adv.8,Day,28,MXwxMDI3LTktNjUtMzItMTg0OzI3Ny04LTY1LTAtNTg7NjItNy02NS0zMi0xMjc7MjE1LTE0LTE3NS0zMi0zMDk7MTcyLTEzLTE2OS0zMi01OHww
1038,Adv.8,Day,29,MXwzNjEtOS0xNC0zMi01ODsyMDE3MS04LTE0LTMyLTU4OzIwMDYwLTctMTQtMzItNTg7MTE4LTE0LTE1LTMyLTI0ODsyMzYtMTMtMTUtMzItNTh8MA==
1038,Adv.8,Day,30,MXwxMDYtOS0xNi0zMi0zOTsxOTYtOC0xNi0zMi0zOTsxMjktNy0xNi0zMi0zOTsyNzQtMTQtMTYtMzItNTc7MTk0LTEzLTE2LTMyLTM5fDA=
1038,Adv.8,Day,31,MXwyMTYtOS0xNi0xMTAtNTc7MjQzLTgtMTYtMTEwLTM5OzM4Mi03LTE2LTExMC01NzsyMTQtMTQtMTYtMTEwLTU3OzEzMC0xMy0xNi0zMC0zMDl8MA==
1038,Adv.8,Day,32,MXwzNTMtOS00Mi0wLTA7NjQtOC0xNi0wLTMwOTsxNjYtNy02NS0wLTA7MzktMTQtMC0wLTA7MjI2LTEzLTAtMC0wfDA=
1038,Adv.8,Day,33,MXwzMDYtOS0xNi0wLTA7MzMzLTgtMC0wLTA7NTEtNy0wLTAtMDsyNy0xNC0wLTAtMDsxMjEtMTMtMC0wLTB8MA==
1038,Adv.8,Day,34,MXwzMjYtOS0wLTAtMDsxNjMtOC0wLTAtMDszNjgtNy0wLTAtMDsxMTktMTQtMC0wLTA7NTktMTMtMC0wLTB8MA==
1038,Adv.8,Day,35,MXwxMDI5LTktMjAyLTIwMy0zMDk7NjktOC0wLTAtMDsyMzctNy0wLTAtMDszNTYtMTQtMC0wLTA7MzM4LTEzLTE2LTAtMzA5fDA=
1038,Adv.8,Day,36,MXwzMzQtOS0wLTAtMDsyMzAtOC0wLTAtMDsyODEtNy0wLTAtMDsxNTItMTQtMC0wLTA7MzgzLTEzLTAtMC0wfDA=
1038,Adv.8,Day,37,MXwzLTktMC0wLTA7MzQtOC0wLTAtMDszMDUtNy0wLTAtMDsxNC0xNC0wLTAtMDs1Mi0xMy0wLTAtMHww
1038,Adv.8,Day,38,MXw0NC05LTAtMC0wOzEzLTgtMC0wLTA7NDEtNy0wLTAtMDsxMS0xNC0wLTAtMDsxNDUtMTMtMC0wLTB8MA==
1038,Adv.8,Day,39,MXwxMzktOS0wLTAtMDsxNDEtOC0wLTAtMDs0MC03LTAtMC0wOzkwLTE0LTAtMC0wOzQ3LTEzLTAtMC0wfDA=
1038,Adv.8,Day,40,MXwzMS05LTAtMC0wOzktOC0wLTAtMDsxNy03LTAtMC0wOzIxLTE0LTAtMC0wOzE4LTEzLTAtMC0wfDA=
1038,Adv.8,Day,41,MXw5Mi05LTAtMC0wOzI1LTgtMC0wLTA7MjQtNy0wLTAtMDs5My0xNC0wLTAtMDsxMTEtMTMtMC0wLTB8MA==
1038,Adv.8,Day,42,MXw4Ny05LTAtMC0wOzExMC04LTAtMC0wOzgyLTctMC0wLTA7MTA3LTE0LTAtMC0wOzcxLTEzLTAtMC0wfDA=
1038,Adv.8,Day,43,MXw2My05LTAtMC0wOzEzMy04LTAtMC0wOzc0LTctMC0wLTA7NjgtMTQtMC0wLTB8MA==
1043,Core3,Day,1,MXwyMDA0Ni05LTIwLTEwNS0yOTc7MjAyODItOC0zMzYtODAtMzA1OzIwMTI1LTctMjM5LTEzMi02ODszNTAtMTQtNDQtODAtMzA1OzIwMTE0LTEzLTMwNS03Mi0yMTN8MA==
1043,Core3,Day,2,MXwxODMtOS0yMjQtMjAtMzU3OzEyNi04LTE5OC03Mi01ODszMDMtNy0zMDUtNzItNDA7MjAwOTUtMTQtMjIxLTE1OC0zNjU7MjAwMDgtMTMtMTgwLTIzOC0zNTF8MA==
1043,Core3,Day,3,MXwyMDA1MC05LTIwLTE2MC05MDszMjMtOC00NC03Ni0zMDU7MjAwOTctNy0yMjQtNzItNTg7MjAwNTMtMTQtMTcwLTQtOTA7MjI5LTEzLTM2NC04MC0zMDV8MA==
1043,Core3,Day,4,MXwyMDE1OS05LTI0MC04MC0zMDU7MTA5LTgtMjI5LTIyNC02ODsxODgtNy00NC04MC0zMDU7MjAyNTItMTQtMTc4LTQtOTA7MjAwMzctMTMtMjAtMTI5LTkwfDA=
1043,Core3,Day,5,MXwzODctOS00NC03Ni0zMDU7MTEyLTgtMjI5LTIyNC02ODsyMDAxMC03LTIyNC03Mi0zNTU7MjQyLTE0LTI3OC03Mi01ODsyMDAwMS0xMy0xMjItNzItNDB8MA==
1043,Core3,Day,6,MXwzNjYtOS00NC0yMzUtMzA1OzIwMTU0LTgtNDQtMjM1LTMwNTszNzQtNy0yMjktMjI0LTY4OzI5NC0xNC0zMDUtNzItNDA7MjAyMDAtMTMtMjAtNC05MHww
1043,Core3,Day,7,MXwzNTItOS00NC0yMzUtMzA1OzEwMzEtOC0yMC00LTI1NDsyNjYtNy0yMC00LTkwOzM1MS0xNC00NC0yMzUtMzA1OzM3Ny0xMy0zMTgtNC05MHww
1043,Core3,Day,8,MXw5Ni05LTIyNC03Mi0yMzc7MTQyLTgtMzMyLTcyLTU4OzE0OC03LTIwLTQtOTA7NC0xNC0yMjQtMjcxLTU4OzEwMjQtMTMtMjAtNC0xODN8MA==
1043,Core3,Day,9,MXwxMDE3LTktMzA1LTcyLTQwOzM0OC04LTIwLTQtOTA7MzAyLTctNDQtMjM1LTMwNTsyMDIxMi0xNC0zMDUtNzItNDA7MjUwLTEzLTMwNS03Mi00MHww
1043,Core3,Day,10,MXwxOTgtOS0yMC00LTkwOzIwMDA3LTgtMTMzLTcyLTQwOzIzMy03LTI2Ni03Mi01ODsyNzItMTQtMzA1LTcyLTQwOzI5Mi0xMy0yMjktNC02OHww
1043,Core3,Day,11,MXw0OC05LTIwLTIxNy05MDsxMDMzLTgtMjI5LTI1Mi02ODsyMDAwNS03LTY2LTcyLTQwOzI5Ni0xNC0yMC00LTkwOzI2MS0xMy0yMC00LTkwfDA=
1043,Core3,Day,12,MXwzMTYtOS0yMC00LTkwOzMyOS04LTIwLTQtOTA7MTczLTctMjI5LTQtNjg7MzM5LTE0LTIyOS00LTY4OzI4NS0xMy02Ni03Mi01OHww
1043,Core3,Day,13,MXwyNTctOS0yMC00LTkwOzMzMS04LTY2LTcyLTU4OzIwMDkxLTctNjYtNzItNTg7MzU3LTE0LTY2LTcyLTU4OzE1Ny0xMy00NC03Ni0xMnww
1043,Core3,Day,14,MXwxMDA5LTktNjYtNzItNTg7MjAwNDktOC0yMC00LTkwOzI2MC03LTY2LTcyLTU4OzM3NS0xNC02Ni03Mi01ODszNzktMTMtNjYtNzItNDB8MA==
1043,Core3,Day,15,MXwzNTQtOS02Ni03Mi00MDszNDUtOC0yMjktMTItNjg7OTktNy02Ni03Mi00MDsyNTMtMTQtMjI5LTEyLTY4OzE2NC0xMy00NC03Ni0xMnww
1043,Core3,Day,16,MXwyNzYtOS0yMjktMTItNjg7MzcwLTgtNjYtNzItNDA7MTk3LTctMjAtNC05MDsyMDIyMS0xNC02Ni03Mi00MDsyMDAwMi0xMy02Ni03Mi00MHww
1043,Core3,Day,17,MXwyNzAtOS0yMTEtNC05MDsyMDEtOC0yMC00LTkwOzI0NC03LTY2LTcyLTQwOzE2Mi0xNC00NC03Ni0xMjszMzctMTMtMjAtNC05MHww
1043,Core3,Day,18,MXwyMjAtOS02Ni03Mi00MDsxMDI1LTgtNDQtNzYtMTI7MTc5LTctMjAtNC05MDszNTgtMTQtNjYtOTUtNTg7MjAwNTUtMTMtNC0zMi05OXww
1043,Core3,Day,19,MXwzNi05LTIwLTQtOTA7MjAxMjItOC00LTMyLTE5MDsyMDA2NS03LTEwNi0zNTYtMTU5OzI1Ni0xNC0yMC00LTkwOzIwMDU3LTEzLTEwMC0zMzgtNjB8MA==
1043,Core3,Day,20,MXwyMDA1Ni05LTQtMTI2LTMyOzIwMjkzLTgtMTItMzItMjM0OzIwMjA1LTctOC0zMi0yMzQ7Mjc3LTE0LTY2LTk1LTU4OzU0LTEzLTMyLTQ0LTkxfDA=
1043,Core3,Day,21,MXwyMDA4MS05LTIyNy0xMi02ODsyMDYtOC04LTMyLTIzNDs3My03LTgtMzItMjM0OzM3OC0xNC04LTMxNy0yMzQ7MTAyNy0xMy0xMDktMzItMTg0fDA=
1043,Core3,Day,22,MXwzNjEtOS04LTMyLTIzNDsyMDE3MS04LTgtMzItMjM0OzIwMTE1LTctMTk3LTk1LTg7MjM2LTE0LTgtMzItMjM0OzIwMDYwLTEzLTgtMzItMjM0fDA=
1043,Core3,Day,23,MXw2Mi05LTEwOS0zMi0xMjc7MTk2LTgtOC0zMi0yMzQ7MTI5LTctOC0zMi0yMzQ7MTA2LTE0LTgtMzItMjM0OzI3NS0xMy0yMjctOC02OHww
1043,Core3,Day,24,MXwxNzItOS0xNjktMzItMjM0OzIzOC04LTIyNy04LTY4OzIwMTAzLTctOTItMzU4LTY2OzE1Ni0xNC00NC0yMzUtMDsyMTYtMTMtOC0zMi0yMzR8MA==
1043,Core3,Day,25,MXwxOTQtOS04LTMyLTIzNDsyNzQtOC04LTMyLTIzNDsyMTMtNy0yMzQtMjI3LTg7MjAwMjYtMTQtNjItMzQ4LTg7MjE1LTEzLTE3NS0zMi0yMzR8MA==
1043,Core3,Day,26,MXwxMTgtOS02Ni0xMTAtMjQ4OzIwMTA0LTgtNDAtMjI1LTY2OzIwMTQzLTctNDAtMjI1LTY2OzI0My0xNC02Ni0xMTAtMjM0OzI0NS0xMy00MC0yMjUtMjc3fDA=
1043,Core3,Day,27,MXwyMjgtOS00MC0yMjUtMTY4OzE2LTgtMjM2LTIyNS02NjszODEtNy0yMjctNjYtMDsyMDA5NC0xNC0yMTgtMzQzLTEwMzs3NS0xMy0yMjctMC02OHww
1043,Core3,Day,28,MXwyMDEwMS05LTQwLTIyNS02NTszNDEtOC00MC0yMjUtNjU7MjM0LTctNDAtMjI1LTY1OzIxNC0xNC02NS0xMTAtNTg7MzgyLTEzLTY1LTExMC01OHww
1043,Core3,Day,29,MXwyMDAzMi05LTU4LTIyNS02NTsxMjctOC01OC0xODItNjU7MTAyOC03LTIwMS0yMDAtMTk5OzIwLTE0LTU4LTIyNS02NTsxMDIzLTEzLTU4LTIyNS0xNHww
1043,Core3,Day,30,MXwzMTEtOS0zOS0yMjUtMTQ7MTMwLTgtMTQtMzAtMzk7MjgtNy0zOS0yMjUtMTU7MzYzLTE0LTM5LTIyNS0xNTsyNTEtMTMtMzktMjI1LTE2fDA=
1043,Core3,Day,31,MXwzNjQtOS01Ny0yMjUtMTY7MTM1LTgtNTctMjI1LTE2OzY0LTctMTYtMC01NzsxMzYtMTQtNTctMjI1LTE2OzE2Ni0xMy02NS0wLTB8MA==
1043,Core3,Day,32,MXwyODYtOS0zMDktMC0xNjszNTMtOC00Mi0wLTA7MzA2LTctMTYtMC0wOzM5LTE0LTAtMC0wOzIyNi0xMy0wLTAtMHww
1043,Core3,Day,33,MXw1MS05LTAtMC0wOzExOS04LTAtMC0wOzEwMjktNy0yMDItMjAzLTMwOTs2OS0xNC0wLTAtMDsyMzctMTMtMC0wLTB8MA==
1043,Core3,Day,34,MXwxMjEtOS0wLTAtMDsxNjMtOC0wLTAtMDszMzMtNy0wLTAtMDszNTYtMTQtMC0wLTA7MzY4LTEzLTAtMC0wfDA=
1043,Core3,Day,35,MXwzMjYtOS0wLTAtMDszMzgtOC0xNi0wLTMwOTsyNy03LTAtMC0wOzU5LTE0LTAtMC0wOzM4My0xMy0wLTAtMHww
1043,Core3,Day,36,MXwzLTktMC0wLTA7MTQtOC0wLTAtMDsxMy03LTAtMC0wOzMzNC0xNC0wLTAtMDsxMS0xMy0wLTAtMHww
1043,Core3,Day,37,MXwxMzktOS0wLTAtMDsxNDEtOC0wLTAtMDs5MC03LTAtMC0wOzktMTQtMC0wLTA7MjgxLTEzLTAtMC0wfDA=
1043,Core3,Day,38,MXwxNTItOS0wLTAtMDsyMzAtOC0wLTAtMDszNC03LTAtMC0wOzUyLTE0LTAtMC0wOzMwNS0xMy0wLTAtMHww
1043,Core3,Day,39,MXw0NC05LTAtMC0wOzQxLTgtMC0wLTA7NDAtNy0wLTAtMDs0Ny0xNC0wLTAtMDsxNDUtMTMtMC0wLTB8MA==
1043,Core3,Day,40,MXwxMTEtOS0wLTAtMDszMS04LTAtMC0wOzExMC03LTAtMC0wOzEwNy0xNC0wLTAtMDs4Ny0xMy0wLTAtMHww
1043,Core3,Day,41,MXw4Mi05LTAtMC0wOzkyLTgtMC0wLTA7MTctNy0wLTAtMDs3MS0xNC0wLTAtMDsyNS0xMy0wLTAtMHww
1043,Core3,Day,42,MXw2My05LTAtMC0wOzIxLTgtMC0wLTA7MTMzLTctMC0wLTA7MTgtMTQtMC0wLTA7NzQtMTMtMC0wLTB8MA==
1043,Core3,Day,43,MXw2OC05LTAtMC0wOzkzLTgtMC0wLTA7MjQtNy0wLTAtMHww
1046,Core6,Day,1,MXwyMDEyNS05LTIzOS0xMzItNjg7MjAyODItOC0zMzYtODAtMzA1OzE3My03LTIyOS0yMjQtNjg7MTU3LTE0LTQ0LTgwLTMwNTszMjMtMTMtNDQtNzYtMzA1fDA=
1046,Core6,Day,2,MXwyMzgtOS0yMjktMjI0LTY4OzIyOS04LTM2NC04MC0zMDU7MjAxNTktNy0yNDAtODAtMzA1OzM3NC0xNC0yMjktMjI0LTY4OzE4OC0xMy00NC04MC0zMDV8MA==
1046,Core6,Day,3,MXwyMDA1NS05LTQtMzItOTk7Mzg3LTgtNDQtNzYtMzA1OzI5Mi03LTIyOS0yMjQtNjg7MzY2LTE0LTQ0LTIzNS0zMDU7MjAxNTQtMTMtNDQtMjM1LTMwNXww
1046,Core6,Day,4,MXwzNTAtOS00NC0yMzUtMzA1OzMzOS04LTIyOS0yMjQtNjg7MzUyLTctNDQtMjM1LTMwNTszNTEtMTQtNDQtMjM1LTMwNTsyMDEyMi0xMy00LTMyLTE5MHww
1046,Core6,Day,5,MXwxMDMzLTktMjI5LTIyNC02ODszMDItOC00NC0yMzUtMzA1OzIwMDY1LTctMTA2LTM1Ni0xNTk7MzQ1LTE0LTIyOS0yMjQtNjg7MjUzLTEzLTIyOS0yMjQtNjh8MA==
1046,Core6,Day,6,MXwyMDA1Ny05LTEwMC0zMzgtNjA7MTY0LTgtNDQtMjM1LTMwNTsyMDA0Ni03LTIwLTEwNS0yOTc7MjAwNTYtMTQtNC0xMjYtMzI7Mjc2LTEzLTIyOS0xMi02OHww
1046,Core6,Day,7,MXwyMDA4MS05LTIyOS0xMi02ODsyMDI5My04LTEyLTMyLTIzNDsxNjItNy00NC0yMzUtMzA1OzIxMy0xNC0yMzQtMjAtMTI7MjAyMDUtMTMtOC0zMi0yMzR8MA==
1046,Core6,Day,8,MXwxMDI1LTktNDQtMjM1LTMwNTsyMDExNS04LTE5Ny03Mi0xMjs1NC03LTMyLTQ0LTkxOzIwMDk1LTE0LTIyMS0xNTgtMzY1OzIwMTQzLTEzLTIzNC03Mi0xMnww
1046,Core6,Day,9,MXwyMDEwMy05LTkyLTM1OC00OzIwMTA0LTgtMjM0LTcyLTEyOzIwMDUwLTctMjAtMTYwLTkwOzIwNi0xNC04LTMyLTIzNDs3My0xMy04LTMyLTIzNHww
1046,Core6,Day,10,MXwzNzgtOS0xMi0zMTctMjM0OzIwMDUzLTgtMTcwLTQtOTA7MjAwMjYtNy02Mi0zNDgtODsyMDE3MS0xNC0xMi0zMi0yMzQ7MzYxLTEzLTgtMzItMjM0fDA=
1046,Core6,Day,11,MXwxMDI3LTktNC0zMi0xODQ7MjAyNTItOC0xNzgtNC05MDsyNDUtNy00MC03Mi0yNzc7MjM2LTE0LTgtMzItMjM0OzIwMDM3LTEzLTIwLTEyOS05MHww
1046,Core6,Day,12,MXwyMDA2MC05LTgtMzItMjM0OzYyLTgtNC0zMi0xMjc7MTYtNy0yMzYtNzItODsyMjgtMTQtNDAtNzItMTY4OzE5Ni0xMy04LTMyLTIzNHww
1046,Core6,Day,13,MXwxMjktOS04LTMyLTIzNDsxMDYtOC04LTMyLTIzNDsxNzItNy0xNjktMzItMjM0OzIwMTAxLTE0LTIzNC03Mi04OzExOC0xMy00LTMyLTI0OHww
1046,Core6,Day,14,MXwyMDIwMC05LTIwLTQtOTA7MTAzMS04LTIwLTQtMjU0OzI2Ni03LTIwLTQtOTA7MjAwMzItMTQtMjM0LTcyLTg7Mzc3LTEzLTMxOC00LTkwfDA=
1046,Core6,Day,15,MXwxMDI0LTktMjAtNC0xODM7MjE2LTgtOC0zMi0yMzQ7MzQ4LTctMjAtNC05MDsxOTgtMTQtMjAtNC05MDsyMDA5NC0xMy0yMTgtMzQzLTEwM3ww
1046,Core6,Day,16,MXwyMzQtOS00MC03Mi04OzM0MS04LTQwLTcyLTg7MTI3LTctNDAtMTgyLTg7NDgtMTQtMjAtMjE3LTkwOzIwLTEzLTQwLTcyLTh8MA==
1046,Core6,Day,17,MXwyMTUtOS0xNzUtMzItNDA7Mjk2LTgtMjAtNC05MDsyNjEtNy0yMC00LTkwOzEwMjMtMTQtNDAtNzItODszMTYtMTMtMjAtNC05MHww
1046,Core6,Day,18,MXwzMjktOS0yMC00LTkwOzI3NC04LTQtMzItMzA5OzMxMS03LTQwLTcyLTMwNTsyNTctMTQtMjAtNC05MDsxOTQtMTMtNC0xMTAtNDB8MA==
1046,Core6,Day,19,MXwyMDA0OS05LTIwLTQtOTA7MjgtOC00MC03Mi0zMDU7MjQzLTctNC0xMTAtNDA7MTk3LTE0LTIwLTQtOTA7MzYzLTEzLTQwLTcyLTMwNXww
1046,Core6,Day,20,MXwyMTQtOS00LTExMC0zMDk7MjcwLTgtMjExLTQtOTA7MzgyLTctNC0xMTAtNDA7MjAxLTE0LTIwLTEwOS05MDsyNTEtMTMtNDAtNzItNjZ8MA==
1046,Core6,Day,21,MXwxMDI4LTktNDAtNzItNjY7MTQ4LTgtMjAtMTA5LTkwOzEzNS03LTQwLTcyLTY2OzM2NC0xNC00MC03Mi02NjsxMzYtMTMtNDAtNzItNjZ8MA==
1046,Core6,Day,22,MXwyODYtOS00MC03Mi02NjszMzctOC0yMC02Ni05MDsxMzAtNy02Ni0zMC00MDsxNzktMTQtMjAtNjYtOTA7MTU2LTEzLTQ0LTIzNS0wfDA=
1046,Core6,Day,23,MXwxMDktOS0yMC0wLTY4OzExMi04LTIwLTAtNjg7NjQtNy02Ni0wLTQwOzI3NS0xNC0yMjctMC02ODs3NS0xMy0yMjctMC02OHww
1046,Core6,Day,24,MXwzNi05LTIyNy02Ni05MDsyNTYtOC0yMjctNjYtOTA7MjAxMTQtNy02Ni03Mi0yMTM7MjAwMDgtMTQtMTgwLTIzOC0zNTE7MTgzLTEzLTY2LTIyNy0zNTd8MA==
1046,Core6,Day,25,MXwyMDA5Ny05LTY2LTcyLTU4OzI0Mi04LTI3OC03Mi01ODsyMDAwMS03LTEyMi03Mi00MDsyMDAxMC0xNC02Ni03Mi0zNTU7MTQyLTEzLTMzMi03Mi01OHww
1046,Core6,Day,26,MXwyOTQtOS02Ni03Mi00MDsxMjYtOC0xOTgtNzItNTg7OTYtNy02Ni03Mi0yMzc7NC0xNC02Ni0yNzEtNTg7MjAyMTItMTMtNjYtNzItNTh8MA==
1046,Core6,Day,27,MXwyNTAtOS02Ni03Mi01ODsxMDE3LTgtNjYtOTUtNTg7MjAwMDctNy0xMzMtOTUtNTg7MjMzLTE0LTI2Ni05NS01ODsyNzItMTMtNjYtMjI1LTU4fDA=
1046,Core6,Day,28,MXwyMDAwNS05LTY2LTIyNS01ODszMDMtOC02Ni0yMjUtNTg7MzgxLTctMjI3LTY1LTA7MzA2LTE0LTY1LTAtMDszMzEtMTMtNjUtMjI1LTU4fDA=
1046,Core6,Day,29,MXwyODUtOS02NS0yMjUtNTg7MjAwOTEtOC02NS0yMjUtNTg7MzU3LTctNjUtMjI1LTU4OzEwMDktMTQtNjUtMjI1LTU4OzM3NS0xMy02NS0yMjUtNTh8MA==
1046,Core6,Day,30,MXwzNTQtOS0xNC0yMjUtNTg7MjYwLTgtMTQtMjI1LTU4OzM3OS03LTE0LTIyNS01Nzs5OS0xNC0xNS0yMjUtNTc7MzcwLTEzLTE1LTIyNS01N3ww
1046,Core6,Day,31,MXwyMDAwMi05LTE2LTIyNS01NzsyMDIyMS04LTE2LTIyNS0zOTsyNDQtNy0xNi0yMjUtMzk7MjIwLTE0LTE2LTIyNS0zOTszNTgtMTMtMTYtMC0zOXww
1046,Core6,Day,32,MXwzNTMtOS00Mi0wLTA7Mjc3LTgtMTYtMC0zOTsxMTktNy0wLTAtMDszMzMtMTQtMC0wLTA7MTAyOS0xMy0yMDItMjAzLTMwOXww
1046,Core6,Day,33,MXw2OS05LTAtMC0wOzIzNy04LTAtMC0wOzM1Ni03LTAtMC0wOzM5LTE0LTAtMC0wOzI3LTEzLTAtMC0wfDA=
1046,Core6,Day,34,MXwzMzgtOS0xNi0wLTMwOTsxNjYtOC02NS0wLTA7MjI2LTctMC0wLTA7MTIxLTE0LTAtMC0wOzUxLTEzLTAtMC0wfDA=
1046,Core6,Day,35,MXwxNjMtOS0wLTAtMDszNjgtOC0wLTAtMDszMjYtNy0wLTAtMDs1OS0xNC0wLTAtMDsyODEtMTMtMC0wLTB8MA==
1046,Core6,Day,36,MXwxNTItOS0wLTAtMDszMzQtOC0wLTAtMDszMS03LTAtMC0wOzE3LTE0LTAtMC0wOzIxLTEzLTAtMC0wfDA=
1046,Core6,Day,37,MXwxOC05LTAtMC0wOzIzMC04LTAtMC0wOzkyLTctMC0wLTA7MjUtMTQtMC0wLTA7MjQtMTMtMC0wLTB8MA==
1046,Core6,Day,38,MXwxMDctOS0wLTAtMDs5My04LTAtMC0wOzYzLTctMC0wLTA7NzQtMTQtMC0wLTA7NzEtMTMtMC0wLTB8MA==
1046,Core6,Day,39,MXwxMzMtOS0wLTAtMDs2OC04LTAtMC0wOzExMS03LTAtMC0wOzM0LTE0LTAtMC0wOzUyLTEzLTAtMC0wfDA=
1046,Core6,Day,40,MXwzMDUtOS0wLTAtMDs0NC04LTAtMC0wOzQxLTctMC0wLTA7NDAtMTQtMC0wLTA7ODctMTMtMC0wLTB8MA==
1046,Core6,Day,41,MXw0Ny05LTAtMC0wOzE0NS04LTAtMC0wOzExMC03LTAtMC0wOzgyLTE0LTAtMC0wOzM4My0xMy0wLTAtMHww
1046,Core6,Day,42,MXwzLTktMC0wLTA7MTQtOC0wLTAtMDsxMy03LTAtMC0wOzExLTE0LTAtMC0wOzEzOS0xMy0wLTAtMHww
1046,Core6,Day,43,MXwxNDEtOS0wLTAtMDs5LTgtMC0wLTA7OTAtNy0wLTAtMHww
1048,Core8,Day,1,MXwxODMtOS0yMjQtMjAtMzU3OzIwMDQ2LTgtMjAtMTA1LTI5NzsyMDExNC03LTMwNS03Mi0yMTM7MjY2LTE0LTIwLTQtOTA7NC0xMy0yMjQtMjcxLTU4fDA=
1048,Core8,Day,2,MXwyNzItOS0yMjQtNzItNTg7MjAwOTUtOC0yMjEtMTU4LTM2NTsyMDA1MC03LTIwLTE2MC05MDsyMDAwOC0xNC0xODAtMjM4LTM1MTsyNjEtMTMtMjAtNC05MHww
1048,Core8,Day,3,MXwyMDA1My05LTE3MC00LTkwOzIwMDk3LTgtMjI0LTcyLTU4OzIwMjUyLTctMTc4LTQtOTA7MjAwMzctMTQtMjAtMTI5LTkwOzI0Mi0xMy0yNzgtNzItNTh8MA==
1048,Core8,Day,4,MXwyMDAxMC05LTIyNC03Mi0zNTU7MjAwMDEtOC0xMjItNzItNDA7MjAyMDAtNy0yMC00LTkwOzEwMzEtMTQtMjAtNC0yNTQ7Mzc3LTEzLTMxOC00LTkwfDA=
1048,Core8,Day,5,MXwxMDI0LTktMjAtNC0xODM7Mjk0LTgtMzA1LTcyLTQwOzM0OC03LTIwLTQtOTA7OTYtMTQtMjI0LTcyLTIzNzsxNDItMTMtMzMyLTcyLTU4fDA=
1048,Core8,Day,6,MXwxMjYtOS0xOTgtNzItNTg7MjAyMTItOC0yMjQtNzItNTg7MTAxNy03LTMwNS03Mi00MDsxOTgtMTQtMjAtNC05MDsyNTAtMTMtMjI0LTcyLTU4fDA=
1048,Core8,Day,7,MXwyMDAwNy05LTEzMy03Mi00MDsyMzMtOC0yNjYtNzItNTg7NDgtNy0yMC0yMTctOTA7MzAzLTE0LTMwNS03Mi00MDsyMDAwNS0xMy0zMDUtNzItNDB8MA==
1048,Core8,Day,8,MXwyOTYtOS0yMC00LTkwOzMxNi04LTIwLTQtOTA7MzI5LTctMjAtNC05MDszMzEtMTQtMzA1LTcyLTQwOzI1Ny0xMy0yMC00LTkwfDA=
1048,Core8,Day,9,MXwyODUtOS0zMDUtNzItNTg7MjAwOTEtOC0zMDUtNzItNDA7MjAwNDktNy0yMC00LTkwOzM1Ny0xNC0zMDUtNzItNDA7MTAwOS0xMy0zMDUtNzItNDB8MA==
1048,Core8,Day,10,MXwyNjAtOS0zMDUtNzItNTg7Mzc1LTgtMzA1LTcyLTU4OzM1NC03LTMwNS03Mi00MDszNzktMTQtMzA1LTcyLTQwOzk5LTEzLTMwNS03Mi00MHww
1048,Core8,Day,11,MXwxOTctOS0yMC00LTkwOzM3MC04LTMwNS03Mi00MDsyMDAwMi03LTMwNS03Mi00MDsyMDIyMS0xNC0zMDUtNzItNDA7MjcwLTEzLTIxMS00LTkwfDA=
1048,Core8,Day,12,MXwyMDEtOS0yMC00LTkwOzIwMTI1LTgtMjM5LTEzMi02ODsxNDgtNy0yMC00LTkwOzI0NC0xNC0zMDUtNzItNDA7MzM3LTEzLTIwLTQtOTB8MA==
1048,Core8,Day,13,MXwxNzktOS0yMC00LTkwOzIyMC04LTY2LTcyLTQwOzIxMy03LTIzNC0yMC0xMjszNTgtMTQtNjYtOTUtNTg7MjAxMTUtMTMtMTk3LTk1LTEyfDA=
1048,Core8,Day,14,MXwyMDI4Mi05LTMzNi03Ni0xMjsyMDE0My04LTIzNC05NS0xMjsyMDEwMy03LTkyLTM1OC00OzM2LTE0LTIwLTQtOTA7MjAwMjYtMTMtNjItMzQ4LTh8MA==
1048,Core8,Day,15,MXwyMDEwNC05LTQwLTIyNS04OzI1Ni04LTIyNy00LTkwOzI0NS03LTQwLTIyNS0yNzc7MjI4LTE0LTQwLTIyNS0xNjg7MTYtMTMtMjM2LTIyNS02Nnww
1048,Core8,Day,16,MXwyMjktOS0zNjQtNzYtMTI7MzIzLTgtNDQtNzYtMTI7MTI3LTctMjM0LTE4Mi0xMjsyMDE1OS0xNC0yNDAtNzYtMTI7MTg4LTEzLTQ0LTc2LTEyfDA=
1048,Core8,Day,17,MXwzNzQtOS0yMjktNC02ODsyOTItOC0yMjktNC02ODsxMDMzLTctMjI5LTI1Mi02ODsyMDA5NC0xNC0yMzQtMzQzLTg7Mzg3LTEzLTQ0LTc2LTh8MA==
1048,Core8,Day,18,MXwyMDEwMS05LTIzNC0yMjUtODsyMDAzMi04LTIzNC0yMjUtODsxNzMtNy0yMjktNC02ODszNjYtMTQtNDQtNzYtMzA4OzMzOS0xMy0yMjktNC02OHww
1048,Core8,Day,19,MXwzNTAtOS00NC03Ni04OzIzNC04LTIzNC0yMjUtODszNDEtNy00MC0yMjUtODsyMDE1NC0xNC00NC03Ni04OzMwMi0xMy00NC0yMTYtOHww
1048,Core8,Day,20,MXwyMC05LTIzNC0yMjUtODszNTItOC00NC0yMzEtODszNTEtNy00NC0yMzEtODsxMDIzLTE0LTIzNC0yMjUtODszMTEtMTMtNDAtMjI1LTh8MA==
1048,Core8,Day,21,MXwxMDI4LTktMjM0LTIwMC04OzI1My04LTIyOS00LTY4OzM0NS03LTIyOS0xMDktNjg7MjgtMTQtNDAtMjI1LTg7Mjc3LTEzLTY2LTIyNS01OHww
1048,Core8,Day,22,MXwyMDA4MS05LTIyOS0xMDktNjg7MTU3LTgtNDQtMjMxLTg7MTY0LTctNDQtODAtMzA4OzM2My0xNC01OC0yMjUtNjY7MjUxLTEzLTU4LTIyNS02Nnww
1048,Core8,Day,23,MXwzNjQtOS01OC0yMjUtNjY7MTM1LTgtNTgtMjI1LTY2OzE2Mi03LTQ0LTgwLTMwODsxMzYtMTQtNTgtMjI1LTY2OzEwMjUtMTMtNDQtODAtMTR8MA==
1048,Core8,Day,24,MXwyMzgtOS0yMjktMC02ODsxMTItOC0yMjktMC02ODsyMDA1NS03LTY2LTMyLTk5OzM4MS0xNC0yMjctNjYtMDsyODYtMTMtNTgtMC02Nnww
1048,Core8,Day,25,MXwyMDA2NS05LTEwNi0zNTYtMTU5OzIwMDU3LTgtMTAwLTMzOC02MDsyMDEyMi03LTY2LTMyLTE5MDsyMDA1Ni0xNC02Ni0xMjYtMzI7MjAyOTMtMTMtNjYtMzItMjM0fDA=
1048,Core8,Day,26,MXwyMDIwNS05LTY2LTMyLTIzNDs1NC04LTMyLTQ0LTkxOzczLTctNjYtMzItMjM0OzIwNi0xNC02Ni0zMi0yMzQ7Mzc4LTEzLTY2LTMxNy0yMzR8MA==
1048,Core8,Day,27,MXwxMDI3LTktNjYtMzItMTg0OzIwMTcxLTgtNjYtMzItMjM0OzM2MS03LTY2LTMyLTIzNDsyMzYtMTQtNjYtMzItMjM0OzIwMDYwLTEzLTY2LTMyLTIzNHww
1048,Core8,Day,28,MXw2Mi05LTY2LTMyLTEyNzsxNTYtOC00NC04MC0wOzI3Ni03LTIyNy0wLTY4OzEwOS0xNC0yMjctMC02ODsxMTgtMTMtNjUtMzItMjQ4fDA=
1048,Core8,Day,29,MXwyMTUtOS0xNzUtMzItMzA5OzI3NS04LTIyNy0wLTY4Ozc1LTctMjI3LTAtNjg7MTcyLTE0LTE2OS0zMi01ODsxMDYtMTMtNjUtMzItMzl8MA==
1048,Core8,Day,30,MXwxOTYtOS02NS0zMi01NzsxNjYtOC02NS0wLTA7MTI5LTctNjUtMzItNTc7Mjc0LTE0LTY1LTMyLTMwOTsxOTQtMTMtNjUtMzItNTd8MA==
1048,Core8,Day,31,MXwyMTYtOS02NS0xMTAtNTc7MjQzLTgtNjUtMTEwLTM5OzM4Mi03LTE0LTExMC0zOTsyMTQtMTQtMTQtMTEwLTM5OzEzMC0xMy0xNS0zMC0zOXww
1048,Core8,Day,32,MXw2NC05LTE1LTAtMzA5OzM5LTgtMC0wLTA7MzUzLTctNDItMC0wOzIyNi0xNC0wLTAtMDs1MS0xMy0wLTAtMHww
1048,Core8,Day,33,MXwzMDYtOS0xNi0wLTA7MzMzLTgtMC0wLTA7MjctNy0wLTAtMDsxMTktMTQtMC0wLTA7NTktMTMtMC0wLTB8MA==
1048,Core8,Day,34,MXwxMDI5LTktMjAyLTIwMy0zMDk7NjktOC0wLTAtMDsxMjEtNy0wLTAtMDsyMzctMTQtMC0wLTA7MTYzLTEzLTAtMC0wfDA=
1048,Core8,Day,35,MXwzNjgtOS0wLTAtMDszNTYtOC0wLTAtMDszMjYtNy0wLTAtMDszMzgtMTQtMTYtMC0zMDk7MzgzLTEzLTAtMC0wfDA=
1048,Core8,Day,36,MXwzLTktMC0wLTA7MTQtOC0wLTAtMDszMzQtNy0wLTAtMDsxMy0xNC0wLTAtMDsxMS0xMy0wLTAtMHww
1048,Core8,Day,37,MXwxMzktOS0wLTAtMDsxNDEtOC0wLTAtMDs5MC03LTAtMC0wOzktMTQtMC0wLTA7MjMwLTEzLTAtMC0wfDA=
1048,Core8,Day,38,MXwzMDUtOS0wLTAtMDszNC04LTAtMC0wOzQ0LTctMC0wLTA7NTItMTQtMC0wLTA7NDEtMTMtMC0wLTB8MA==
1048,Core8,Day,39,MXwxNDUtOS0wLTAtMDs0MC04LTAtMC0wOzQ3LTctMC0wLTA7MzEtMTQtMC0wLTA7MjEtMTMtMC0wLTB8MA==
1048,Core8,Day,40,MXwyODEtOS0wLTAtMDs5Mi04LTAtMC0wOzE3LTctMC0wLTA7MjUtMTQtMC0wLTA7MTgtMTMtMC0wLTB8MA==
1048,Core8,Day,41,MXwxNTItOS0wLTAtMDsyNC04LTAtMC0wOzkzLTctMC0wLTA7MTExLTE0LTAtMC0wOzg3LTEzLTAtMC0wfDA=
1048,Core8,Day,42,MXwxMTAtOS0wLTAtMDs4Mi04LTAtMC0wOzEwNy03LTAtMC0wOzYzLTE0LTAtMC0wOzc0LTEzLTAtMC0wfDA=
1048,Core8,Day,43,MXw3MS05LTAtMC0wOzEzMy04LTAtMC0wOzY4LTctMC0wLTB8MA==
