Datetime,Area ID,Area Boss,Remain Count,Capture Type,Capture Status,Sangvis ID,Sangvis Rank,Sangvis Name
2022-07-30 02:40:55,22,Architect - NVW Model,83,PULSE,O,1015,★★★,Architect - NVW Model
2022-07-30 02:41:41,22,Architect - NVW Model,99,PULSE,O,3001,★,Ripper
2022-07-30 18:39:31,22,Architect - NVW Model,98,PULSE,O,3001,★,Ripper
2022-08-02 18:58:19,12,Scarecrow,98,PULSE,O,2014,★★,Aegis_SWAP
2022-08-02 18:58:57,22,Architect - NVW Model,97,PULSE,O,2005,★★,Tarantula
2022-08-02 18:59:07,22,Architect - NVW Model,96,PULSE,O,2008,★★,Guard_SWAP
2022-08-02 18:59:19,22,Architect - NVW Model,96,PULSE,X,2011,★★,Prowler_SWAP
2022-08-02 19:00:26,22,Architect - NVW Model,96,PULSE,X,2002,★★,Dragoon
2022-08-02 19:00:48,22,Architect - NVW Model,95,PULSE,O,3004,★,Jaeger
2022-08-03 20:32:00,22,Architect - NVW Model,94,PULSE,O,3010,★,Goliath Factory
2022-08-04 14:00:07,22,Architect - NVW Model,93,PULSE,O,3010,★,Goliath Factory
2022-08-04 14:00:26,12,Scarecrow,97,PULSE,O,3010,★,Goliath Factory
2022-08-04 14:00:45,22,Architect - NVW Model,93,PULSE,X,2013,★★,Striker_SWAP
2022-08-12 20:24:27,12,Scarecrow,95,PULSE,X,2012,★★,Dragoon_SWAP
2022-08-12 20:24:41,12,Scarecrow,94,PULSE,O,3009,★,Jaguar
2022-08-12 20:25:20,22,Architect - NVW Model,83,PULSE,O,3008,★,Prowler
2022-08-12 20:25:50,22,Architect - NVW Model,82,PULSE,O,3005,★,Striker
2022-08-13 18:27:57,22,Architect - NVW Model,81,PULSE,O,3010,★,Goliath Factory
2022-08-13 18:28:16,12,Scarecrow,94,PULSE,X,1001,★★★,Scarecrow
2022-08-14 18:32:18,12,Scarecrow,93,PULSE,O,3010,★,Goliath Factory
2022-08-14 18:32:32,12,Scarecrow,92,PULSE,O,3009,★,Jaguar
2022-08-19 01:52:46,22,Architect - NVW Model,81,PULSE,X,2004,★★,Nemeum
2022-08-19 01:53:05,22,Architect - NVW Model,80,PULSE,O,2014,★★,Aegis_SWAP
2022-08-23 20:26:13,15,,99,PULSE,O,3010,★,Goliath Factory
2022-08-23 20:26:23,15,,98,PULSE,O,3007,★,Scout
2022-08-23 20:26:35,15,,97,PULSE,O,3004,★,Jaeger
2022-08-23 20:27:27,15,,96,PULSE,O,3001,★,Ripper
2022-08-23 20:27:48,15,,95,PULSE,O,3004,★,Jaeger
2022-08-23 20:28:08,15,,94,PULSE,O,3002,★,Vespid
2022-08-23 20:28:19,15,,93,PULSE,O,3010,★,Goliath Factory
2022-08-23 20:28:29,15,,92,PULSE,O,3007,★,Scout
2022-08-23 20:28:44,15,,92,PULSE,X,0,,Unknown
2022-08-23 20:29:12,15,,91,PULSE,O,3002,★,Vespid
2022-08-23 20:29:26,15,,90,PULSE,O,3007,★,Scout
2022-08-23 20:30:10,15,,89,PULSE,O,3001,★,Ripper
2022-08-23 20:30:23,15,,89,PULSE,X,0,,Unknown
2022-08-23 20:30:42,15,,88,PULSE,O,3009,★,Jaguar
2022-08-24 11:24:03,15,,87,PULSE,O,2010,★★,Vespid_SWAP
2022-08-26 11:56:10,15,,86,PULSE,O,3003,★,Guard
2022-08-26 11:56:20,15,,85,PULSE,O,2013,★★,Striker_SWAP
2022-08-26 11:56:34,15,,84,PULSE,O,3004,★,Jaeger
2022-08-26 11:56:45,15,,84,PULSE,X,0,,Unknown
2022-09-03 18:05:53,15,,74,PULSE,O,3010,★,Goliath Factory
2022-09-03 18:06:01,15,,73,PULSE,O,2012,★★,Dragoon_SWAP
2022-09-03 18:06:15,15,,72,PULSE,O,3006,★,Dinergate
2022-09-03 18:06:44,15,,71,PULSE,O,3008,★,Prowler
2022-09-03 18:07:01,15,,70,PULSE,O,3003,★,Guard
2022-09-03 18:07:14,15,,70,PULSE,X,0,,Unknown
2022-09-03 18:07:32,15,,69,PULSE,O,3005,★,Striker
2022-09-03 23:29:02,15,,68,PULSE,O,3002,★,Vespid
2022-09-04 12:15:22,15,,67,PULSE,O,3009,★,Jaguar
2022-09-04 22:54:47,15,,66,PULSE,O,3008,★,Prowler
2022-09-06 01:00:10,15,,65,PULSE,O,2005,★★,Tarantula
2022-09-06 01:00:23,15,,64,PULSE,O,3004,★,Jaeger
2022-09-06 23:23:50,15,,64,PULSE,X,0,,Unknown
2022-09-06 23:24:07,15,,64,PULSE,X,0,,Unknown
2022-09-16 22:42:17,15,Hunter,55,PULSE,O,3003,★,Guard
2022-09-16 22:42:26,15,Hunter,54,PULSE,O,2008,★★,Guard_SWAP
2022-09-20 20:22:35,17,,100,PULSE,X,0,,Unknown
2022-09-20 20:22:52,17,,99,PULSE,O,3004,★,Jaeger
2022-09-20 20:26:47,17,,98,PULSE,O,3006,★,Dinergate
2022-09-20 20:27:02,17,,97,PULSE,O,3006,★,Dinergate
2022-09-20 20:27:11,17,,97,PULSE,X,0,,Unknown
2022-09-20 20:27:23,17,,96,PULSE,O,3002,★,Vespid
2022-09-20 20:27:33,17,,95,PULSE,O,2004,★★,Nemeum
2022-09-20 20:27:44,17,,94,PULSE,O,3007,★,Scout
2022-09-20 20:27:56,17,,93,PULSE,O,3010,★,Goliath Factory
2022-09-20 20:28:12,17,,92,PULSE,O,2006,★★,Manticore
2022-09-20 20:53:05,17,,91,PULSE,O,2014,★★,Aegis_SWAP
2022-09-20 20:53:15,17,,90,PULSE,O,3007,★,Scout
2022-09-20 20:53:50,17,,89,PULSE,O,3001,★,Ripper
2022-09-20 20:54:32,17,,88,PULSE,O,3008,★,Prowler
2022-10-01 13:33:23,17,Intruder,80,PULSE,X,2004,★★,Nemeum
2022-10-01 13:33:31,17,Intruder,79,PULSE,O,3004,★,Jaeger
2022-10-01 13:33:39,17,Intruder,78,PULSE,O,3001,★,Ripper
2022-10-01 13:33:48,17,Intruder,77,PULSE,O,3002,★,Vespid
2022-10-01 13:33:59,17,Intruder,76,PULSE,O,3005,★,Striker
2022-10-01 13:34:16,17,Intruder,75,PULSE,O,3008,★,Prowler
2022-10-01 13:34:57,17,Intruder,74,PULSE,O,3008,★,Prowler
2022-10-01 13:35:07,17,Intruder,74,PULSE,X,2006,★★,Manticore
2022-10-01 13:35:17,17,Intruder,73,PULSE,O,3006,★,Dinergate
2022-10-01 13:35:56,17,Intruder,72,PULSE,O,3005,★,Striker
2022-10-01 13:36:08,17,Intruder,71,PULSE,O,3005,★,Striker
2022-10-04 22:36:44,17,Intruder,70,PULSE,O,3009,★,Jaguar
2022-10-04 22:36:53,17,Intruder,69,PULSE,O,3007,★,Scout
2022-10-04 22:37:04,17,Intruder,69,PULSE,X,1004,★★★,Intruder
2022-10-04 22:37:19,17,Intruder,68,PULSE,O,3002,★,Vespid
2022-10-04 22:37:28,17,Intruder,67,PULSE,O,3004,★,Jaeger
2022-10-04 22:37:39,17,Intruder,66,PULSE,O,3003,★,Guard
2022-10-04 22:37:55,17,Intruder,65,PULSE,O,2006,★★,Manticore
2022-10-07 16:03:45,17,Intruder,64,PULSE,O,3003,★,Guard
2022-10-07 16:04:00,17,Intruder,63,PULSE,O,3001,★,Ripper
2022-10-07 16:04:16,17,Intruder,63,PULSE,X,2014,★★,Aegis_SWAP
2022-10-07 16:05:10,17,Intruder,62,PULSE,O,3002,★,Vespid
2022-10-07 16:05:30,17,Intruder,61,PULSE,O,3001,★,Ripper
2022-10-08 02:17:32,17,Intruder,60,PULSE,O,3004,★,Jaeger
2022-10-10 20:48:46,17,Intruder,55,PULSE,O,3001,★,Ripper
2022-10-11 20:53:55,17,Intruder,54,PULSE,O,1004,★★★,Intruder
2022-10-12 02:48:08,17,Intruder,99,PULSE,O,3010,★,Goliath Factory
2022-10-12 02:48:19,17,Intruder,99,PULSE,X,2004,★★,Nemeum
2022-10-18 15:20:26,17,Intruder,98,PULSE,O,2014,★★,Aegis_SWAP
2022-10-18 23:10:25,27,,99,PULSE,O,2004,★★,Nemeum
2022-10-18 23:10:46,27,,98,PULSE,O,3007,★,Scout
2022-10-18 23:10:54,27,,97,PULSE,O,3010,★,Goliath Factory
2022-10-18 23:11:02,27,,96,PULSE,O,3001,★,Ripper
2022-10-18 23:11:09,27,,95,PULSE,O,3009,★,Jaguar
2022-10-18 23:11:16,27,,94,PULSE,O,3010,★,Goliath Factory
2022-10-18 23:11:23,27,,93,PULSE,O,3010,★,Goliath Factory
2022-10-18 23:11:31,27,,92,PULSE,O,3008,★,Prowler
2022-10-18 23:11:39,27,,91,PULSE,O,3007,★,Scout
2022-10-18 23:12:24,27,,90,PULSE,O,3002,★,Vespid
2022-10-18 23:12:34,27,,89,PULSE,O,3001,★,Ripper
2022-10-18 23:12:44,27,,88,PULSE,O,3002,★,Vespid
2022-10-18 23:13:05,27,,87,PULSE,O,2004,★★,Nemeum
2022-10-20 22:12:46,27,Intruder - Sorceress of the End,84,PULSE,O,3007,★,Scout
2022-10-20 22:13:10,27,Intruder - Sorceress of the End,83,PULSE,O,3007,★,Scout
2022-10-23 14:50:05,27,Intruder - Sorceress of the End,78,PULSE,O,3006,★,Dinergate
2022-10-24 21:16:50,27,Intruder - Sorceress of the End,77,PULSE,O,3007,★,Scout
2022-10-24 21:27:13,27,Intruder - Sorceress of the End,76,PULSE,O,3009,★,Jaguar
2022-10-24 21:27:27,27,Intruder - Sorceress of the End,75,PULSE,O,3005,★,Striker
2022-10-25 19:10:10,27,Intruder - Sorceress of the End,74,PULSE,O,3001,★,Ripper
2022-10-25 19:10:27,19,Hunter,Intruder,Destroyer,Architect,Ouroboros,Alchemist,99,SVAROG,O,3005,★,Striker
2022-10-25 19:10:27,19,Hunter,Intruder,Destroyer,Architect,Ouroboros,Alchemist,98,SVAROG,O,2004,★★,Nemeum
2022-10-25 19:10:27,19,Hunter,Intruder,Destroyer,Architect,Ouroboros,Alchemist,97,SVAROG,O,3005,★,Striker
2022-10-25 19:10:27,19,Hunter,Intruder,Destroyer,Architect,Ouroboros,Alchemist,96,SVAROG,O,3010,★,Goliath Factory
2022-10-25 19:10:27,19,Hunter,Intruder,Destroyer,Architect,Ouroboros,Alchemist,95,SVAROG,O,3010,★,Goliath Factory
2022-10-25 19:10:27,19,Hunter,Intruder,Destroyer,Architect,Ouroboros,Alchemist,94,SVAROG,O,2014,★★,Aegis_SWAP
2022-10-25 19:10:27,19,Hunter,Intruder,Destroyer,Architect,Ouroboros,Alchemist,93,SVAROG,O,2005,★★,Tarantula
2022-10-25 19:10:27,19,Hunter,Intruder,Destroyer,Architect,Ouroboros,Alchemist,92,SVAROG,O,2006,★★,Manticore
2022-10-25 19:10:27,19,Hunter,Intruder,Destroyer,Architect,Ouroboros,Alchemist,91,SVAROG,O,1003,★★★,Hunter
2022-10-25 19:10:27,19,Hunter,Intruder,Destroyer,Architect,Ouroboros,Alchemist,90,SVAROG,O,3009,★,Jaguar
2022-10-26 14:55:00,27,Intruder - Sorceress of the End,73,PULSE,O,3003,★,Guard
2022-10-26 14:55:21,27,Intruder - Sorceress of the End,73,PULSE,X,2017,★★,Zombie Bride
2022-10-26 19:29:13,19,Hunter,Intruder,Destroyer,Architect,Ouroboros,Alchemist,99,SVAROG,O,2011,★★,Prowler_SWAP
2022-10-26 19:29:13,19,Hunter,Intruder,Destroyer,Architect,Ouroboros,Alchemist,98,SVAROG,O,2014,★★,Aegis_SWAP
2022-10-26 19:29:13,19,Hunter,Intruder,Destroyer,Architect,Ouroboros,Alchemist,97,SVAROG,O,2004,★★,Nemeum
2022-10-26 19:29:13,19,Hunter,Intruder,Destroyer,Architect,Ouroboros,Alchemist,96,SVAROG,O,2012,★★,Dragoon_SWAP
2022-10-26 19:29:13,19,Hunter,Intruder,Destroyer,Architect,Ouroboros,Alchemist,95,SVAROG,O,3002,★,Vespid
2022-10-26 19:29:13,19,Hunter,Intruder,Destroyer,Architect,Ouroboros,Alchemist,94,SVAROG,O,3001,★,Ripper
2022-10-26 19:29:13,19,Hunter,Intruder,Destroyer,Architect,Ouroboros,Alchemist,93,SVAROG,O,3002,★,Vespid
2022-10-26 19:29:13,19,Hunter,Intruder,Destroyer,Architect,Ouroboros,Alchemist,92,SVAROG,O,3007,★,Scout
2022-10-26 19:29:13,19,Hunter,Intruder,Destroyer,Architect,Ouroboros,Alchemist,91,SVAROG,O,2002,★★,Dragoon
2022-10-26 19:29:13,19,Hunter,Intruder,Destroyer,Architect,Ouroboros,Alchemist,90,SVAROG,O,3003,★,Guard
2022-10-27 03:27:58,27,Intruder - Sorceress of the End,73,PULSE,X,2004,★★,Nemeum
2022-10-27 14:54:50,27,Intruder - Sorceress of the End,72,PULSE,O,3004,★,Jaeger
2022-10-27 19:22:18,19,Hunter,Intruder,Destroyer,Architect,Ouroboros,Alchemist,89,SVAROG,O,3005,★,Striker
2022-10-27 19:22:18,19,Hunter,Intruder,Destroyer,Architect,Ouroboros,Alchemist,88,SVAROG,O,2013,★★,Striker_SWAP
2022-10-27 19:22:18,19,Hunter,Intruder,Destroyer,Architect,Ouroboros,Alchemist,87,SVAROG,O,3007,★,Scout
2022-10-27 19:22:18,19,Hunter,Intruder,Destroyer,Architect,Ouroboros,Alchemist,86,SVAROG,O,3005,★,Striker
2022-10-27 19:22:18,19,Hunter,Intruder,Destroyer,Architect,Ouroboros,Alchemist,85,SVAROG,O,3002,★,Vespid
2022-10-27 19:22:18,19,Hunter,Intruder,Destroyer,Architect,Ouroboros,Alchemist,84,SVAROG,O,2012,★★,Dragoon_SWAP
2022-10-27 19:22:18,19,Hunter,Intruder,Destroyer,Architect,Ouroboros,Alchemist,83,SVAROG,O,3008,★,Prowler
2022-10-27 19:22:18,19,Hunter,Intruder,Destroyer,Architect,Ouroboros,Alchemist,82,SVAROG,O,3010,★,Goliath Factory
2022-10-27 19:22:18,19,Hunter,Intruder,Destroyer,Architect,Ouroboros,Alchemist,81,SVAROG,O,2001,★★,Brute
2022-10-27 19:22:18,19,Hunter,Intruder,Destroyer,Architect,Ouroboros,Alchemist,80,SVAROG,O,2014,★★,Aegis_SWAP
2022-10-28 02:26:16,27,Intruder - Sorceress of the End,71,PULSE,O,3009,★,Jaguar
2022-10-29 03:49:11,19,Hunter,Intruder,Destroyer,Architect,Ouroboros,Alchemist,79,SVAROG,O,3004,★,Jaeger
2022-10-29 03:49:11,19,Hunter,Intruder,Destroyer,Architect,Ouroboros,Alchemist,78,SVAROG,O,3003,★,Guard
2022-10-29 03:49:11,19,Hunter,Intruder,Destroyer,Architect,Ouroboros,Alchemist,77,SVAROG,O,3010,★,Goliath Factory
2022-10-29 03:49:12,19,Hunter,Intruder,Destroyer,Architect,Ouroboros,Alchemist,76,SVAROG,O,3009,★,Jaguar
2022-10-29 03:49:12,19,Hunter,Intruder,Destroyer,Architect,Ouroboros,Alchemist,75,SVAROG,O,3008,★,Prowler
2022-10-29 03:49:12,19,Hunter,Intruder,Destroyer,Architect,Ouroboros,Alchemist,74,SVAROG,O,3009,★,Jaguar
2022-10-29 03:49:12,19,Hunter,Intruder,Destroyer,Architect,Ouroboros,Alchemist,73,SVAROG,O,3004,★,Jaeger
2022-10-29 03:49:12,19,Hunter,Intruder,Destroyer,Architect,Ouroboros,Alchemist,72,SVAROG,O,3010,★,Goliath Factory
2022-10-29 03:49:12,19,Hunter,Intruder,Destroyer,Architect,Ouroboros,Alchemist,71,SVAROG,O,2005,★★,Tarantula
2022-10-29 03:49:12,19,Hunter,Intruder,Destroyer,Architect,Ouroboros,Alchemist,70,SVAROG,O,2003,★★,Aegis
2022-10-29 03:49:51,19,Hunter,Intruder,Destroyer,Architect,Ouroboros,Alchemist,70,PULSE,X,2004,★★,Nemeum
2022-10-29 03:50:09,27,Intruder - Sorceress of the End,70,PULSE,O,3006,★,Dinergate
2022-10-29 15:07:08,27,Intruder - Sorceress of the End,69,PULSE,O,3002,★,Vespid
2022-10-29 23:42:06,27,Intruder - Sorceress of the End,68,PULSE,O,2017,★★,Zombie Bride
2022-10-30 02:46:32,19,Hunter,Intruder,Destroyer,Architect,Ouroboros,Alchemist,69,SVAROG,O,3004,★,Jaeger
2022-10-30 02:46:32,19,Hunter,Intruder,Destroyer,Architect,Ouroboros,Alchemist,68,SVAROG,O,2006,★★,Manticore
2022-10-30 02:46:32,19,Hunter,Intruder,Destroyer,Architect,Ouroboros,Alchemist,67,SVAROG,O,3009,★,Jaguar
2022-10-30 02:46:32,19,Hunter,Intruder,Destroyer,Architect,Ouroboros,Alchemist,66,SVAROG,O,3004,★,Jaeger
2022-10-30 02:46:32,19,Hunter,Intruder,Destroyer,Architect,Ouroboros,Alchemist,65,SVAROG,O,3008,★,Prowler
2022-10-30 02:46:32,19,Hunter,Intruder,Destroyer,Architect,Ouroboros,Alchemist,64,SVAROG,O,3001,★,Ripper
2022-10-30 02:46:32,19,Hunter,Intruder,Destroyer,Architect,Ouroboros,Alchemist,63,SVAROG,O,3005,★,Striker
2022-10-30 02:46:32,19,Hunter,Intruder,Destroyer,Architect,Ouroboros,Alchemist,62,SVAROG,O,3005,★,Striker
2022-10-30 02:46:32,19,Hunter,Intruder,Destroyer,Architect,Ouroboros,Alchemist,61,SVAROG,O,2005,★★,Tarantula
2022-10-30 02:46:32,19,Hunter,Intruder,Destroyer,Architect,Ouroboros,Alchemist,60,SVAROG,O,3010,★,Goliath Factory
2022-10-30 21:11:47,19,Hunter,Intruder,Destroyer,Architect,Ouroboros,Alchemist,59,SVAROG,O,3006,★,Dinergate
2022-10-30 21:11:47,19,Hunter,Intruder,Destroyer,Architect,Ouroboros,Alchemist,58,SVAROG,O,3001,★,Ripper
2022-10-30 21:11:47,19,Hunter,Intruder,Destroyer,Architect,Ouroboros,Alchemist,57,SVAROG,O,2013,★★,Striker_SWAP
2022-10-30 21:11:47,19,Hunter,Intruder,Destroyer,Architect,Ouroboros,Alchemist,56,SVAROG,O,3003,★,Guard
2022-10-30 21:11:47,19,Hunter,Intruder,Destroyer,Architect,Ouroboros,Alchemist,55,SVAROG,O,2003,★★,Aegis
2022-10-30 21:11:47,19,Hunter,Intruder,Destroyer,Architect,Ouroboros,Alchemist,54,SVAROG,O,3007,★,Scout
2022-10-30 21:11:47,19,Hunter,Intruder,Destroyer,Architect,Ouroboros,Alchemist,53,SVAROG,O,2001,★★,Brute
2022-10-30 21:11:47,19,Hunter,Intruder,Destroyer,Architect,Ouroboros,Alchemist,52,SVAROG,O,3001,★,Ripper
2022-10-30 21:11:47,19,Hunter,Intruder,Destroyer,Architect,Ouroboros,Alchemist,51,SVAROG,O,3007,★,Scout
2022-10-30 21:11:47,19,Hunter,Intruder,Destroyer,Architect,Ouroboros,Alchemist,50,SVAROG,O,3009,★,Jaguar
2022-10-31 19:34:34,19,Hunter,Intruder,Destroyer,Architect,Ouroboros,Alchemist,49,SVAROG,O,3008,★,Prowler
2022-10-31 19:34:34,19,Hunter,Intruder,Destroyer,Architect,Ouroboros,Alchemist,48,SVAROG,O,2013,★★,Striker_SWAP
2022-10-31 19:34:34,19,Hunter,Intruder,Destroyer,Architect,Ouroboros,Alchemist,47,SVAROG,O,2009,★★,Ripper SWAP
2022-10-31 19:34:34,19,Hunter,Intruder,Destroyer,Architect,Ouroboros,Alchemist,46,SVAROG,O,3005,★,Striker
2022-10-31 19:34:34,19,Hunter,Intruder,Destroyer,Architect,Ouroboros,Alchemist,45,SVAROG,O,2008,★★,Guard_SWAP
2022-10-31 19:34:34,19,Hunter,Intruder,Destroyer,Architect,Ouroboros,Alchemist,44,SVAROG,O,3006,★,Dinergate
2022-10-31 19:34:34,19,Hunter,Intruder,Destroyer,Architect,Ouroboros,Alchemist,43,SVAROG,O,3007,★,Scout
2022-10-31 19:34:34,19,Hunter,Intruder,Destroyer,Architect,Ouroboros,Alchemist,42,SVAROG,O,3004,★,Jaeger
2022-10-31 19:34:34,19,Hunter,Intruder,Destroyer,Architect,Ouroboros,Alchemist,41,SVAROG,O,2014,★★,Aegis_SWAP
2022-10-31 19:34:34,19,Hunter,Intruder,Destroyer,Architect,Ouroboros,Alchemist,40,SVAROG,O,3005,★,Striker
2022-10-31 19:46:29,27,Intruder - Sorceress of the End,67,PULSE,O,3010,★,Goliath Factory
2022-10-31 19:46:51,27,Intruder - Sorceress of the End,66,PULSE,O,3001,★,Ripper
2022-10-31 19:46:59,27,Intruder - Sorceress of the End,65,PULSE,O,3004,★,Jaeger
2022-11-01 02:00:11,27,Intruder - Sorceress of the End,64,PULSE,O,3005,★,Striker
2022-11-01 18:20:03,19,Hunter,Intruder,Destroyer,Architect,Ouroboros,Alchemist,40,PULSE,X,1008,★★★,Alchemist
2022-11-03 19:24:46,27,Intruder - Sorceress of the End,63,PULSE,O,3009,★,Jaguar
2022-11-03 19:24:59,27,Intruder - Sorceress of the End,62,PULSE,O,3010,★,Goliath Factory
2022-11-03 19:25:07,27,Intruder - Sorceress of the End,61,PULSE,O,3003,★,Guard
2022-11-03 19:25:16,27,Intruder - Sorceress of the End,60,PULSE,O,2017,★★,Zombie Bride
2022-11-04 00:42:37,27,Intruder - Sorceress of the End,59,PULSE,O,3006,★,Dinergate
2022-11-04 00:46:23,27,Intruder - Sorceress of the End,59,PULSE,X,2006,★★,Manticore
2022-11-04 00:46:34,27,Intruder - Sorceress of the End,58,PULSE,O,1016,★★★,Intruder - Sorceress of the End
2022-11-04 22:54:29,18,Destroyer,99,PULSE,O,3009,★,Jaguar
2022-11-04 22:54:45,18,Destroyer,98,PULSE,O,3007,★,Scout
2022-11-05 14:26:00,27,Intruder - Sorceress of the End,99,PULSE,O,3009,★,Jaguar
2022-11-06 00:55:15,18,Destroyer,97,PULSE,O,3008,★,Prowler
2022-11-06 23:45:49,18,Destroyer,96,PULSE,O,3002,★,Vespid
2022-11-06 23:45:57,18,Destroyer,95,PULSE,O,3005,★,Striker
2022-11-07 13:14:04,18,Destroyer,94,PULSE,O,3007,★,Scout
2022-11-08 02:32:34,27,Intruder - Sorceress of the End,98,PULSE,O,2017,★★,Zombie Bride
2022-11-09 21:54:59,27,Intruder - Sorceress of the End,98,PULSE,X,2004,★★,Nemeum
2022-11-09 21:55:13,18,Destroyer,93,PULSE,O,3005,★,Striker
2022-11-09 21:55:23,27,Intruder - Sorceress of the End,97,PULSE,O,3005,★,Striker
2022-11-09 21:55:31,27,Intruder - Sorceress of the End,97,PULSE,X,2006,★★,Manticore
2022-11-14 21:04:19,18,Destroyer,92,PULSE,O,3004,★,Jaeger
2022-11-14 21:04:28,18,Destroyer,91,PULSE,O,3004,★,Jaeger
2022-11-14 21:05:01,27,Intruder - Sorceress of the End,96,PULSE,O,3006,★,Dinergate
2022-11-14 21:05:10,27,Intruder - Sorceress of the End,95,PULSE,O,3010,★,Goliath Factory
2022-11-14 21:05:18,27,Intruder - Sorceress of the End,94,PULSE,O,3006,★,Dinergate
2022-11-14 21:06:05,27,Intruder - Sorceress of the End,93,PULSE,O,3002,★,Vespid
2022-11-14 21:06:15,27,Intruder - Sorceress of the End,92,PULSE,O,3002,★,Vespid
2022-11-14 21:06:26,27,Intruder - Sorceress of the End,91,PULSE,O,3001,★,Ripper
2022-11-14 21:06:36,27,Intruder - Sorceress of the End,90,PULSE,O,3008,★,Prowler
2022-11-14 21:06:47,27,Intruder - Sorceress of the End,89,PULSE,O,3002,★,Vespid
2022-11-14 21:06:58,27,Intruder - Sorceress of the End,88,PULSE,O,3009,★,Jaguar
2022-11-14 21:07:11,18,Destroyer,90,PULSE,O,3002,★,Vespid
2022-11-14 21:07:25,18,Destroyer,89,PULSE,O,3008,★,Prowler
2022-11-14 21:08:29,18,Destroyer,88,PULSE,O,3006,★,Dinergate
2022-11-14 21:08:45,18,Destroyer,87,PULSE,O,3007,★,Scout
2022-11-14 21:09:00,18,Destroyer,86,PULSE,O,3006,★,Dinergate
2022-11-14 21:10:13,18,Destroyer,85,PULSE,O,3005,★,Striker
2022-11-14 21:10:20,18,Destroyer,84,PULSE,O,3009,★,Jaguar
2022-11-14 21:10:28,18,Destroyer,83,PULSE,O,3010,★,Goliath Factory
2022-11-14 21:10:34,18,Destroyer,82,PULSE,O,3002,★,Vespid
2022-11-14 21:10:41,18,Destroyer,81,PULSE,O,3003,★,Guard
2022-11-14 21:10:49,18,Destroyer,80,PULSE,O,3001,★,Ripper
2022-11-14 21:10:56,18,Destroyer,79,PULSE,O,3010,★,Goliath Factory
2022-11-14 21:11:37,18,Destroyer,78,PULSE,O,3003,★,Guard
2022-11-14 21:11:47,18,Destroyer,77,PULSE,O,3001,★,Ripper
2022-11-14 21:12:01,18,Destroyer,77,PULSE,X,2012,★★,Dragoon_SWAP
2022-11-14 21:12:14,18,Destroyer,76,SVAROG,O,3009,★,Jaguar
2022-11-14 21:12:20,18,Destroyer,75,SVAROG,O,2005,★★,Tarantula
2022-11-14 21:12:24,18,Destroyer,74,SVAROG,O,3003,★,Guard
2022-11-14 21:12:28,18,Destroyer,73,SVAROG,O,3001,★,Ripper
2022-11-14 21:12:31,18,Destroyer,72,SVAROG,O,3008,★,Prowler
2022-11-14 21:12:35,18,Destroyer,71,SVAROG,O,3007,★,Scout
2022-11-14 21:12:38,18,Destroyer,70,SVAROG,O,3003,★,Guard
2022-11-14 21:13:31,27,Intruder - Sorceress of the End,87,SVAROG,O,3006,★,Dinergate
2022-11-14 21:13:31,27,Intruder - Sorceress of the End,86,SVAROG,O,3010,★,Goliath Factory
2022-11-14 21:13:31,27,Intruder - Sorceress of the End,85,SVAROG,O,3006,★,Dinergate
2022-11-14 21:13:31,27,Intruder - Sorceress of the End,84,SVAROG,O,3010,★,Goliath Factory
2022-11-14 21:13:31,27,Intruder - Sorceress of the End,83,SVAROG,O,3001,★,Ripper
2022-11-14 21:13:31,27,Intruder - Sorceress of the End,82,SVAROG,O,3001,★,Ripper
2022-11-14 21:13:31,27,Intruder - Sorceress of the End,81,SVAROG,O,3007,★,Scout
2022-11-14 21:13:31,27,Intruder - Sorceress of the End,80,SVAROG,O,3001,★,Ripper
2022-11-14 21:13:31,27,Intruder - Sorceress of the End,79,SVAROG,O,3004,★,Jaeger
2022-11-14 21:13:31,27,Intruder - Sorceress of the End,78,SVAROG,O,3003,★,Guard
2022-11-14 21:14:28,27,Intruder - Sorceress of the End,78,PULSE,X,2009,★★,Ripper SWAP
2022-11-14 21:14:37,27,Intruder - Sorceress of the End,78,PULSE,X,2009,★★,Ripper SWAP
2022-11-14 21:14:46,27,Intruder - Sorceress of the End,77,PULSE,O,3003,★,Guard
2022-11-14 21:14:57,27,Intruder - Sorceress of the End,76,PULSE,O,3007,★,Scout
2022-11-14 21:15:08,27,Intruder - Sorceress of the End,75,PULSE,O,1016,★★★,Intruder - Sorceress of the End
2022-11-14 21:15:20,27,Intruder - Sorceress of the End,74,PULSE,O,2006,★★,Manticore
2022-11-14 21:15:31,27,Intruder - Sorceress of the End,73,PULSE,O,3005,★,Striker
2022-11-14 21:15:44,27,Intruder - Sorceress of the End,72,PULSE,O,3008,★,Prowler
2022-11-14 21:15:55,27,Intruder - Sorceress of the End,71,PULSE,O,3009,★,Jaguar
2022-11-14 21:16:08,27,Intruder - Sorceress of the End,70,PULSE,O,3007,★,Scout
2022-11-14 21:16:41,27,Intruder - Sorceress of the End,69,PULSE,O,3002,★,Vespid
2022-11-14 21:16:59,27,Intruder - Sorceress of the End,68,SVAROG,O,2017,★★,Zombie Bride
2022-11-14 21:16:59,27,Intruder - Sorceress of the End,67,SVAROG,O,2006,★★,Manticore
2022-11-14 21:16:59,27,Intruder - Sorceress of the End,66,SVAROG,O,2009,★★,Ripper SWAP
2022-11-14 21:16:59,27,Intruder - Sorceress of the End,65,SVAROG,O,3009,★,Jaguar
2022-11-14 21:16:59,27,Intruder - Sorceress of the End,64,SVAROG,O,3005,★,Striker
2022-11-14 21:16:59,27,Intruder - Sorceress of the End,63,SVAROG,O,3002,★,Vespid
2022-11-14 21:16:59,27,Intruder - Sorceress of the End,62,SVAROG,O,3003,★,Guard
2022-11-14 21:16:59,27,Intruder - Sorceress of the End,61,SVAROG,O,3002,★,Vespid
2022-11-14 21:16:59,27,Intruder - Sorceress of the End,60,SVAROG,O,2004,★★,Nemeum
2022-11-14 21:16:59,27,Intruder - Sorceress of the End,59,SVAROG,O,3003,★,Guard
2022-11-14 21:18:03,27,Intruder - Sorceress of the End,58,PULSE,O,2003,★★,Aegis
2022-11-14 21:18:20,27,Intruder - Sorceress of the End,57,PULSE,O,3006,★,Dinergate
2022-11-14 21:18:35,27,Intruder - Sorceress of the End,56,PULSE,O,2003,★★,Aegis
2022-11-14 21:18:48,27,Intruder - Sorceress of the End,55,PULSE,O,3008,★,Prowler
2022-11-14 21:19:06,27,Intruder - Sorceress of the End,54,PULSE,O,3007,★,Scout
2022-11-14 21:19:25,27,Intruder - Sorceress of the End,54,PULSE,X,2009,★★,Ripper SWAP
2022-11-14 21:19:42,27,Intruder - Sorceress of the End,54,PULSE,X,2004,★★,Nemeum
2022-11-14 21:19:59,27,Intruder - Sorceress of the End,54,PULSE,X,2006,★★,Manticore
2022-11-14 21:20:21,27,Intruder - Sorceress of the End,53,PULSE,O,3007,★,Scout
2022-11-14 21:22:28,27,Intruder - Sorceress of the End,53,PULSE,X,2004,★★,Nemeum
2022-11-14 21:22:47,27,Intruder - Sorceress of the End,52,PULSE,O,3008,★,Prowler
2022-11-14 21:23:24,27,Intruder - Sorceress of the End,51,PULSE,O,3006,★,Dinergate
2022-11-14 21:23:48,27,Intruder - Sorceress of the End,50,PULSE,O,3005,★,Striker
2022-11-14 21:24:06,27,Intruder - Sorceress of the End,49,SVAROG,O,2003,★★,Aegis
2022-11-14 21:24:06,27,Intruder - Sorceress of the End,48,SVAROG,O,2005,★★,Tarantula
2022-11-14 21:24:06,27,Intruder - Sorceress of the End,47,SVAROG,O,2005,★★,Tarantula
2022-11-14 21:24:06,27,Intruder - Sorceress of the End,46,SVAROG,O,3010,★,Goliath Factory
2022-11-14 21:24:06,27,Intruder - Sorceress of the End,45,SVAROG,O,3004,★,Jaeger
2022-11-14 21:24:06,27,Intruder - Sorceress of the End,44,SVAROG,O,3007,★,Scout
2022-11-14 21:24:06,27,Intruder - Sorceress of the End,43,SVAROG,O,3003,★,Guard
2022-11-14 21:24:06,27,Intruder - Sorceress of the End,42,SVAROG,O,3004,★,Jaeger
2022-11-14 21:24:06,27,Intruder - Sorceress of the End,41,SVAROG,O,2004,★★,Nemeum
2022-11-14 21:24:06,27,Intruder - Sorceress of the End,40,SVAROG,O,2009,★★,Ripper SWAP
2022-11-14 21:24:17,27,Intruder - Sorceress of the End,39,PULSE,O,3004,★,Jaeger
2022-11-15 21:24:38,20,,99,PULSE,O,3001,★,Ripper
2022-11-15 22:34:18,20,,98,PULSE,O,3002,★,Vespid
2022-11-25 21:37:56,20,Architect,87,PULSE,O,3005,★,Striker
2022-11-25 21:38:08,20,Architect,86,PULSE,O,2015,★★,Jaeger SWAP
2022-11-25 21:38:20,20,Architect,85,PULSE,O,3006,★,Dinergate
2022-11-25 21:38:28,20,Architect,84,PULSE,O,3010,★,Goliath Factory
2022-11-25 21:38:41,20,Architect,83,PULSE,O,3008,★,Prowler
2022-11-26 20:21:10,20,Architect,82,PULSE,O,3005,★,Striker
2022-11-28 01:07:52,20,Architect,81,PULSE,O,3004,★,Jaeger
2022-11-28 01:08:20,20,Architect,80,PULSE,O,3008,★,Prowler
2022-11-28 01:08:31,20,Architect,79,PULSE,O,3001,★,Ripper
2022-11-29 12:54:56,20,Architect,78,PULSE,O,3007,★,Scout
2022-11-29 12:55:44,20,Architect,78,PULSE,X,2006,★★,Manticore
2022-11-29 12:56:00,20,Architect,77,PULSE,O,2004,★★,Nemeum
2022-12-14 00:13:44,21,,99,PULSE,O,3004,★,Jaeger
2022-12-14 00:26:43,21,,98,PULSE,O,3002,★,Vespid
2022-12-14 00:26:52,21,,97,PULSE,O,3003,★,Guard
2022-12-14 00:27:52,21,,96,PULSE,O,2012,★★,Dragoon_SWAP
2022-12-14 00:28:00,21,,95,PULSE,O,3008,★,Prowler
2022-12-14 00:28:08,21,,94,PULSE,O,3003,★,Guard
2022-12-14 00:28:16,21,,93,PULSE,O,3009,★,Jaguar
2022-12-14 00:28:25,21,,92,PULSE,O,2009,★★,Ripper SWAP
2022-12-15 01:01:47,21,,91,PULSE,O,2010,★★,Vespid_SWAP
2022-12-15 20:20:56,21,,90,PULSE,O,3009,★,Jaguar
2022-12-17 00:48:27,21,,89,PULSE,O,3009,★,Jaguar
2022-12-17 00:48:38,21,,88,PULSE,O,3008,★,Prowler
2022-12-17 19:32:25,21,,87,PULSE,O,3005,★,Striker
2022-12-18 21:45:01,21,,86,PULSE,O,3001,★,Ripper
2022-12-18 21:45:09,21,,85,PULSE,O,3001,★,Ripper
2022-12-18 21:45:20,21,,84,PULSE,O,2006,★★,Manticore
2022-12-18 21:45:42,21,,83,PULSE,O,3001,★,Ripper
2022-12-18 21:45:59,21,,82,PULSE,O,3006,★,Dinergate
2022-12-18 21:46:17,21,,81,PULSE,O,3010,★,Goliath Factory
2022-12-18 21:47:06,21,,80,PULSE,O,3007,★,Scout
2022-12-18 21:47:33,21,,79,PULSE,O,3006,★,Dinergate
2022-12-18 21:48:04,21,,78,PULSE,O,3005,★,Striker
2022-12-18 21:49:44,21,,77,PULSE,O,3009,★,Jaguar
2022-12-19 23:12:03,21,,76,PULSE,O,2009,★★,Ripper SWAP
2022-12-19 23:12:25,21,,75,PULSE,O,2009,★★,Ripper SWAP
2022-12-20 23:40:28,30,,99,PULSE,O,2004,★★,Nemeum
2022-12-20 23:40:38,30,,98,PULSE,O,3004,★,Jaeger
2022-12-21 14:19:45,30,,97,PULSE,O,3010,★,Goliath Factory
2022-12-21 14:19:53,30,,96,PULSE,O,3001,★,Ripper
2022-12-21 21:00:18,30,,95,PULSE,O,2004,★★,Nemeum
2022-12-22 16:33:37,30,,94,PULSE,O,3008,★,Prowler
2022-12-23 00:33:32,30,,93,PULSE,O,3007,★,Scout
2022-12-24 22:07:01,30,Destroyer - Dashing Reindeer,92,PULSE,O,3001,★,Ripper
2022-12-24 22:07:26,30,Destroyer - Dashing Reindeer,91,PULSE,O,3008,★,Prowler
2022-12-25 20:21:56,30,Destroyer - Dashing Reindeer,90,PULSE,O,3002,★,Vespid
2022-12-26 21:27:07,30,Destroyer - Dashing Reindeer,89,PULSE,O,3008,★,Prowler
2022-12-26 21:27:26,30,Destroyer - Dashing Reindeer,88,PULSE,O,3010,★,Goliath Factory
2022-12-26 21:27:54,30,Destroyer - Dashing Reindeer,87,PULSE,O,3006,★,Dinergate
2022-12-26 21:28:28,30,Destroyer - Dashing Reindeer,86,PULSE,O,3005,★,Striker
2022-12-26 21:28:43,30,Destroyer - Dashing Reindeer,85,PULSE,O,3006,★,Dinergate
2022-12-27 14:13:26,30,Destroyer - Dashing Reindeer,84,PULSE,O,3010,★,Goliath Factory
2022-12-27 14:13:34,30,Destroyer - Dashing Reindeer,83,PULSE,O,3006,★,Dinergate
2022-12-29 15:31:53,30,Destroyer - Dashing Reindeer,83,PULSE,X,2006,★★,Manticore
2022-12-29 15:32:01,30,Destroyer - Dashing Reindeer,82,PULSE,O,3002,★,Vespid
2022-12-29 15:32:08,30,Destroyer - Dashing Reindeer,81,PULSE,O,3009,★,Jaguar
2022-12-29 15:32:18,30,Destroyer - Dashing Reindeer,80,PULSE,O,3001,★,Ripper
2023-01-01 16:58:19,30,Destroyer - Dashing Reindeer,79,PULSE,O,3008,★,Prowler
2023-01-01 16:58:34,30,Destroyer - Dashing Reindeer,78,PULSE,O,3010,★,Goliath Factory
2023-01-01 16:58:43,30,Destroyer - Dashing Reindeer,77,PULSE,O,2016,★★,Gingerbread Guard
2023-01-01 16:59:55,30,Destroyer - Dashing Reindeer,76,PULSE,O,3005,★,Striker
2023-01-01 17:00:03,30,Destroyer - Dashing Reindeer,75,PULSE,O,3002,★,Vespid
2023-01-01 17:01:15,30,Destroyer - Dashing Reindeer,74,PULSE,O,3010,★,Goliath Factory
2023-01-03 01:58:29,30,Destroyer - Dashing Reindeer,73,PULSE,O,3002,★,Vespid
2023-01-03 01:58:37,30,Destroyer - Dashing Reindeer,72,PULSE,O,3007,★,Scout
2023-01-03 01:58:44,30,Destroyer - Dashing Reindeer,71,PULSE,O,3009,★,Jaguar
2023-01-04 00:01:33,30,Destroyer - Dashing Reindeer,70,PULSE,O,3009,★,Jaguar
2023-01-04 00:12:17,30,Destroyer - Dashing Reindeer,69,PULSE,O,3009,★,Jaguar
2023-01-04 00:12:24,30,Destroyer - Dashing Reindeer,68,PULSE,O,3001,★,Ripper
2023-01-04 00:12:30,30,Destroyer - Dashing Reindeer,67,PULSE,O,3002,★,Vespid
2023-01-04 00:12:37,30,Destroyer - Dashing Reindeer,67,PULSE,X,2006,★★,Manticore
2023-01-04 00:33:04,30,Destroyer - Dashing Reindeer,66,PULSE,O,2016,★★,Gingerbread Guard
2023-01-04 15:49:00,30,Destroyer - Dashing Reindeer,65,PULSE,O,3004,★,Jaeger
2023-01-05 03:12:04,30,Destroyer - Dashing Reindeer,64,PULSE,O,3004,★,Jaeger
2023-01-05 22:22:59,30,Destroyer - Dashing Reindeer,63,PULSE,O,3009,★,Jaguar
2023-01-06 19:35:03,30,Destroyer - Dashing Reindeer,62,PULSE,O,3003,★,Guard
2023-01-06 19:35:12,30,Destroyer - Dashing Reindeer,61,PULSE,O,3003,★,Guard
2023-01-06 22:55:16,21,Ouroboros,75,PULSE,X,2006,★★,Manticore
2023-01-06 22:55:27,21,Ouroboros,74,PULSE,O,1007,★★★,Ouroboros
2023-01-09 15:34:42,30,Destroyer - Dashing Reindeer,60,PULSE,O,3003,★,Guard
2023-01-09 15:34:51,30,Destroyer - Dashing Reindeer,59,PULSE,O,3010,★,Goliath Factory
2023-01-09 15:35:00,30,Destroyer - Dashing Reindeer,58,PULSE,O,3001,★,Ripper
2023-01-09 15:35:17,30,Destroyer - Dashing Reindeer,57,PULSE,O,2004,★★,Nemeum
2023-01-09 15:35:45,30,Destroyer - Dashing Reindeer,56,PULSE,O,3010,★,Goliath Factory
2023-01-09 15:35:54,30,Destroyer - Dashing Reindeer,55,PULSE,O,3002,★,Vespid
2023-01-09 23:56:08,30,Destroyer - Dashing Reindeer,55,PULSE,X,2006,★★,Manticore
2023-01-10 19:27:47,30,Destroyer - Dashing Reindeer,54,PULSE,O,3010,★,Goliath Factory
2023-01-10 19:27:57,30,Destroyer - Dashing Reindeer,53,PULSE,O,3009,★,Jaguar
2023-01-11 20:11:22,30,Destroyer - Dashing Reindeer,52,PULSE,O,3004,★,Jaeger
2023-01-11 20:11:37,30,Destroyer - Dashing Reindeer,51,PULSE,O,3001,★,Ripper
2023-01-11 20:11:46,30,Destroyer - Dashing Reindeer,50,PULSE,O,2006,★★,Manticore
2023-01-12 00:22:59,23,Alchemist,99,PULSE,O,3004,★,Jaeger
2023-01-12 04:44:43,30,Destroyer - Dashing Reindeer,49,PULSE,O,3006,★,Dinergate
2023-01-12 04:44:51,30,Destroyer - Dashing Reindeer,48,PULSE,O,3006,★,Dinergate
2023-01-12 04:45:08,30,Destroyer - Dashing Reindeer,47,PULSE,O,3004,★,Jaeger
2023-01-22 03:39:43,23,Alchemist,93,PULSE,O,3005,★,Striker
2023-01-22 03:39:51,23,Alchemist,92,PULSE,O,3008,★,Prowler
2023-01-22 03:39:58,23,Alchemist,91,PULSE,O,3004,★,Jaeger
2023-01-22 03:40:06,23,Alchemist,90,PULSE,O,3005,★,Striker
2023-01-22 19:26:55,23,Alchemist,89,PULSE,O,3007,★,Scout
2023-01-23 21:00:18,23,Alchemist,88,PULSE,O,3010,★,Goliath Factory
2023-01-23 21:00:28,23,Alchemist,87,PULSE,O,3009,★,Jaguar
2023-01-25 14:18:22,23,Alchemist,84,PULSE,O,3003,★,Guard
2023-01-25 14:18:32,23,Alchemist,83,PULSE,O,3006,★,Dinergate
2023-01-26 03:09:01,23,Alchemist,82,PULSE,O,3009,★,Jaguar
2023-01-26 16:48:23,23,Alchemist,81,PULSE,O,3001,★,Ripper
2023-01-27 16:04:03,23,Alchemist,80,PULSE,O,3004,★,Jaeger
2023-01-27 16:04:13,23,Alchemist,79,PULSE,O,3005,★,Striker
2023-02-03 22:02:12,23,Alchemist,68,PULSE,O,3008,★,Prowler
2023-02-03 22:02:20,23,Alchemist,67,PULSE,O,3007,★,Scout
2023-02-03 22:02:28,23,Alchemist,66,PULSE,O,3001,★,Ripper
2023-02-03 22:02:35,23,Alchemist,65,PULSE,O,3008,★,Prowler
2023-02-06 19:02:00,23,Alchemist,64,PULSE,X,2011,★★,Prowler_SWAP
2023-02-06 19:02:11,23,Alchemist,63,PULSE,O,3001,★,Ripper
2023-02-06 19:02:55,23,Alchemist,62,PULSE,O,3005,★,Striker
2023-02-07 01:04:27,23,Alchemist,61,PULSE,O,3006,★,Dinergate
2023-02-07 12:55:27,23,Alchemist,60,PULSE,O,3010,★,Goliath Factory
2023-02-07 23:05:10,24,,99,PULSE,O,2006,★★,Manticore
2023-02-08 16:29:32,24,,98,PULSE,O,3010,★,Goliath Factory
2023-02-08 16:29:54,24,,97,PULSE,O,3007,★,Scout
2023-02-10 00:04:30,24,Dreamer,96,PULSE,O,3002,★,Vespid
2023-02-10 00:04:42,24,Dreamer,95,PULSE,O,3003,★,Guard
2023-02-16 21:57:11,24,Dreamer,83,PULSE,O,3004,★,Jaeger
2023-02-16 21:57:20,24,Dreamer,82,PULSE,O,3010,★,Goliath Factory
2023-02-17 01:26:51,24,Dreamer,81,PULSE,O,2011,★★,Prowler_SWAP
2023-02-17 21:14:17,24,Dreamer,80,PULSE,O,3003,★,Guard
2023-02-18 19:21:07,24,Dreamer,79,PULSE,O,3009,★,Jaguar
2023-02-19 14:14:37,24,Dreamer,79,PULSE,X,2011,★★,Prowler_SWAP
2023-02-19 23:29:13,24,Dreamer,79,PULSE,X,2012,★★,Dragoon_SWAP
2023-02-20 19:09:34,24,Dreamer,78,PULSE,O,3007,★,Scout
2023-02-24 17:24:31,24,Dreamer,77,PULSE,O,3010,★,Goliath Factory
2023-02-24 17:24:41,24,Dreamer,76,PULSE,O,3002,★,Vespid
2023-02-24 17:24:49,24,Dreamer,75,PULSE,O,3005,★,Striker
2023-02-24 17:24:57,24,Dreamer,74,PULSE,O,3008,★,Prowler
2023-02-24 17:25:33,24,Dreamer,73,PULSE,O,3008,★,Prowler
2023-02-24 17:25:42,24,Dreamer,72,PULSE,O,3010,★,Goliath Factory
2023-02-24 17:26:02,24,Dreamer,71,PULSE,O,3010,★,Goliath Factory
2023-02-24 17:26:19,24,Dreamer,71,PULSE,X,2006,★★,Manticore
2023-02-24 17:26:29,24,Dreamer,71,PULSE,X,2005,★★,Tarantula
2023-02-24 17:26:39,24,Dreamer,70,PULSE,O,3006,★,Dinergate
2023-03-04 00:18:21,24,Dreamer,67,PULSE,O,2001,★★,Brute
2023-03-04 00:18:32,24,Dreamer,66,PULSE,O,3008,★,Prowler
2023-03-04 01:23:43,24,Dreamer,65,PULSE,O,3005,★,Striker
2023-03-08 17:31:41,25,,99,PULSE,O,3005,★,Striker
2023-03-08 19:24:34,25,,98,PULSE,O,3002,★,Vespid
2023-03-10 21:04:32,25,,97,PULSE,O,3004,★,Jaeger
2023-03-14 16:14:33,25,Gager,94,PULSE,O,3006,★,Dinergate
2023-03-14 16:14:43,25,Gager,93,PULSE,O,3007,★,Scout
2023-03-14 16:14:55,25,Gager,92,PULSE,O,3003,★,Guard
2023-03-14 16:15:07,25,Gager,91,PULSE,O,3001,★,Ripper
2023-03-14 16:15:15,25,Gager,90,PULSE,O,3006,★,Dinergate
2023-03-14 16:15:58,25,Gager,90,PULSE,X,2005,★★,Tarantula
2023-03-14 16:16:47,25,Gager,89,PULSE,O,3006,★,Dinergate
2023-03-14 16:17:14,25,Gager,89,PULSE,X,2005,★★,Tarantula
2023-03-14 16:17:26,25,Gager,88,PULSE,O,3003,★,Guard
2023-03-14 16:17:36,25,Gager,87,PULSE,O,3005,★,Striker
2023-03-15 17:14:49,25,Gager,87,PULSE,X,2009,★★,Ripper SWAP
2023-03-15 17:14:58,25,Gager,87,PULSE,X,1010,★★★,Gager
2023-03-15 19:40:21,25,Gager,86,PULSE,O,3002,★,Vespid
2023-03-21 14:41:46,25,Gager,82,PULSE,O,2008,★★,Guard_SWAP
2023-03-21 14:41:57,25,Gager,81,PULSE,O,3001,★,Ripper
2023-03-21 14:44:49,25,Gager,80,PULSE,O,2010,★★,Vespid_SWAP
2023-03-21 14:44:56,25,Gager,80,PULSE,X,2005,★★,Tarantula
2023-03-21 14:45:34,25,Gager,79,PULSE,O,3007,★,Scout
2023-03-21 14:45:42,25,Gager,78,PULSE,O,2006,★★,Manticore
2023-03-21 14:45:50,25,Gager,77,PULSE,O,3005,★,Striker
2023-03-21 14:45:58,25,Gager,76,PULSE,O,3006,★,Dinergate
2023-03-21 21:24:32,33,Hunter - Nightfall Moth,99,PULSE,O,3006,★,Dinergate
2023-03-21 21:24:51,33,Hunter - Nightfall Moth,98,PULSE,O,3009,★,Jaguar
2023-03-27 18:12:35,33,Hunter - Nightfall Moth,94,PULSE,O,3003,★,Guard
2023-03-28 22:38:13,33,Hunter - Nightfall Moth,93,PULSE,O,3004,★,Jaeger
2023-03-28 22:39:38,33,Hunter - Nightfall Moth,92,PULSE,O,3009,★,Jaguar
2023-03-28 22:42:19,33,Hunter - Nightfall Moth,91,PULSE,O,3009,★,Jaguar
2023-03-28 22:43:05,33,Hunter - Nightfall Moth,90,PULSE,O,3003,★,Guard
2023-03-28 22:43:58,33,Hunter - Nightfall Moth,89,PULSE,O,3002,★,Vespid
2023-03-28 22:45:11,33,Hunter - Nightfall Moth,88,PULSE,O,3004,★,Jaeger
2023-03-28 22:46:00,33,Hunter - Nightfall Moth,87,PULSE,O,3004,★,Jaeger
2023-03-28 22:46:08,33,Hunter - Nightfall Moth,86,PULSE,O,3006,★,Dinergate
2023-03-28 22:47:13,33,Hunter - Nightfall Moth,85,PULSE,O,3005,★,Striker
2023-03-28 22:48:01,33,Hunter - Nightfall Moth,84,PULSE,O,3002,★,Vespid
2023-03-28 22:48:10,33,Hunter - Nightfall Moth,84,PULSE,X,1018,★★★,Hunter - Nightfall Moth
2023-03-28 23:12:39,25,Gager,76,PULSE,X,1010,★★★,Gager
2023-03-29 20:24:15,33,Hunter - Nightfall Moth,83,PULSE,O,3010,★,Goliath Factory
2023-03-29 20:24:30,33,Hunter - Nightfall Moth,82,PULSE,O,2015,★★,Jaeger SWAP
2023-03-30 23:42:30,33,Hunter - Nightfall Moth,81,PULSE,O,3010,★,Goliath Factory
2023-03-30 23:42:40,33,Hunter - Nightfall Moth,80,PULSE,O,2014,★★,Aegis_SWAP
2023-04-05 23:31:35,33,Hunter - Nightfall Moth,71,PULSE,O,3001,★,Ripper
2023-04-05 23:31:47,33,Hunter - Nightfall Moth,71,PULSE,X,1018,★★★,Hunter - Nightfall Moth
2023-04-07 23:21:30,33,Hunter - Nightfall Moth,70,PULSE,O,3009,★,Jaguar
2023-04-07 23:21:39,33,Hunter - Nightfall Moth,69,PULSE,O,3009,★,Jaguar
2023-04-07 23:21:48,33,Hunter - Nightfall Moth,68,PULSE,O,3003,★,Guard
2023-04-07 23:22:05,33,Hunter - Nightfall Moth,67,PULSE,O,3003,★,Guard
2023-04-10 00:45:25,33,Hunter - Nightfall Moth,66,PULSE,O,3005,★,Striker
2023-04-10 12:04:05,33,Hunter - Nightfall Moth,66,PULSE,X,2004,★★,Nemeum
2023-04-10 12:04:15,33,Hunter - Nightfall Moth,65,PULSE,O,3007,★,Scout
2023-04-10 12:04:23,33,Hunter - Nightfall Moth,64,PULSE,O,2004,★★,Nemeum
2023-04-10 12:04:30,33,Hunter - Nightfall Moth,63,PULSE,O,2015,★★,Jaeger SWAP
2023-04-10 18:59:51,33,Hunter - Nightfall Moth,63,PULSE,X,2015,★★,Jaeger SWAP
2023-04-13 02:02:06,33,Hunter - Nightfall Moth,62,PULSE,O,3007,★,Scout
2023-04-13 02:02:16,33,Hunter - Nightfall Moth,61,PULSE,O,3008,★,Prowler
2023-04-13 02:02:29,33,Hunter - Nightfall Moth,60,PULSE,O,3002,★,Vespid
2023-04-13 02:02:36,33,Hunter - Nightfall Moth,59,PULSE,O,3007,★,Scout
2023-04-13 02:02:54,33,Hunter - Nightfall Moth,58,PULSE,O,3008,★,Prowler
2023-04-13 02:03:11,33,Hunter - Nightfall Moth,57,PULSE,O,3005,★,Striker
2023-04-13 02:03:22,33,Hunter - Nightfall Moth,56,PULSE,O,3006,★,Dinergate
2023-04-13 02:04:23,33,Hunter - Nightfall Moth,55,PULSE,O,2014,★★,Aegis_SWAP
2023-04-14 15:45:02,33,Hunter - Nightfall Moth,54,PULSE,O,3006,★,Dinergate
2023-04-14 15:45:11,33,Hunter - Nightfall Moth,53,PULSE,O,3007,★,Scout
2023-04-14 15:45:20,33,Hunter - Nightfall Moth,52,PULSE,O,3001,★,Ripper
2023-04-14 15:45:38,33,Hunter - Nightfall Moth,51,PULSE,O,3005,★,Striker
2023-04-21 16:57:57,26,Judge,92,PULSE,O,3006,★,Dinergate
2023-04-21 16:58:06,26,Judge,91,PULSE,O,3006,★,Dinergate
2023-04-21 21:51:30,26,Judge,90,PULSE,O,3009,★,Jaguar
2023-04-23 02:20:36,26,Judge,89,PULSE,O,3004,★,Jaeger
2023-04-25 20:44:09,26,Judge,88,PULSE,O,3005,★,Striker
2023-04-27 20:32:07,26,Judge,87,PULSE,O,3010,★,Goliath Factory
2023-04-27 20:32:18,26,Judge,86,PULSE,O,3002,★,Vespid
2023-04-27 20:32:37,26,Judge,86,PULSE,X,2011,★★,Prowler_SWAP
2023-04-27 20:32:47,26,Judge,85,PULSE,O,2017,★★,Zombie Bride
2023-04-30 12:28:01,26,Judge,84,PULSE,O,3007,★,Scout
2023-05-01 20:03:29,26,Judge,83,PULSE,O,3009,★,Jaguar
2023-05-03 15:12:39,38,,99,SVAROG,O,3002,★,Vespid
2023-05-03 15:12:39,38,,98,SVAROG,O,3002,★,Vespid
2023-05-03 15:12:39,38,,97,SVAROG,O,3005,★,Striker
2023-05-03 15:12:39,38,,96,SVAROG,O,3004,★,Jaeger
2023-05-03 15:12:39,38,,95,SVAROG,O,3004,★,Jaeger
2023-05-03 15:12:39,38,,94,SVAROG,O,2009,★★,Ripper SWAP
2023-05-03 15:12:39,38,,93,SVAROG,O,2009,★★,Ripper SWAP
2023-05-03 15:12:39,38,,92,SVAROG,O,3004,★,Jaeger
2023-05-03 15:12:39,38,,91,SVAROG,O,2008,★★,Guard_SWAP
2023-05-03 15:12:39,38,,90,SVAROG,O,3001,★,Ripper
2023-05-03 19:22:08,38,,89,SVAROG,O,3004,★,Jaeger
2023-05-03 19:22:08,38,,88,SVAROG,O,3007,★,Scout
2023-05-03 19:22:08,38,,87,SVAROG,O,3005,★,Striker
2023-05-03 19:22:08,38,,86,SVAROG,O,3003,★,Guard
2023-05-03 19:22:08,38,,85,SVAROG,O,3006,★,Dinergate
2023-05-03 19:22:08,38,,84,SVAROG,O,2009,★★,Ripper SWAP
2023-05-03 19:22:08,38,,83,SVAROG,O,3008,★,Prowler
2023-05-03 19:22:08,38,,82,SVAROG,O,2010,★★,Vespid_SWAP
2023-05-03 19:22:08,38,,81,SVAROG,O,3005,★,Striker
2023-05-03 19:22:08,38,,80,SVAROG,O,3009,★,Jaguar
2023-05-04 18:08:16,38,,79,SVAROG,O,3008,★,Prowler
2023-05-04 18:08:16,38,,78,SVAROG,O,2010,★★,Vespid_SWAP
2023-05-04 18:08:16,38,,77,SVAROG,O,2012,★★,Dragoon_SWAP
2023-05-04 18:08:16,38,,76,SVAROG,O,3010,★,Goliath Factory
2023-05-04 18:08:16,38,,75,SVAROG,O,3008,★,Prowler
2023-05-04 18:08:16,38,,74,SVAROG,O,3006,★,Dinergate
2023-05-04 18:08:16,38,,73,SVAROG,O,2011,★★,Prowler_SWAP
2023-05-04 18:08:16,38,,72,SVAROG,O,3007,★,Scout
2023-05-04 18:08:16,38,,71,SVAROG,O,3001,★,Ripper
2023-05-04 18:08:16,38,,70,SVAROG,O,3009,★,Jaguar
2023-05-05 19:22:49,38,,69,SVAROG,O,2012,★★,Dragoon_SWAP
2023-05-05 19:22:49,38,,68,SVAROG,O,3001,★,Ripper
2023-05-05 19:22:49,38,,67,SVAROG,O,2010,★★,Vespid_SWAP
2023-05-05 19:22:49,38,,66,SVAROG,O,3008,★,Prowler
2023-05-05 19:22:49,38,,65,SVAROG,O,3010,★,Goliath Factory
2023-05-05 19:22:49,38,,64,SVAROG,O,3003,★,Guard
2023-05-05 19:22:49,38,,63,SVAROG,O,3002,★,Vespid
2023-05-05 19:22:49,38,,62,SVAROG,O,3009,★,Jaguar
2023-05-05 19:22:49,38,,61,SVAROG,O,2010,★★,Vespid_SWAP
2023-05-05 19:22:49,38,,60,SVAROG,O,3002,★,Vespid
2023-05-07 13:01:54,38,,59,SVAROG,O,3010,★,Goliath Factory
2023-05-07 13:01:54,38,,58,SVAROG,O,2008,★★,Guard_SWAP
2023-05-07 13:01:54,38,,57,SVAROG,O,3007,★,Scout
2023-05-07 13:01:54,38,,56,SVAROG,O,3008,★,Prowler
2023-05-07 13:01:54,38,,55,SVAROG,O,3004,★,Jaeger
2023-05-07 13:01:54,38,,54,SVAROG,O,3009,★,Jaguar
2023-05-07 13:01:54,38,,53,SVAROG,O,3010,★,Goliath Factory
2023-05-07 13:01:54,38,,52,SVAROG,O,3002,★,Vespid
2023-05-07 13:01:54,38,,51,SVAROG,O,3006,★,Dinergate
2023-05-07 13:01:54,38,,50,SVAROG,O,3005,★,Striker
2023-05-07 18:11:00,38,,49,SVAROG,O,3006,★,Dinergate
2023-05-07 18:11:00,38,,48,SVAROG,O,3007,★,Scout
2023-05-07 18:11:00,38,,47,SVAROG,O,3006,★,Dinergate
2023-05-07 18:11:00,38,,46,SVAROG,O,3005,★,Striker
2023-05-07 18:11:00,38,,45,SVAROG,O,1006,★★★,Architect
2023-05-07 18:11:00,38,,44,SVAROG,O,2011,★★,Prowler_SWAP
2023-05-07 18:11:00,38,,43,SVAROG,O,3003,★,Guard
2023-05-07 18:11:00,38,,42,SVAROG,O,3001,★,Ripper
2023-05-07 18:11:00,38,,41,SVAROG,O,3005,★,Striker
2023-05-07 18:11:00,38,,40,SVAROG,O,2012,★★,Dragoon_SWAP
2023-05-08 18:18:10,38,,99,SVAROG,O,3010,★,Goliath Factory
2023-05-08 18:18:10,38,,98,SVAROG,O,3006,★,Dinergate
2023-05-08 18:18:10,38,,97,SVAROG,O,3007,★,Scout
2023-05-08 18:18:10,38,,96,SVAROG,O,2010,★★,Vespid_SWAP
2023-05-08 18:18:10,38,,95,SVAROG,O,3004,★,Jaeger
2023-05-08 18:18:10,38,,94,SVAROG,O,3004,★,Jaeger
2023-05-08 18:18:10,38,,93,SVAROG,O,3001,★,Ripper
2023-05-08 18:18:10,38,,92,SVAROG,O,3008,★,Prowler
2023-05-08 18:18:10,38,,91,SVAROG,O,3004,★,Jaeger
2023-05-08 18:18:10,38,,90,SVAROG,O,3009,★,Jaguar
2023-05-10 18:20:41,28,,99,PULSE,O,3005,★,Striker
2023-05-11 20:40:07,28,,98,PULSE,O,3002,★,Vespid
2023-05-12 21:11:00,28,Agent,97,PULSE,O,2004,★★,Nemeum
2023-05-13 18:40:07,28,Agent,96,PULSE,O,3009,★,Jaguar
2023-05-15 18:34:14,28,Agent,95,PULSE,O,3003,★,Guard
2023-05-15 18:40:26,28,Agent,94,PULSE,O,2008,★★,Guard_SWAP
2023-05-15 18:40:36,28,Agent,94,PULSE,X,2003,★★,Aegis
2023-05-15 18:40:50,28,Agent,94,PULSE,X,2001,★★,Brute
2023-05-15 18:41:09,28,Agent,93,PULSE,O,3009,★,Jaguar
2023-05-15 18:41:22,28,Agent,93,PULSE,X,2001,★★,Brute
2023-05-15 18:41:39,28,Agent,92,PULSE,O,3006,★,Dinergate
2023-05-15 18:41:46,28,Agent,91,PULSE,O,3006,★,Dinergate
2023-05-18 17:43:45,28,Agent,90,PULSE,O,3001,★,Ripper
2023-05-18 18:42:53,28,Agent,89,PULSE,O,2006,★★,Manticore
2023-05-19 21:07:03,28,Agent,88,PULSE,O,3010,★,Goliath Factory
2023-05-20 18:55:49,28,Agent,87,PULSE,O,3007,★,Scout
2023-05-21 21:52:41,28,Agent,86,PULSE,O,3001,★,Ripper
2023-05-22 19:42:10,28,Agent,85,PULSE,O,3002,★,Vespid
2023-05-22 19:42:22,28,Agent,84,PULSE,O,3009,★,Jaguar
2023-05-22 19:42:35,28,Agent,83,PULSE,O,3006,★,Dinergate
2023-05-22 19:42:47,28,Agent,82,PULSE,O,3002,★,Vespid
2023-05-22 19:42:56,28,Agent,82,PULSE,X,2006,★★,Manticore
2023-05-22 19:43:07,28,Agent,81,PULSE,O,3003,★,Guard
2023-05-22 19:43:54,28,Agent,80,PULSE,O,3003,★,Guard
2023-05-22 19:44:04,28,Agent,79,PULSE,O,3002,★,Vespid
2023-05-24 14:50:49,28,Agent,78,PULSE,O,3008,★,Prowler
2023-05-25 18:11:31,28,Agent,77,PULSE,O,3009,★,Jaguar
2023-05-30 10:43:29,28,Agent,76,PULSE,O,3009,★,Jaguar
2023-05-30 10:43:37,28,Agent,75,PULSE,O,3004,★,Jaeger
2023-05-30 10:43:44,28,Agent,74,PULSE,O,3004,★,Jaeger
2023-05-30 10:43:51,28,Agent,73,PULSE,O,3010,★,Goliath Factory
2023-05-30 10:44:11,28,Agent,72,PULSE,O,3009,★,Jaguar
2023-05-30 10:44:33,28,Agent,71,PULSE,O,3003,★,Guard
2023-05-30 10:45:13,28,Agent,70,PULSE,O,3008,★,Prowler
2023-05-30 10:45:27,28,Agent,69,PULSE,O,3008,★,Prowler
2023-06-02 16:32:49,29,,99,PULSE,O,3006,★,Dinergate
2023-06-04 09:47:50,29,,99,PULSE,X,0,,Unknown
2023-06-05 20:18:31,29,,98,PULSE,O,3005,★,Striker
2023-06-05 20:18:39,29,,97,PULSE,O,3004,★,Jaeger
2023-06-05 20:18:46,29,,96,PULSE,O,3007,★,Scout
2023-06-05 20:18:53,29,,95,PULSE,O,3003,★,Guard
2023-06-05 20:19:41,29,,94,PULSE,O,3008,★,Prowler
2023-06-05 20:19:49,29,,93,PULSE,O,2006,★★,Manticore
2023-06-05 20:20:07,29,,92,PULSE,O,3007,★,Scout
2023-06-05 20:20:24,29,,91,PULSE,O,3005,★,Striker
2023-06-08 18:03:10,29,,89,PULSE,O,2009,★★,Ripper SWAP
2023-06-12 19:39:03,29,Adeline,87,PULSE,O,3009,★,Jaguar
2023-06-12 19:39:28,29,Adeline,86,PULSE,O,3003,★,Guard
2023-06-12 19:39:44,29,Adeline,85,PULSE,O,3009,★,Jaguar
2023-06-12 19:39:53,29,Adeline,84,PULSE,O,3002,★,Vespid
2023-06-12 19:40:14,29,Adeline,83,PULSE,O,3004,★,Jaeger
2023-06-12 19:40:34,29,Adeline,82,PULSE,O,3001,★,Ripper
2023-06-12 19:40:57,29,Adeline,81,PULSE,O,3002,★,Vespid
2023-06-12 19:41:30,29,Adeline,80,PULSE,O,3006,★,Dinergate
2023-06-15 14:48:48,29,Adeline,79,PULSE,O,3004,★,Jaeger
2023-06-18 19:57:27,29,Adeline,79,PULSE,X,2011,★★,Prowler_SWAP
2023-06-20 21:11:36,36,,99,PULSE,O,3004,★,Jaeger
2023-06-20 21:12:57,36,,98,PULSE,O,3004,★,Jaeger
2023-06-20 21:13:04,36,,97,PULSE,O,3005,★,Striker
2023-06-20 21:13:22,36,,96,PULSE,O,3003,★,Guard
2023-06-20 21:13:29,36,,95,PULSE,O,3007,★,Scout
2023-06-20 21:13:37,36,,94,PULSE,O,3009,★,Jaguar
2023-06-20 21:13:46,36,,94,PULSE,X,0,,Unknown
2023-06-20 21:13:57,36,,94,PULSE,X,0,,Unknown
2023-06-20 21:14:09,36,,93,PULSE,O,2015,★★,Jaeger SWAP
2023-06-20 21:14:18,36,,92,PULSE,O,3001,★,Ripper
2023-06-20 21:14:27,36,,91,PULSE,O,2014,★★,Aegis_SWAP
2023-06-20 21:14:45,36,,90,PULSE,O,3006,★,Dinergate
2023-06-20 21:15:14,36,,89,PULSE,O,3008,★,Prowler
2023-06-20 21:15:28,36,,88,PULSE,O,3010,★,Goliath Factory
2023-06-23 15:36:23,36,,87,PULSE,O,2014,★★,Aegis_SWAP
2023-06-25 22:41:15,36,Cerberus,86,PULSE,O,3002,★,Vespid
2023-06-25 22:41:29,36,Cerberus,85,PULSE,O,3006,★,Dinergate
2023-06-26 18:39:03,36,Cerberus,84,PULSE,O,3010,★,Goliath Factory
2023-06-26 18:39:13,36,Cerberus,83,PULSE,O,3002,★,Vespid
2023-06-26 18:39:39,36,Cerberus,82,PULSE,O,3009,★,Jaguar
2023-06-26 18:39:51,36,Cerberus,81,PULSE,O,3003,★,Guard
2023-06-26 18:40:02,36,Cerberus,80,PULSE,O,3004,★,Jaeger
2023-06-26 18:40:22,36,Cerberus,79,PULSE,O,3006,★,Dinergate
2023-06-26 18:40:38,36,Cerberus,78,PULSE,O,3004,★,Jaeger
2023-06-26 18:40:51,36,Cerberus,77,PULSE,O,3001,★,Ripper
2023-06-27 23:06:56,31,,99,PULSE,O,3002,★,Vespid
2023-06-27 23:07:21,31,,98,PULSE,O,3010,★,Goliath Factory
2023-06-27 23:08:02,31,,97,PULSE,O,3004,★,Jaeger
2023-06-27 23:09:01,36,Cerberus,76,PULSE,O,3002,★,Vespid
2023-06-27 23:09:41,36,Cerberus,75,PULSE,O,2003,★★,Aegis
2023-06-27 23:09:50,36,Cerberus,74,PULSE,O,3004,★,Jaeger
2023-06-27 23:10:00,36,Cerberus,73,PULSE,O,3007,★,Scout
2023-06-27 23:10:07,36,Cerberus,72,PULSE,O,3001,★,Ripper
2023-06-27 23:11:06,36,Cerberus,71,PULSE,O,3003,★,Guard
2023-06-27 23:12:07,36,Cerberus,70,PULSE,O,3004,★,Jaeger
2023-06-29 19:57:38,36,Cerberus,69,PULSE,O,3006,★,Dinergate
2023-06-29 19:57:57,36,Cerberus,68,PULSE,O,3002,★,Vespid
2023-06-29 19:58:10,36,Cerberus,67,PULSE,O,3009,★,Jaguar
2023-06-30 18:12:38,36,Cerberus,66,PULSE,O,3008,★,Prowler
2023-07-01 19:33:31,36,Cerberus,65,PULSE,O,3003,★,Guard
2023-07-03 02:14:46,36,Cerberus,64,PULSE,O,3006,★,Dinergate
2023-07-03 02:14:58,36,Cerberus,63,PULSE,O,3008,★,Prowler
2023-07-03 02:15:09,36,Cerberus,62,PULSE,O,2015,★★,Jaeger SWAP
2023-07-03 02:15:27,36,Cerberus,61,PULSE,O,3005,★,Striker
2023-07-03 02:16:07,36,Cerberus,60,PULSE,O,3006,★,Dinergate
2023-07-03 20:49:51,36,Cerberus,59,PULSE,O,3001,★,Ripper
2023-07-03 20:50:11,36,Cerberus,58,SVAROG,O,3001,★,Ripper
2023-07-03 20:50:11,36,Cerberus,57,SVAROG,O,2004,★★,Nemeum
2023-07-03 20:50:11,36,Cerberus,56,SVAROG,O,2002,★★,Dragoon
2023-07-03 20:50:11,36,Cerberus,55,SVAROG,O,2014,★★,Aegis_SWAP
2023-07-03 20:50:11,36,Cerberus,54,SVAROG,O,3009,★,Jaguar
2023-07-03 20:50:38,36,Cerberus,53,PULSE,O,3002,★,Vespid
2023-07-03 20:50:54,36,Cerberus,52,PULSE,O,3010,★,Goliath Factory
2023-07-04 22:19:42,36,Cerberus,51,PULSE,O,3003,★,Guard
2023-07-06 22:38:48,36,Cerberus,50,PULSE,O,3005,★,Striker
2023-07-06 22:40:20,36,Cerberus,49,PULSE,O,3001,★,Ripper
2023-07-06 22:40:31,36,Cerberus,48,PULSE,O,3008,★,Prowler
2023-07-06 22:41:33,36,Cerberus,47,PULSE,O,3007,★,Scout
2023-07-06 22:41:43,36,Cerberus,46,PULSE,O,2013,★★,Striker_SWAP
2023-07-06 22:42:16,36,Cerberus,45,PULSE,O,3010,★,Goliath Factory
2023-07-06 22:46:19,36,Cerberus,44,PULSE,O,3005,★,Striker
2023-07-06 22:46:25,36,Cerberus,43,PULSE,O,3004,★,Jaeger
2023-07-06 22:46:34,36,Cerberus,42,PULSE,O,3007,★,Scout
2023-07-06 22:47:00,36,Cerberus,41,PULSE,O,3009,★,Jaguar
2023-07-06 22:47:45,36,Cerberus,40,PULSE,O,3005,★,Striker
2023-07-06 22:48:28,36,Cerberus,39,PULSE,O,3002,★,Vespid
2023-07-07 18:06:56,36,Cerberus,39,PULSE,X,2015,★★,Jaeger SWAP
2023-07-08 18:55:16,36,Cerberus,38,PULSE,O,2004,★★,Nemeum
2023-07-08 18:55:31,36,Cerberus,37,PULSE,O,3002,★,Vespid
2023-07-09 18:58:07,36,Cerberus,36,PULSE,O,3009,★,Jaguar
2023-07-09 18:58:17,36,Cerberus,35,PULSE,O,2013,★★,Striker_SWAP
2023-07-11 21:31:39,36,Cerberus,34,PULSE,O,3008,★,Prowler
2023-07-11 21:31:54,36,Cerberus,33,PULSE,O,3005,★,Striker
2023-07-11 21:32:15,36,Cerberus,32,PULSE,O,3010,★,Goliath Factory
2023-07-11 21:33:13,36,Cerberus,32,PULSE,X,2003,★★,Aegis
2023-07-11 21:33:21,36,Cerberus,32,PULSE,X,2004,★★,Nemeum
2023-07-11 21:34:14,36,Cerberus,31,PULSE,O,2001,★★,Brute
2023-07-11 21:35:25,36,Cerberus,31,PULSE,X,2013,★★,Striker_SWAP
2023-07-11 21:35:40,36,Cerberus,30,PULSE,O,3008,★,Prowler
2023-07-11 21:35:50,36,Cerberus,29,PULSE,O,2003,★★,Aegis
2023-07-12 02:04:42,36,Cerberus,28,PULSE,O,2015,★★,Jaeger SWAP
2023-07-12 02:04:50,36,Cerberus,28,PULSE,X,1019,★★★,Cerberus
2023-07-12 02:04:57,36,Cerberus,27,PULSE,O,2004,★★,Nemeum
2023-07-12 02:05:05,36,Cerberus,26,PULSE,O,2002,★★,Dragoon
2023-07-12 02:05:19,36,Cerberus,25,PULSE,O,2002,★★,Dragoon
2023-07-12 02:05:26,36,Cerberus,24,PULSE,O,3003,★,Guard
2023-07-12 02:05:37,36,Cerberus,23,PULSE,O,3010,★,Goliath Factory
2023-07-12 02:05:55,36,Cerberus,23,PULSE,X,2013,★★,Striker_SWAP
2023-07-12 02:06:03,36,Cerberus,23,PULSE,X,2001,★★,Brute
2023-07-12 02:06:19,36,Cerberus,23,PULSE,X,1019,★★★,Cerberus
2023-07-12 02:06:26,36,Cerberus,22,PULSE,O,3008,★,Prowler
2023-07-12 02:06:40,36,Cerberus,21,PULSE,O,2003,★★,Aegis
2023-07-12 02:06:54,36,Cerberus,20,PULSE,O,3006,★,Dinergate
2023-07-12 02:07:05,36,Cerberus,19,PULSE,O,3001,★,Ripper
2023-07-12 02:07:13,36,Cerberus,18,PULSE,O,3005,★,Striker
2023-07-12 02:07:23,36,Cerberus,18,PULSE,X,2013,★★,Striker_SWAP
2023-07-12 02:07:29,36,Cerberus,17,PULSE,O,2013,★★,Striker_SWAP
2023-07-12 02:07:41,36,Cerberus,17,PULSE,X,2013,★★,Striker_SWAP
2023-07-12 02:07:59,36,Cerberus,16,PULSE,O,2013,★★,Striker_SWAP
2023-07-12 02:10:18,36,Cerberus,15,PULSE,O,3009,★,Jaguar
2023-07-12 02:10:54,36,Cerberus,14,PULSE,O,3003,★,Guard
2023-07-12 02:11:41,36,Cerberus,13,PULSE,O,3007,★,Scout
2023-07-12 02:12:30,36,Cerberus,13,PULSE,X,2002,★★,Dragoon
2023-07-12 02:13:12,36,Cerberus,13,PULSE,X,2014,★★,Aegis_SWAP
2023-07-12 02:14:02,36,Cerberus,13,PULSE,X,2014,★★,Aegis_SWAP
2023-07-12 02:14:43,36,Cerberus,12,PULSE,O,2001,★★,Brute
2023-07-12 02:14:58,36,Cerberus,11,PULSE,O,2002,★★,Dragoon
2023-07-12 02:15:08,36,Cerberus,10,PULSE,O,2003,★★,Aegis
2023-07-12 02:15:23,36,Cerberus,9,PULSE,O,3010,★,Goliath Factory
2023-07-12 02:16:05,31,Alina,96,PULSE,O,3006,★,Dinergate
2023-07-12 02:16:13,36,Cerberus,8,PULSE,O,3010,★,Goliath Factory
2023-07-12 02:16:22,36,Cerberus,7,PULSE,O,3007,★,Scout
2023-07-12 02:16:33,36,Cerberus,7,PULSE,X,1019,★★★,Cerberus
2023-07-12 02:16:40,36,Cerberus,6,PULSE,O,2015,★★,Jaeger SWAP
2023-07-12 02:16:50,36,Cerberus,5,PULSE,O,2014,★★,Aegis_SWAP
2023-07-12 02:17:11,36,Cerberus,4,SVAROG,O,2001,★★,Brute
2023-07-12 02:17:18,36,Cerberus,3,SVAROG,O,3007,★,Scout
2023-07-12 02:17:21,36,Cerberus,2,SVAROG,O,2001,★★,Brute
2023-07-12 02:17:24,36,Cerberus,1,SVAROG,O,1019,★★★,Cerberus
2023-07-12 21:42:06,31,Alina,96,PULSE,X,2011,★★,Prowler_SWAP
2023-07-16 21:49:27,31,Alina,95,PULSE,O,3008,★,Prowler
2023-07-16 21:49:36,31,Alina,94,PULSE,O,3001,★,Ripper
2023-07-16 21:49:54,31,Alina,93,PULSE,O,3005,★,Striker
2023-07-16 21:50:09,31,Alina,92,PULSE,O,3006,★,Dinergate
2023-07-16 21:50:23,31,Alina,91,PULSE,O,3010,★,Goliath Factory
2023-07-16 21:50:37,31,Alina,90,PULSE,O,3009,★,Jaguar
2023-07-16 21:50:45,31,Alina,90,PULSE,X,1014,★★★,Alina
2023-07-16 21:50:53,31,Alina,89,PULSE,O,3005,★,Striker
2023-07-16 21:51:27,31,Alina,88,PULSE,O,3009,★,Jaguar
2023-07-17 23:04:06,31,Alina,87,PULSE,O,3009,★,Jaguar
2023-07-17 23:04:18,31,Alina,86,PULSE,O,3001,★,Ripper
2023-07-19 12:52:14,31,Alina,85,PULSE,O,3002,★,Vespid
2023-07-19 12:52:22,31,Alina,84,PULSE,O,3004,★,Jaeger
2023-07-19 12:52:41,31,Alina,83,PULSE,O,3010,★,Goliath Factory
2023-07-20 14:47:23,31,Alina,82,PULSE,O,3001,★,Ripper
2023-07-20 14:47:33,31,Alina,81,PULSE,O,3005,★,Striker
2023-07-20 22:00:46,31,Alina,80,PULSE,O,3009,★,Jaguar
2023-07-21 18:48:19,31,Alina,79,PULSE,O,3004,★,Jaeger
2023-07-22 18:11:52,31,Alina,78,PULSE,O,3003,★,Guard
2023-07-23 19:17:43,31,Alina,77,PULSE,O,3006,★,Dinergate
2023-07-24 19:17:47,31,Alina,76,PULSE,O,3008,★,Prowler
2023-07-24 19:18:01,31,Alina,75,PULSE,O,2011,★★,Prowler_SWAP
2023-07-24 19:18:09,31,Alina,74,PULSE,O,3006,★,Dinergate
2023-07-24 19:18:18,31,Alina,73,PULSE,O,3007,★,Scout
2023-07-24 19:18:26,31,Alina,72,PULSE,O,3003,★,Guard
2023-07-24 19:18:44,31,Alina,71,PULSE,O,3008,★,Prowler
2023-07-24 19:19:02,31,Alina,70,PULSE,O,3010,★,Goliath Factory
2023-07-24 19:21:21,31,Alina,69,PULSE,O,3003,★,Guard
2023-07-24 19:43:20,31,Alina,68,PULSE,O,2015,★★,Jaeger SWAP
2023-07-24 19:44:21,31,Alina,67,PULSE,O,3007,★,Scout
2023-07-25 18:46:56,39,,99,PULSE,O,3003,★,Guard
2023-07-25 18:47:35,39,,98,PULSE,O,3008,★,Prowler
2023-07-28 22:20:09,39,,97,PULSE,O,3010,★,Goliath Factory
2023-07-28 22:20:22,39,,96,PULSE,O,3010,★,Goliath Factory
2023-07-28 22:20:30,39,,95,PULSE,O,2011,★★,Prowler_SWAP
2023-07-28 22:20:38,39,,94,PULSE,O,3001,★,Ripper
2023-07-28 22:20:46,39,,93,PULSE,O,3005,★,Striker
2023-07-28 22:21:33,39,,92,PULSE,O,3001,★,Ripper
2023-07-28 22:22:16,39,,91,PULSE,O,3010,★,Goliath Factory
2023-07-31 18:04:33,39,,90,PULSE,O,3004,★,Jaeger
2023-07-31 18:04:45,39,,89,PULSE,O,2008,★★,Guard_SWAP
2023-07-31 18:04:52,39,,88,PULSE,O,3010,★,Goliath Factory
2023-07-31 18:05:00,39,,87,PULSE,O,3008,★,Prowler
2023-07-31 18:05:08,39,,86,PULSE,O,3002,★,Vespid
2023-07-31 18:17:23,39,,85,PULSE,O,3007,★,Scout
2023-07-31 18:17:29,39,,84,PULSE,O,3007,★,Scout
2023-07-31 18:17:41,39,,84,PULSE,X,0,,Unknown
2023-08-02 01:33:21,40,,99,PULSE,O,1020,,Unknown
2023-08-02 01:34:08,40,,98,PULSE,O,2015,★★,Jaeger SWAP
2023-08-02 01:35:08,40,,97,PULSE,O,3002,★,Vespid
2023-08-03 18:34:21,40,Alina - Mosasaur Rider,96,PULSE,O,2015,★★,Jaeger SWAP
2023-08-03 18:34:33,40,Alina - Mosasaur Rider,95,PULSE,O,3010,★,Goliath Factory
2023-08-03 18:34:55,40,Alina - Mosasaur Rider,94,PULSE,O,3010,★,Goliath Factory
2023-08-05 15:17:01,40,Alina - Mosasaur Rider,93,PULSE,O,3006,★,Dinergate
2023-08-05 15:17:08,40,Alina - Mosasaur Rider,92,PULSE,O,3007,★,Scout
2023-08-05 15:17:14,40,Alina - Mosasaur Rider,91,PULSE,O,3001,★,Ripper
2023-08-05 15:17:43,40,Alina - Mosasaur Rider,90,PULSE,O,3003,★,Guard
2023-08-05 21:49:21,40,Alina - Mosasaur Rider,89,PULSE,O,3006,★,Dinergate
2023-08-07 02:53:25,40,Alina - Mosasaur Rider,88,PULSE,O,3002,★,Vespid
2023-08-07 02:53:32,40,Alina - Mosasaur Rider,87,PULSE,O,3010,★,Goliath Factory
2023-08-09 18:12:08,40,Alina - Mosasaur Rider,86,PULSE,O,3002,★,Vespid
2023-08-09 18:12:26,40,Alina - Mosasaur Rider,85,PULSE,O,3009,★,Jaguar
2023-08-09 18:12:34,40,Alina - Mosasaur Rider,84,PULSE,O,3006,★,Dinergate
2023-08-09 18:12:43,40,Alina - Mosasaur Rider,83,PULSE,O,3007,★,Scout
2023-08-09 18:12:57,40,Alina - Mosasaur Rider,82,PULSE,O,3010,★,Goliath Factory
2023-08-11 11:06:25,40,Alina - Mosasaur Rider,81,PULSE,O,3006,★,Dinergate
2023-08-13 15:44:28,40,Alina - Mosasaur Rider,80,PULSE,O,3004,★,Jaeger
2023-08-13 15:44:38,40,Alina - Mosasaur Rider,79,PULSE,O,3005,★,Striker
2023-08-13 15:44:46,40,Alina - Mosasaur Rider,78,PULSE,O,3007,★,Scout
2023-08-13 15:44:53,40,Alina - Mosasaur Rider,77,PULSE,O,3002,★,Vespid
2023-08-13 15:44:59,40,Alina - Mosasaur Rider,76,PULSE,O,3004,★,Jaeger
2023-08-13 15:45:12,40,Alina - Mosasaur Rider,75,PULSE,O,3005,★,Striker
2023-08-13 15:45:50,40,Alina - Mosasaur Rider,74,PULSE,O,3009,★,Jaguar
2023-08-14 12:47:08,40,Alina - Mosasaur Rider,73,PULSE,O,3009,★,Jaguar
2023-08-14 12:47:19,40,Alina - Mosasaur Rider,72,PULSE,O,3007,★,Scout
2023-08-14 21:37:03,40,Alina - Mosasaur Rider,72,PULSE,X,2018,★★,Jaws Paradise
2023-08-15 17:51:34,40,Alina - Mosasaur Rider,71,PULSE,O,3010,★,Goliath Factory
2023-08-15 21:29:45,40,Alina - Mosasaur Rider,70,PULSE,O,3008,★,Prowler
2023-08-16 21:28:21,40,Alina - Mosasaur Rider,69,PULSE,O,3010,★,Goliath Factory
2023-08-16 21:28:47,40,Alina - Mosasaur Rider,68,PULSE,O,3003,★,Guard
2023-08-17 14:53:06,40,Alina - Mosasaur Rider,67,PULSE,O,3004,★,Jaeger
2023-08-18 09:27:06,40,Alina - Mosasaur Rider,66,PULSE,O,3007,★,Scout
2023-08-18 09:27:17,40,Alina - Mosasaur Rider,65,PULSE,O,3001,★,Ripper
2023-08-19 15:24:08,40,Alina - Mosasaur Rider,64,PULSE,O,3008,★,Prowler
2023-08-20 20:40:13,40,Alina - Mosasaur Rider,63,PULSE,O,3003,★,Guard
2023-08-20 20:40:27,40,Alina - Mosasaur Rider,62,PULSE,O,2018,★★,Jaws Paradise
2023-08-21 19:10:24,40,Alina - Mosasaur Rider,61,PULSE,O,3003,★,Guard
2023-08-21 19:10:31,40,Alina - Mosasaur Rider,60,PULSE,O,3006,★,Dinergate
2023-08-21 19:10:42,40,Alina - Mosasaur Rider,59,PULSE,O,3005,★,Striker
2023-08-21 19:10:50,40,Alina - Mosasaur Rider,58,PULSE,O,3001,★,Ripper
2023-08-21 19:11:06,40,Alina - Mosasaur Rider,57,PULSE,O,2013,★★,Striker_SWAP
2023-08-21 19:11:43,40,Alina - Mosasaur Rider,57,PULSE,X,2015,★★,Jaeger SWAP
2023-08-21 19:11:53,40,Alina - Mosasaur Rider,56,PULSE,O,3003,★,Guard
2023-08-21 19:12:05,40,Alina - Mosasaur Rider,55,PULSE,O,3008,★,Prowler
2023-08-21 19:12:24,40,Alina - Mosasaur Rider,54,PULSE,O,3001,★,Ripper
2023-08-22 20:37:58,40,Alina - Mosasaur Rider,53,PULSE,O,2018,★★,Jaws Paradise
2023-08-23 18:58:32,40,Alina - Mosasaur Rider,53,PULSE,X,2003,★★,Aegis
2023-08-23 18:58:47,40,Alina - Mosasaur Rider,52,PULSE,O,3006,★,Dinergate
2023-08-23 18:58:55,40,Alina - Mosasaur Rider,51,PULSE,O,3008,★,Prowler
2023-08-24 19:01:12,40,Alina - Mosasaur Rider,50,PULSE,O,3005,★,Striker
2023-08-24 19:01:27,40,Alina - Mosasaur Rider,49,PULSE,O,3009,★,Jaguar
2023-08-27 12:01:16,40,Alina - Mosasaur Rider,48,PULSE,O,3004,★,Jaeger
2023-08-27 12:01:28,40,Alina - Mosasaur Rider,47,PULSE,O,3008,★,Prowler
2023-08-27 12:01:42,40,Alina - Mosasaur Rider,46,PULSE,O,2014,★★,Aegis_SWAP
2023-08-27 12:01:49,40,Alina - Mosasaur Rider,45,PULSE,O,2018,★★,Jaws Paradise
2023-08-28 18:08:03,40,Alina - Mosasaur Rider,44,PULSE,O,3005,★,Striker
2023-08-28 18:08:13,40,Alina - Mosasaur Rider,43,PULSE,O,3005,★,Striker
2023-08-28 18:08:20,40,Alina - Mosasaur Rider,42,PULSE,O,2015,★★,Jaeger SWAP
2023-08-28 18:08:30,40,Alina - Mosasaur Rider,41,PULSE,O,2014,★★,Aegis_SWAP
2023-08-28 18:13:55,32,Scarecrow,99,PULSE,O,3009,★,Jaguar
2023-08-28 18:14:02,32,Scarecrow,98,PULSE,O,3006,★,Dinergate
2023-08-28 18:14:11,32,Scarecrow,97,PULSE,O,3002,★,Vespid
2023-08-28 18:14:35,32,Scarecrow,97,PULSE,X,2011,★★,Prowler_SWAP
2023-08-29 21:51:09,32,Scarecrow,96,PULSE,O,3004,★,Jaeger
2023-08-29 21:51:39,32,Scarecrow,95,PULSE,O,3003,★,Guard
2023-08-29 21:51:46,32,Scarecrow,94,PULSE,O,3010,★,Goliath Factory
2023-08-31 18:11:30,32,Scarecrow,93,PULSE,O,3002,★,Vespid
2023-08-31 18:11:38,32,Scarecrow,92,PULSE,O,3008,★,Prowler
2023-08-31 18:12:19,32,Scarecrow,91,PULSE,O,3004,★,Jaeger
2023-09-01 18:23:28,32,Scarecrow,90,PULSE,O,3005,★,Striker
2023-09-04 18:58:44,32,Scarecrow,89,PULSE,O,3007,★,Scout
2023-09-04 19:00:17,32,Scarecrow,88,PULSE,O,2011,★★,Prowler_SWAP
2023-09-04 19:00:26,32,Scarecrow,87,PULSE,O,3010,★,Goliath Factory
2023-09-04 19:00:38,32,Scarecrow,86,PULSE,O,3010,★,Goliath Factory
2023-09-04 19:00:45,32,Scarecrow,85,PULSE,O,3010,★,Goliath Factory
2023-09-04 19:00:53,32,Scarecrow,84,PULSE,O,3003,★,Guard
2023-09-04 19:01:01,32,Scarecrow,83,PULSE,O,3008,★,Prowler
2023-09-04 19:01:22,32,Scarecrow,82,PULSE,O,3004,★,Jaeger
2023-09-04 19:01:30,32,Scarecrow,81,PULSE,O,3009,★,Jaguar
2023-09-04 19:02:05,32,Scarecrow,80,PULSE,O,3002,★,Vespid
2023-09-04 19:02:13,32,Scarecrow,79,PULSE,O,3002,★,Vespid
2023-09-04 19:02:25,32,Scarecrow,79,PULSE,X,2011,★★,Prowler_SWAP
2023-09-06 21:01:46,32,Scarecrow,78,PULSE,O,2011,★★,Prowler_SWAP
2023-09-06 21:02:02,32,Scarecrow,77,PULSE,O,3003,★,Guard
2023-09-06 21:02:18,32,Scarecrow,76,PULSE,O,3010,★,Goliath Factory
2023-09-06 21:02:34,32,Scarecrow,75,PULSE,O,3001,★,Ripper
2023-09-07 18:31:41,32,Scarecrow,74,PULSE,O,3005,★,Striker
2023-09-07 18:31:50,32,Scarecrow,73,PULSE,O,3003,★,Guard
2023-09-07 18:32:04,32,Scarecrow,72,PULSE,O,3001,★,Ripper
2023-09-07 18:32:12,32,Scarecrow,71,PULSE,O,3001,★,Ripper
2023-09-07 18:32:22,32,Scarecrow,70,PULSE,O,2009,★★,Ripper SWAP
2023-09-07 18:32:29,32,Scarecrow,70,PULSE,X,2005,★★,Tarantula
2023-09-07 18:32:39,32,Scarecrow,69,PULSE,O,2011,★★,Prowler_SWAP
2023-09-07 18:32:47,32,Scarecrow,68,PULSE,O,3007,★,Scout
2023-09-07 18:33:29,32,Scarecrow,67,PULSE,O,2004,★★,Nemeum
2023-09-07 18:34:16,32,Scarecrow,66,PULSE,O,3009,★,Jaguar
2023-09-08 22:04:40,32,Scarecrow,65,PULSE,O,3007,★,Scout
2023-09-08 22:04:58,32,Scarecrow,64,PULSE,O,3005,★,Striker
2023-09-08 22:05:32,32,Scarecrow,63,PULSE,O,3010,★,Goliath Factory
2023-09-09 20:25:38,32,Scarecrow,62,PULSE,O,3009,★,Jaguar
2023-09-10 13:10:02,32,Scarecrow,61,PULSE,O,3003,★,Guard
2023-09-10 13:10:14,32,Scarecrow,60,PULSE,O,3008,★,Prowler
2023-09-10 18:46:31,32,Scarecrow,60,PULSE,X,2005,★★,Tarantula
2023-09-11 18:09:18,32,Scarecrow,60,PULSE,X,2006,★★,Manticore
2023-09-11 18:09:30,32,Scarecrow,59,PULSE,O,2010,★★,Vespid_SWAP
2023-09-11 18:09:38,32,Scarecrow,59,PULSE,X,2004,★★,Nemeum
2023-09-11 18:09:48,32,Scarecrow,58,PULSE,O,3009,★,Jaguar
2023-09-11 18:10:07,32,Scarecrow,57,PULSE,O,3010,★,Goliath Factory
2023-09-11 18:10:44,32,Scarecrow,57,PULSE,X,2004,★★,Nemeum
2023-09-11 18:10:51,32,Scarecrow,56,PULSE,O,3005,★,Striker
2023-09-11 18:11:23,32,Scarecrow,55,PULSE,O,3001,★,Ripper
2023-09-13 18:49:03,32,Scarecrow,54,PULSE,O,3005,★,Striker
2023-09-13 18:49:11,32,Scarecrow,53,PULSE,O,3001,★,Ripper
2023-09-13 18:49:18,32,Scarecrow,52,PULSE,O,3002,★,Vespid
2023-09-13 18:49:25,32,Scarecrow,51,PULSE,O,3002,★,Vespid
2023-09-13 18:49:32,32,Scarecrow,50,PULSE,O,3008,★,Prowler
2023-09-13 18:49:40,32,Scarecrow,49,PULSE,O,3006,★,Dinergate
2023-09-13 18:49:46,32,Scarecrow,48,PULSE,O,3007,★,Scout
2023-09-13 18:51:32,32,Scarecrow,47,PULSE,O,3004,★,Jaeger
2023-09-13 18:51:42,32,Scarecrow,46,PULSE,O,3003,★,Guard
2023-09-13 18:52:23,32,Scarecrow,45,PULSE,O,3007,★,Scout
2023-09-13 18:53:53,32,Scarecrow,44,PULSE,O,3004,★,Jaeger
2023-09-13 18:55:00,32,Scarecrow,43,PULSE,O,3007,★,Scout
2023-09-13 18:55:08,32,Scarecrow,42,PULSE,O,3004,★,Jaeger
2023-09-13 18:55:20,32,Scarecrow,41,PULSE,O,3008,★,Prowler
2023-09-13 18:55:36,32,Scarecrow,41,PULSE,X,2006,★★,Manticore
2023-09-13 18:55:42,32,Scarecrow,40,PULSE,O,3005,★,Striker
2023-09-13 18:56:00,32,Scarecrow,39,PULSE,O,2006,★★,Manticore
2023-09-13 18:56:20,32,Scarecrow,38,PULSE,O,3004,★,Jaeger
2023-09-13 18:57:16,32,Scarecrow,38,PULSE,X,2005,★★,Tarantula
2023-09-13 18:57:31,32,Scarecrow,37,SVAROG,O,2005,★★,Tarantula
2023-09-13 18:57:35,32,Scarecrow,36,SVAROG,O,3009,★,Jaguar
2023-09-13 18:57:39,32,Scarecrow,35,SVAROG,O,2008,★★,Guard_SWAP
2023-09-13 18:57:43,32,Scarecrow,34,PULSE,O,3008,★,Prowler
2023-09-13 18:57:51,32,Scarecrow,33,SVAROG,O,2006,★★,Manticore
2023-09-13 18:57:55,32,Scarecrow,32,SVAROG,O,3001,★,Ripper
2023-09-13 18:57:58,32,Scarecrow,31,SVAROG,O,3008,★,Prowler
2023-09-13 18:58:02,32,Scarecrow,30,SVAROG,O,3006,★,Dinergate
2023-09-13 18:58:05,32,Scarecrow,29,SVAROG,O,2009,★★,Ripper SWAP
2023-09-13 18:58:08,32,Scarecrow,28,SVAROG,O,2008,★★,Guard_SWAP
2023-09-13 18:58:44,32,Scarecrow,27,SVAROG,O,3009,★,Jaguar
2023-09-13 18:58:47,32,Scarecrow,26,SVAROG,O,2010,★★,Vespid_SWAP
2023-09-13 18:58:50,32,Scarecrow,25,SVAROG,O,3006,★,Dinergate
2023-09-13 18:58:53,32,Scarecrow,24,SVAROG,O,2004,★★,Nemeum
2023-09-13 18:58:58,32,Scarecrow,23,PULSE,O,3006,★,Dinergate
2023-09-13 18:59:04,32,Scarecrow,22,PULSE,O,3007,★,Scout
2023-09-13 18:59:13,32,Scarecrow,21,SVAROG,O,2005,★★,Tarantula
2023-09-13 18:59:16,32,Scarecrow,20,SVAROG,O,1001,★★★,Scarecrow
2023-09-14 18:42:54,32,Scarecrow,99,PULSE,O,3009,★,Jaguar
2023-09-15 18:54:04,32,Scarecrow,98,PULSE,O,3002,★,Vespid
2023-09-18 19:55:13,32,Scarecrow,97,PULSE,O,3007,★,Scout
2023-09-18 19:55:29,32,Scarecrow,96,PULSE,O,3003,★,Guard
2023-09-18 19:56:02,32,Scarecrow,95,PULSE,O,3006,★,Dinergate
2023-09-18 19:56:16,32,Scarecrow,94,PULSE,O,3010,★,Goliath Factory
2023-09-18 19:56:23,32,Scarecrow,93,PULSE,O,3006,★,Dinergate
2023-09-18 19:56:33,32,Scarecrow,92,PULSE,O,3008,★,Prowler
2023-09-18 19:56:44,32,Scarecrow,91,PULSE,O,3005,★,Striker
2023-09-18 19:56:55,32,Scarecrow,90,PULSE,O,3008,★,Prowler
2023-09-19 17:14:53,32,Scarecrow,89,PULSE,O,3010,★,Goliath Factory
2023-09-19 17:18:36,32,Scarecrow,88,PULSE,O,2010,★★,Vespid_SWAP
2023-09-19 17:19:10,32,Scarecrow,88,PULSE,X,2011,★★,Prowler_SWAP
2023-09-19 17:19:17,32,Scarecrow,87,PULSE,O,3005,★,Striker
2023-09-19 17:19:30,32,Scarecrow,86,PULSE,O,2009,★★,Ripper SWAP
2023-09-19 17:19:41,32,Scarecrow,86,PULSE,X,2011,★★,Prowler_SWAP
2023-09-19 17:19:48,32,Scarecrow,85,PULSE,O,3009,★,Jaguar
2023-09-19 17:19:57,32,Scarecrow,84,PULSE,O,2009,★★,Ripper SWAP
2023-09-19 17:20:19,32,Scarecrow,83,PULSE,O,2011,★★,Prowler_SWAP
2023-09-19 17:20:40,32,Scarecrow,82,PULSE,O,3010,★,Goliath Factory
2023-09-19 17:20:48,32,Scarecrow,82,PULSE,X,1001,★★★,Scarecrow
2023-09-19 17:20:56,32,Scarecrow,81,PULSE,O,3003,★,Guard
2023-09-19 17:21:09,32,Scarecrow,81,PULSE,X,2004,★★,Nemeum
2023-09-19 17:21:28,32,Scarecrow,80,PULSE,O,3004,★,Jaeger
2023-09-19 17:21:52,32,Scarecrow,79,PULSE,O,3007,★,Scout
2023-09-19 17:22:14,32,Scarecrow,79,PULSE,X,2009,★★,Ripper SWAP
2023-09-19 17:22:22,32,Scarecrow,78,PULSE,O,3008,★,Prowler
2023-09-19 17:22:30,32,Scarecrow,77,PULSE,O,3006,★,Dinergate
2023-09-19 17:22:40,32,Scarecrow,76,PULSE,O,2010,★★,Vespid_SWAP
2023-09-19 17:22:56,32,Scarecrow,75,PULSE,O,3001,★,Ripper
2023-09-19 17:23:05,32,Scarecrow,75,PULSE,X,2008,★★,Guard_SWAP
2023-09-19 17:23:14,32,Scarecrow,75,PULSE,X,2010,★★,Vespid_SWAP
2023-09-19 17:23:22,32,Scarecrow,74,PULSE,O,3007,★,Scout
2023-09-19 17:23:34,32,Scarecrow,73,SVAROG,O,3006,★,Dinergate
2023-09-19 17:23:34,32,Scarecrow,72,SVAROG,O,2005,★★,Tarantula
2023-09-19 17:23:34,32,Scarecrow,71,SVAROG,O,3010,★,Goliath Factory
2023-09-19 17:23:34,32,Scarecrow,70,SVAROG,O,2008,★★,Guard_SWAP
2023-09-19 17:23:34,32,Scarecrow,69,SVAROG,O,2006,★★,Manticore
2023-09-19 17:23:34,32,Scarecrow,68,SVAROG,O,3003,★,Guard
2023-09-19 17:23:34,32,Scarecrow,67,SVAROG,O,3006,★,Dinergate
2023-09-19 17:23:34,32,Scarecrow,66,SVAROG,O,3004,★,Jaeger
2023-09-19 17:23:34,32,Scarecrow,65,SVAROG,O,2008,★★,Guard_SWAP
2023-09-19 17:23:34,32,Scarecrow,64,SVAROG,O,3003,★,Guard
2023-09-19 17:24:15,32,Scarecrow,63,PULSE,O,3002,★,Vespid
2023-09-19 17:24:22,32,Scarecrow,62,PULSE,O,3004,★,Jaeger
2023-09-19 17:24:29,32,Scarecrow,61,PULSE,O,3009,★,Jaguar
2023-09-19 17:24:36,32,Scarecrow,60,PULSE,O,3009,★,Jaguar
2023-09-19 17:24:42,32,Scarecrow,59,PULSE,O,3009,★,Jaguar
2023-09-19 17:24:49,32,Scarecrow,58,PULSE,O,3004,★,Jaeger
2023-09-19 17:24:56,32,Scarecrow,57,PULSE,O,3008,★,Prowler
2023-09-19 17:25:03,32,Scarecrow,56,PULSE,O,3007,★,Scout
2023-09-19 17:25:11,32,Scarecrow,55,PULSE,O,3004,★,Jaeger
2023-09-19 17:25:23,32,Scarecrow,55,PULSE,X,2010,★★,Vespid_SWAP
2023-09-19 17:25:33,32,Scarecrow,55,PULSE,X,2011,★★,Prowler_SWAP
2023-09-19 17:25:40,32,Scarecrow,54,PULSE,O,3002,★,Vespid
2023-09-19 17:25:47,32,Scarecrow,53,PULSE,O,3004,★,Jaeger
2023-09-19 17:26:04,32,Scarecrow,52,PULSE,O,3005,★,Striker
2023-09-19 17:26:13,32,Scarecrow,52,PULSE,X,2011,★★,Prowler_SWAP
2023-09-19 17:26:20,32,Scarecrow,51,PULSE,O,3009,★,Jaguar
2023-09-19 17:26:32,32,Scarecrow,50,PULSE,O,3006,★,Dinergate
2023-09-19 17:26:38,32,Scarecrow,49,PULSE,O,3008,★,Prowler
2023-09-19 17:27:39,32,Scarecrow,48,PULSE,O,3001,★,Ripper
2023-09-19 17:27:49,32,Scarecrow,47,PULSE,O,3010,★,Goliath Factory
2023-09-19 17:28:05,32,Scarecrow,46,PULSE,O,2004,★★,Nemeum
2023-09-19 17:28:15,32,Scarecrow,45,PULSE,O,2005,★★,Tarantula
2023-09-19 17:28:23,32,Scarecrow,44,PULSE,O,1001,★★★,Scarecrow
2023-09-20 15:42:48,34,,99,PULSE,O,3008,★,Prowler
2023-09-21 18:17:57,34,,98,PULSE,O,3004,★,Jaeger
2023-09-23 19:00:41,34,,97,PULSE,O,3009,★,Jaguar
2023-09-24 18:01:10,34,,96,PULSE,O,3004,★,Jaeger
2023-09-25 18:11:19,34,,95,PULSE,O,3009,★,Jaguar
2023-09-25 18:11:27,34,,95,PULSE,X,0,,Unknown
2023-09-25 18:11:34,34,,94,PULSE,O,3010,★,Goliath Factory
2023-09-25 18:11:43,34,,93,PULSE,O,3002,★,Vespid
2023-09-25 18:11:56,34,,92,PULSE,O,3010,★,Goliath Factory
2023-09-25 18:12:16,34,,91,PULSE,O,3010,★,Goliath Factory
2023-09-25 18:12:47,34,,90,PULSE,O,3001,★,Ripper
2023-09-25 18:13:33,34,,89,PULSE,O,3003,★,Guard
2023-09-29 18:14:09,34,,87,PULSE,O,3008,★,Prowler
2023-10-02 11:18:43,34,,86,PULSE,O,3010,★,Goliath Factory
2023-10-05 19:28:58,34,,85,PULSE,O,3007,★,Scout
2023-10-08 20:19:08,34,,85,PULSE,X,0,,Unknown
2023-10-09 20:54:14,34,,84,PULSE,O,3007,★,Scout
2023-10-09 20:54:32,34,,83,PULSE,O,3004,★,Jaeger
2023-10-09 20:54:46,34,,82,PULSE,O,3008,★,Prowler
2023-10-09 20:55:06,34,,81,PULSE,O,3004,★,Jaeger
2023-10-09 20:55:32,34,,80,PULSE,O,3005,★,Striker
2023-10-09 20:55:51,34,,79,PULSE,O,3008,★,Prowler
2023-10-09 20:56:15,34,,78,PULSE,O,2013,★★,Striker_SWAP
2023-10-09 20:56:32,34,,77,PULSE,O,2011,★★,Prowler_SWAP
2023-10-11 15:58:50,34,,76,PULSE,O,3003,★,Guard
2023-10-11 20:54:07,34,,76,PULSE,X,0,,Unknown
2023-10-13 19:19:56,34,,75,PULSE,O,3006,★,Dinergate
2023-10-15 19:42:03,34,,74,PULSE,O,3003,★,Guard
2023-10-16 19:01:55,34,,73,PULSE,O,3003,★,Guard
2023-10-16 19:02:38,34,,72,PULSE,O,3010,★,Goliath Factory
2023-10-16 19:02:46,34,,71,PULSE,O,2012,★★,Dragoon_SWAP
2023-10-16 19:02:54,34,,70,PULSE,O,2014,★★,Aegis_SWAP
2023-10-16 19:03:24,34,,69,PULSE,O,3009,★,Jaguar
2023-10-16 19:03:36,34,,68,PULSE,O,3006,★,Dinergate
2023-10-16 19:03:43,34,,67,PULSE,O,3005,★,Striker
2023-10-16 19:03:57,34,,66,PULSE,O,3009,★,Jaguar
2023-10-18 16:03:03,45,,99,PULSE,O,3007,★,Scout
2023-10-18 19:28:33,35,,99,PULSE,O,3003,★,Guard
2023-10-19 19:03:04,35,,98,PULSE,O,3006,★,Dinergate
2023-10-20 21:12:45,35,,97,PULSE,O,3005,★,Striker
2023-10-21 23:51:29,35,,96,PULSE,O,2018,★★,Jaws Paradise
2023-10-21 23:51:45,35,,95,PULSE,O,3009,★,Jaguar
2023-10-22 20:47:25,35,,94,PULSE,O,3009,★,Jaguar
2023-10-23 19:16:33,35,,93,PULSE,O,3002,★,Vespid
2023-10-23 19:20:20,35,,92,PULSE,O,3003,★,Guard
2023-10-23 19:20:31,35,,91,PULSE,O,3001,★,Ripper
2023-10-23 19:21:22,35,,91,PULSE,X,0,,Unknown
2023-10-23 19:21:39,35,,90,PULSE,O,3008,★,Prowler
2023-10-23 19:25:30,35,,89,PULSE,O,3008,★,Prowler
2023-10-23 19:25:38,35,,88,PULSE,O,3007,★,Scout
2023-10-23 19:26:20,35,,87,PULSE,O,3001,★,Ripper
2023-10-25 16:18:59,35,,86,PULSE,O,3004,★,Jaeger
2023-10-25 16:38:01,35,,85,PULSE,O,3002,★,Vespid
2023-10-25 16:38:17,35,,84,PULSE,O,3004,★,Jaeger
2023-10-25 16:38:39,35,,83,PULSE,O,3005,★,Striker
2023-10-25 16:38:54,35,,82,PULSE,O,3006,★,Dinergate
2023-10-25 16:39:57,35,,81,PULSE,O,3002,★,Vespid
2023-10-25 16:40:08,35,,80,PULSE,O,3007,★,Scout
2023-10-26 19:46:04,35,,79,PULSE,O,3005,★,Striker
2023-10-30 16:49:59,35,,78,PULSE,O,3008,★,Prowler
2023-10-31 17:52:44,35,,77,PULSE,O,3007,★,Scout
2023-10-31 17:52:52,35,,76,PULSE,O,3009,★,Jaguar
2023-10-31 17:52:59,35,,75,PULSE,O,3009,★,Jaguar
2023-10-31 17:53:09,35,,74,PULSE,O,3002,★,Vespid
2023-10-31 17:53:23,35,,74,PULSE,X,0,,Unknown
2023-10-31 17:53:34,35,,73,PULSE,O,2014,★★,Aegis_SWAP
2023-10-31 17:54:06,35,,72,PULSE,O,3006,★,Dinergate
2023-10-31 17:58:28,35,,71,PULSE,O,3008,★,Prowler
2023-11-01 17:27:29,35,,70,PULSE,O,3001,★,Ripper
2023-11-02 22:00:48,35,,69,PULSE,O,3007,★,Scout
2023-11-07 17:48:37,35,Hunter,60,PULSE,X,2013,★★,Striker_SWAP
2023-11-07 19:38:23,35,Hunter,59,PULSE,O,3007,★,Scout
2023-11-07 19:38:31,35,Hunter,58,PULSE,O,3007,★,Scout
2023-11-07 19:38:40,35,Hunter,57,PULSE,O,2012,★★,Dragoon_SWAP
2023-11-07 19:38:48,35,Hunter,57,PULSE,X,1003,★★★,Hunter
2023-11-07 19:38:55,35,Hunter,56,PULSE,O,3004,★,Jaeger
2023-11-11 14:38:58,35,Hunter,55,PULSE,O,3006,★,Dinergate
2023-11-11 14:39:06,35,Hunter,54,PULSE,O,3002,★,Vespid
2023-11-11 14:39:14,35,Hunter,53,PULSE,O,3009,★,Jaguar
2023-11-11 14:39:25,35,Hunter,52,PULSE,O,3008,★,Prowler
2023-11-11 14:39:49,35,Hunter,51,PULSE,O,3003,★,Guard
2023-11-11 14:40:49,35,Hunter,50,PULSE,O,3004,★,Jaeger
2023-11-11 14:40:57,35,Hunter,49,PULSE,O,3002,★,Vespid
2023-11-11 14:41:26,35,Hunter,48,PULSE,O,2018,★★,Jaws Paradise
2023-11-12 11:51:30,35,Hunter,47,PULSE,O,3001,★,Ripper
2023-11-13 20:42:17,35,Hunter,46,PULSE,O,2015,★★,Jaeger SWAP
2023-11-13 20:42:26,35,Hunter,45,PULSE,O,3001,★,Ripper
2023-11-13 20:42:53,35,Hunter,44,PULSE,O,3004,★,Jaeger
2023-11-13 20:43:14,35,Hunter,43,PULSE,O,3003,★,Guard
2023-11-13 20:44:04,35,Hunter,42,PULSE,O,3002,★,Vespid
2023-11-13 20:44:31,35,Hunter,41,PULSE,O,3010,★,Goliath Factory
2023-11-13 20:45:09,35,Hunter,40,PULSE,O,3005,★,Striker
2023-11-13 20:45:41,35,Hunter,40,PULSE,X,2014,★★,Aegis_SWAP
2023-11-13 20:46:43,35,Hunter,39,PULSE,O,3009,★,Jaguar
2023-11-15 22:24:12,46,,96,PULSE,O,3008,★,Prowler
2023-11-18 08:21:40,46,,95,PULSE,O,3009,★,Jaguar
2023-11-18 08:22:30,46,,94,PULSE,O,3010,★,Goliath Factory
2023-11-18 08:27:52,46,,93,PULSE,O,2018,★★,Jaws Paradise
2023-11-18 08:28:37,46,,92,PULSE,O,3003,★,Guard
2023-11-18 08:29:22,46,,91,PULSE,O,3010,★,Goliath Factory
2023-11-19 00:56:17,46,,90,PULSE,O,3004,★,Jaeger
2023-11-20 19:20:32,46,,89,PULSE,O,3010,★,Goliath Factory
2023-11-20 19:20:45,46,,88,PULSE,O,3002,★,Vespid
2023-11-20 19:21:05,46,,87,PULSE,O,3010,★,Goliath Factory
2023-11-20 19:22:00,46,,86,PULSE,O,3002,★,Vespid
2023-11-20 19:23:00,46,,86,PULSE,X,0,,Unknown
2023-11-20 19:23:25,46,,85,PULSE,O,3003,★,Guard
2023-11-20 19:24:56,46,,84,PULSE,O,3006,★,Dinergate
2023-11-20 19:25:09,46,,83,PULSE,O,3010,★,Goliath Factory
2023-11-22 16:12:36,46,,82,PULSE,O,3010,★,Goliath Factory
2023-11-22 16:13:26,46,,81,PULSE,O,2018,★★,Jaws Paradise
2023-11-24 16:24:28,46,,80,PULSE,O,3008,★,Prowler
2023-11-24 16:24:42,46,,79,PULSE,O,2017,★★,Zombie Bride
2023-11-26 20:09:58,46,,78,PULSE,O,3007,★,Scout
2023-11-26 20:10:13,46,,77,PULSE,O,3009,★,Jaguar
2023-11-26 20:10:56,46,,76,PULSE,O,3004,★,Jaeger
2023-11-27 20:50:01,46,,75,PULSE,O,3006,★,Dinergate
2023-11-27 20:53:07,46,,74,PULSE,O,3003,★,Guard
2023-11-27 20:53:21,46,,73,PULSE,O,3008,★,Prowler
2023-11-27 21:25:00,46,,72,PULSE,O,3008,★,Prowler
2023-11-27 21:25:10,46,,71,PULSE,O,3002,★,Vespid
2023-11-27 21:25:54,46,,70,PULSE,O,3005,★,Striker
2023-11-27 21:26:05,46,,69,PULSE,O,3009,★,Jaguar
2023-11-27 21:26:28,46,,68,PULSE,O,3010,★,Goliath Factory
2023-11-28 21:25:34,46,,68,PULSE,X,0,,Unknown
2023-12-03 12:53:06,46,Executioner - Blood Fiend Huntress,67,PULSE,O,3001,★,Ripper
2023-12-03 12:57:46,46,Executioner - Blood Fiend Huntress,67,PULSE,X,1021,★★★,Executioner - Blood Fiend Huntress
2023-12-03 12:58:01,46,Executioner - Blood Fiend Huntress,66,PULSE,O,3005,★,Striker
2023-12-03 12:58:33,46,Executioner - Blood Fiend Huntress,65,PULSE,O,3007,★,Scout
2023-12-03 12:59:22,46,Executioner - Blood Fiend Huntress,64,PULSE,O,3001,★,Ripper
2023-12-03 13:00:03,46,Executioner - Blood Fiend Huntress,63,PULSE,O,3003,★,Guard
2023-12-03 13:02:31,46,Executioner - Blood Fiend Huntress,62,PULSE,O,3008,★,Prowler
2023-12-03 13:02:49,46,Executioner - Blood Fiend Huntress,61,PULSE,O,3001,★,Ripper
2023-12-03 13:03:10,46,Executioner - Blood Fiend Huntress,60,PULSE,O,3006,★,Dinergate
2023-12-03 13:03:23,46,Executioner - Blood Fiend Huntress,59,PULSE,O,3007,★,Scout
2023-12-04 20:36:06,46,Executioner - Blood Fiend Huntress,58,PULSE,O,2004,★★,Nemeum
2023-12-04 20:37:49,46,Executioner - Blood Fiend Huntress,57,PULSE,O,3002,★,Vespid
2023-12-04 20:38:01,46,Executioner - Blood Fiend Huntress,56,PULSE,O,3004,★,Jaeger
2023-12-06 16:01:35,46,Executioner - Blood Fiend Huntress,55,PULSE,O,3005,★,Striker
2023-12-06 16:02:35,46,Executioner - Blood Fiend Huntress,54,PULSE,O,3005,★,Striker
2023-12-06 16:03:25,46,Executioner - Blood Fiend Huntress,53,PULSE,O,3005,★,Striker
2023-12-06 16:09:00,46,Executioner - Blood Fiend Huntress,52,PULSE,O,3001,★,Ripper
2023-12-06 16:09:51,46,Executioner - Blood Fiend Huntress,51,PULSE,O,3010,★,Goliath Factory
2023-12-08 16:07:16,46,Executioner - Blood Fiend Huntress,50,PULSE,O,2017,★★,Zombie Bride
2023-12-08 16:08:04,46,Executioner - Blood Fiend Huntress,49,PULSE,O,2015,★★,Jaeger SWAP
2023-12-08 16:09:02,46,Executioner - Blood Fiend Huntress,49,PULSE,X,2015,★★,Jaeger SWAP
2023-12-09 09:41:51,46,Executioner - Blood Fiend Huntress,48,PULSE,O,3007,★,Scout
2023-12-09 09:42:49,46,Executioner - Blood Fiend Huntress,47,PULSE,O,3009,★,Jaguar
2023-12-09 09:43:48,46,Executioner - Blood Fiend Huntress,46,PULSE,O,3006,★,Dinergate
2023-12-09 21:47:35,46,Executioner - Blood Fiend Huntress,45,PULSE,O,3004,★,Jaeger
2023-12-09 21:47:49,46,Executioner - Blood Fiend Huntress,44,PULSE,O,3001,★,Ripper
2023-12-09 21:48:03,46,Executioner - Blood Fiend Huntress,44,PULSE,X,2004,★★,Nemeum
2023-12-09 21:48:14,46,Executioner - Blood Fiend Huntress,43,PULSE,O,3002,★,Vespid
2023-12-09 21:48:30,46,Executioner - Blood Fiend Huntress,43,PULSE,X,1021,★★★,Executioner - Blood Fiend Huntress
2023-12-09 21:49:01,46,Executioner - Blood Fiend Huntress,42,PULSE,O,3009,★,Jaguar
2023-12-09 21:49:16,46,Executioner - Blood Fiend Huntress,41,PULSE,O,2001,★★,Brute
2023-12-09 21:49:40,46,Executioner - Blood Fiend Huntress,40,PULSE,O,3003,★,Guard
2023-12-09 21:50:02,46,Executioner - Blood Fiend Huntress,39,PULSE,O,3005,★,Striker
2023-12-09 21:50:19,46,Executioner - Blood Fiend Huntress,38,PULSE,O,3004,★,Jaeger
2023-12-09 21:51:09,46,Executioner - Blood Fiend Huntress,37,PULSE,O,2003,★★,Aegis
2023-12-09 21:51:20,46,Executioner - Blood Fiend Huntress,36,PULSE,O,3003,★,Guard
2023-12-09 21:51:32,46,Executioner - Blood Fiend Huntress,35,PULSE,O,2001,★★,Brute
2023-12-09 21:51:52,46,Executioner - Blood Fiend Huntress,34,PULSE,O,3003,★,Guard
2023-12-09 21:52:42,46,Executioner - Blood Fiend Huntress,34,PULSE,X,2015,★★,Jaeger SWAP
2023-12-09 21:53:04,46,Executioner - Blood Fiend Huntress,33,SVAROG,O,2002,★★,Dragoon
2023-12-09 21:53:08,46,Executioner - Blood Fiend Huntress,32,SVAROG,O,2004,★★,Nemeum
2023-12-09 21:53:12,46,Executioner - Blood Fiend Huntress,31,SVAROG,O,2003,★★,Aegis
2023-12-09 21:53:16,46,Executioner - Blood Fiend Huntress,30,SVAROG,O,2015,★★,Jaeger SWAP
2023-12-09 21:53:18,46,Executioner - Blood Fiend Huntress,29,SVAROG,O,3007,★,Scout
2023-12-09 21:53:21,46,Executioner - Blood Fiend Huntress,28,SVAROG,O,2003,★★,Aegis
2023-12-09 21:53:24,46,Executioner - Blood Fiend Huntress,27,SVAROG,O,2001,★★,Brute
2023-12-09 21:53:28,46,Executioner - Blood Fiend Huntress,26,PULSE,O,3004,★,Jaeger
2023-12-09 21:53:38,46,Executioner - Blood Fiend Huntress,26,PULSE,X,1021,★★★,Executioner - Blood Fiend Huntress
2023-12-09 21:53:48,46,Executioner - Blood Fiend Huntress,25,PULSE,O,3001,★,Ripper
2023-12-09 21:53:57,46,Executioner - Blood Fiend Huntress,24,PULSE,O,3005,★,Striker
2023-12-09 21:54:07,46,Executioner - Blood Fiend Huntress,23,PULSE,O,3006,★,Dinergate
2023-12-09 21:54:21,46,Executioner - Blood Fiend Huntress,22,SVAROG,O,3004,★,Jaeger
2023-12-09 21:54:26,46,Executioner - Blood Fiend Huntress,21,SVAROG,O,3009,★,Jaguar
2023-12-09 21:54:29,46,Executioner - Blood Fiend Huntress,20,SVAROG,O,1021,★★★,Executioner - Blood Fiend Huntress
2023-12-11 22:11:25,37,Intruder,99,PULSE,O,3001,★,Ripper
2023-12-11 22:11:39,37,Intruder,99,PULSE,X,1004,★★★,Intruder
2023-12-11 22:11:52,37,Intruder,98,PULSE,O,3004,★,Jaeger
2023-12-11 22:12:10,37,Intruder,97,PULSE,O,3006,★,Dinergate
2023-12-12 21:59:04,52,,99,PULSE,O,3004,★,Jaeger
2023-12-12 21:59:27,52,,98,PULSE,O,3003,★,Guard
2023-12-13 16:41:36,52,,97,PULSE,O,3003,★,Guard
2023-12-14 16:38:28,52,,96,PULSE,O,3010,★,Goliath Factory
2023-12-18 09:14:39,52,Destroyer - Dashing Reindeer,95,PULSE,O,3004,★,Jaeger
2023-12-19 11:26:14,52,Destroyer - Dashing Reindeer,94,PULSE,O,3010,★,Goliath Factory
2023-12-19 11:38:50,52,Destroyer - Dashing Reindeer,93,PULSE,O,3005,★,Striker
2023-12-19 11:39:03,52,Destroyer - Dashing Reindeer,92,PULSE,O,3010,★,Goliath Factory
2023-12-19 11:39:16,52,Destroyer - Dashing Reindeer,91,PULSE,O,3009,★,Jaguar
2023-12-19 11:39:32,52,Destroyer - Dashing Reindeer,90,PULSE,O,3001,★,Ripper
2023-12-19 11:40:02,52,Destroyer - Dashing Reindeer,89,PULSE,O,3008,★,Prowler
2023-12-19 11:40:32,52,Destroyer - Dashing Reindeer,88,PULSE,O,3001,★,Ripper
2023-12-19 11:40:59,52,Destroyer - Dashing Reindeer,88,PULSE,X,2016,★★,Gingerbread Guard
2023-12-19 11:41:36,52,Destroyer - Dashing Reindeer,87,PULSE,O,3007,★,Scout
2023-12-20 00:07:00,52,Destroyer - Dashing Reindeer,86,PULSE,O,3008,★,Prowler
2023-12-20 22:02:24,52,Destroyer - Dashing Reindeer,85,PULSE,O,3003,★,Guard
2023-12-27 13:32:42,50,,99,PULSE,O,3008,★,Prowler
2023-12-27 13:32:57,50,,98,PULSE,O,3004,★,Jaeger
2023-12-27 13:33:42,50,,97,PULSE,O,3009,★,Jaguar
2023-12-27 13:34:32,50,,96,PULSE,O,3010,★,Goliath Factory
2023-12-27 13:35:15,50,,95,PULSE,O,3006,★,Dinergate
2023-12-27 13:35:31,50,,94,PULSE,O,3006,★,Dinergate
2023-12-27 13:36:34,50,,93,PULSE,O,3001,★,Ripper
2023-12-27 13:37:18,50,,92,PULSE,O,3001,★,Ripper
2023-12-27 13:37:47,50,,91,PULSE,O,3005,★,Striker
2023-12-27 13:38:19,50,,90,PULSE,O,3002,★,Vespid
2023-12-27 13:38:44,50,,89,PULSE,O,3010,★,Goliath Factory
2023-12-27 13:39:10,50,,88,PULSE,O,3003,★,Guard
2023-12-27 13:39:37,50,,87,PULSE,O,3008,★,Prowler
2023-12-27 13:40:21,50,,86,PULSE,O,3006,★,Dinergate
2023-12-28 16:15:07,50,Tareus,85,PULSE,O,3008,★,Prowler
2023-12-28 16:53:32,50,Tareus,84,PULSE,O,3007,★,Scout
2023-12-30 14:48:41,50,Tareus,83,PULSE,O,3009,★,Jaguar
2023-12-30 14:48:55,50,Tareus,82,PULSE,O,3003,★,Guard
2023-12-30 14:49:10,50,Tareus,81,PULSE,O,3007,★,Scout
2023-12-30 14:49:22,50,Tareus,80,PULSE,O,3007,★,Scout
2023-12-30 21:20:12,50,Tareus,79,PULSE,O,3005,★,Striker
2024-01-01 22:19:04,50,Tareus,78,PULSE,O,3003,★,Guard
2024-01-08 23:35:25,50,Tareus,70,PULSE,O,3009,★,Jaguar
2024-01-08 23:35:36,50,Tareus,69,PULSE,O,3003,★,Guard
2024-01-08 23:35:50,50,Tareus,68,PULSE,O,3008,★,Prowler
2024-01-08 23:36:00,50,Tareus,67,PULSE,O,3006,★,Dinergate
2024-01-08 23:36:10,50,Tareus,66,PULSE,O,3004,★,Jaeger
2024-01-08 23:36:19,50,Tareus,65,PULSE,O,3010,★,Goliath Factory
2024-01-08 23:36:28,50,Tareus,64,PULSE,O,3010,★,Goliath Factory
2024-01-08 23:36:39,50,Tareus,63,PULSE,O,3004,★,Jaeger
2024-01-10 19:02:41,50,Tareus,63,PULSE,X,2011,★★,Prowler_SWAP
2024-01-12 10:58:48,50,Tareus,62,PULSE,O,3002,★,Vespid
2024-01-12 10:59:15,50,Tareus,61,PULSE,O,3010,★,Goliath Factory
2024-01-12 11:01:14,50,Tareus,60,PULSE,O,3002,★,Vespid
2024-01-12 11:02:08,50,Tareus,59,PULSE,O,3002,★,Vespid
2024-01-12 19:35:13,50,Tareus,59,PULSE,X,2015,★★,Jaeger SWAP
2024-01-12 19:35:27,50,Tareus,58,PULSE,O,3007,★,Scout
2024-01-12 19:36:35,50,Tareus,57,PULSE,O,3004,★,Jaeger
2024-01-14 19:15:23,42,,100,PULSE,X,0,,Unknown
2024-01-14 19:15:38,42,,99,PULSE,O,1006,★★★,Architect
2024-01-16 23:16:41,50,Tareus,56,PULSE,O,3010,★,Goliath Factory
2024-01-16 23:16:58,50,Tareus,55,PULSE,O,3002,★,Vespid
2024-01-20 12:06:25,50,Tareus,54,PULSE,O,3010,★,Goliath Factory
2024-01-20 12:06:55,50,Tareus,53,PULSE,O,3008,★,Prowler
2024-01-20 12:07:06,50,Tareus,52,PULSE,O,2015,★★,Jaeger SWAP
2024-01-20 12:07:43,50,Tareus,51,PULSE,O,3004,★,Jaeger
2024-01-20 12:08:21,50,Tareus,50,PULSE,O,3006,★,Dinergate
2024-01-20 12:08:33,50,Tareus,49,PULSE,O,2010,★★,Vespid_SWAP
2024-01-20 12:08:47,50,Tareus,48,PULSE,O,3010,★,Goliath Factory
2024-01-20 12:09:02,50,Tareus,48,PULSE,X,2010,★★,Vespid_SWAP
2024-01-20 12:09:25,50,Tareus,47,PULSE,O,3005,★,Striker
2024-01-20 12:09:36,50,Tareus,46,PULSE,O,3001,★,Ripper
2024-01-20 12:10:24,50,Tareus,45,PULSE,O,3009,★,Jaguar
2024-01-20 12:11:11,50,Tareus,44,PULSE,O,2013,★★,Striker_SWAP
2024-01-20 12:12:03,50,Tareus,43,PULSE,O,3005,★,Striker
2024-01-20 12:12:47,50,Tareus,43,PULSE,X,2010,★★,Vespid_SWAP
2024-01-20 12:13:02,50,Tareus,42,PULSE,O,3009,★,Jaguar
2024-01-20 12:13:18,50,Tareus,42,PULSE,X,2011,★★,Prowler_SWAP
2024-01-20 12:14:20,50,Tareus,41,PULSE,O,2009,★★,Ripper SWAP
2024-01-20 12:15:19,50,Tareus,40,PULSE,O,3005,★,Striker
2024-01-20 12:16:09,50,Tareus,39,PULSE,O,3001,★,Ripper
2024-01-20 12:17:03,50,Tareus,38,PULSE,O,3003,★,Guard
2024-01-20 12:17:51,50,Tareus,37,PULSE,O,3009,★,Jaguar
2024-01-20 12:18:42,50,Tareus,36,PULSE,O,3007,★,Scout
2024-01-20 12:18:53,50,Tareus,35,PULSE,O,2010,★★,Vespid_SWAP
2024-01-20 12:19:41,50,Tareus,34,PULSE,O,2014,★★,Aegis_SWAP
2024-01-20 12:20:36,50,Tareus,34,PULSE,X,2014,★★,Aegis_SWAP
2024-01-20 12:21:22,50,Tareus,33,PULSE,O,2014,★★,Aegis_SWAP
2024-01-20 12:21:35,50,Tareus,32,PULSE,O,2014,★★,Aegis_SWAP
2024-01-20 12:21:57,50,Tareus,31,PULSE,O,3002,★,Vespid
2024-01-20 12:22:41,50,Tareus,30,PULSE,O,2010,★★,Vespid_SWAP
2024-01-20 12:23:26,50,Tareus,29,PULSE,O,2010,★★,Vespid_SWAP
2024-01-20 12:24:09,50,Tareus,28,PULSE,O,3008,★,Prowler
2024-01-20 12:24:58,50,Tareus,27,PULSE,O,2015,★★,Jaeger SWAP
2024-01-20 12:25:25,50,Tareus,27,PULSE,X,2011,★★,Prowler_SWAP
2024-01-20 12:26:11,50,Tareus,27,PULSE,X,2012,★★,Dragoon_SWAP
2024-01-20 12:26:37,50,Tareus,27,PULSE,X,2013,★★,Striker_SWAP
2024-01-20 12:26:52,50,Tareus,26,PULSE,O,3001,★,Ripper
2024-01-20 12:27:09,50,Tareus,26,PULSE,X,1022,★★★,Tareus
2024-01-20 12:27:23,50,Tareus,26,PULSE,X,2012,★★,Dragoon_SWAP
2024-01-20 12:28:04,50,Tareus,25,SVAROG,O,2009,★★,Ripper SWAP
2024-01-20 12:28:07,50,Tareus,24,SVAROG,O,2011,★★,Prowler_SWAP
2024-01-20 12:28:12,50,Tareus,23,SVAROG,O,2011,★★,Prowler_SWAP
2024-01-20 12:28:16,50,Tareus,22,SVAROG,O,2012,★★,Dragoon_SWAP
2024-01-20 12:28:19,50,Tareus,21,PULSE,O,3006,★,Dinergate
2024-01-20 12:28:30,50,Tareus,20,PULSE,O,3001,★,Ripper
2024-01-20 12:28:47,50,Tareus,19,SVAROG,O,2013,★★,Striker_SWAP
2024-01-20 12:28:51,50,Tareus,18,SVAROG,O,1022,★★★,Tareus
2024-01-25 22:12:18,42,,99,PULSE,O,3004,★,Jaeger
2024-01-27 16:19:49,42,,98,PULSE,O,3007,★,Scout
2024-01-27 16:20:14,42,,97,PULSE,O,3007,★,Scout
2024-01-27 16:20:23,42,,96,PULSE,O,3003,★,Guard
2024-01-27 16:20:34,42,,95,PULSE,O,3002,★,Vespid
2024-01-27 16:20:44,42,,94,PULSE,O,3007,★,Scout
2024-01-27 16:20:53,42,,93,PULSE,O,3006,★,Dinergate
2024-01-27 16:21:03,42,,92,PULSE,O,3008,★,Prowler
2024-01-27 16:21:16,42,,91,PULSE,O,3009,★,Jaguar
2024-01-27 16:21:26,42,,90,PULSE,O,3005,★,Striker
2024-01-27 16:21:40,42,,89,PULSE,O,2009,★★,Ripper SWAP
2024-01-27 16:21:55,42,,88,PULSE,O,2005,★★,Tarantula
2024-01-27 16:22:05,42,,87,PULSE,O,3010,★,Goliath Factory
2024-01-27 16:22:15,42,,86,PULSE,O,3008,★,Prowler
2024-01-27 16:22:30,42,,85,PULSE,O,2009,★★,Ripper SWAP
2024-01-27 16:22:46,42,,85,PULSE,X,0,,Unknown
2024-01-27 16:22:56,42,,84,PULSE,O,3010,★,Goliath Factory
2024-01-27 16:23:14,42,,84,PULSE,X,0,,Unknown
2024-01-27 16:23:47,42,,83,PULSE,O,3002,★,Vespid
2024-01-27 16:24:05,42,,82,PULSE,O,3002,★,Vespid
2024-01-27 16:24:15,42,,81,PULSE,O,3004,★,Jaeger
2024-01-27 16:24:27,42,,81,PULSE,X,0,,Unknown
2024-01-27 16:24:36,42,,80,PULSE,O,3006,★,Dinergate
2024-01-27 16:24:47,42,,79,PULSE,O,3001,★,Ripper
2024-01-27 16:24:58,42,,78,PULSE,O,3003,★,Guard
2024-01-27 16:25:12,42,,77,PULSE,O,2005,★★,Tarantula
2024-01-27 16:25:24,42,,76,PULSE,O,2004,★★,Nemeum
2024-01-27 16:25:36,42,,75,PULSE,O,3008,★,Prowler
2024-01-27 16:25:46,42,,74,PULSE,O,3001,★,Ripper
2024-01-27 16:25:57,42,,73,PULSE,O,3008,★,Prowler
2024-01-28 18:17:37,42,,72,PULSE,O,3005,★,Striker
2024-01-28 18:17:52,42,,71,PULSE,O,3004,★,Jaeger
2024-01-28 18:20:28,42,,70,PULSE,O,3008,★,Prowler
2024-01-28 18:21:31,42,,69,PULSE,O,3009,★,Jaguar
2024-01-28 18:23:03,42,,68,PULSE,O,3006,★,Dinergate
2024-01-28 18:23:58,42,,67,PULSE,O,3006,★,Dinergate
2024-01-28 18:24:47,42,,67,PULSE,X,0,,Unknown
2024-01-28 18:24:58,42,,67,PULSE,X,0,,Unknown
2024-01-28 18:25:41,42,,66,PULSE,O,2008,★★,Guard_SWAP
2024-01-28 18:26:41,42,,65,PULSE,O,3003,★,Guard
2024-01-28 18:27:28,42,,64,PULSE,O,3009,★,Jaguar
2024-01-28 18:28:43,42,,63,PULSE,O,2003,★★,Aegis
2024-01-28 18:29:53,42,,62,PULSE,O,3003,★,Guard
2024-01-28 18:30:37,42,,61,PULSE,O,2010,★★,Vespid_SWAP
2024-01-28 18:31:24,42,,60,PULSE,O,3005,★,Striker
2024-01-28 18:32:20,42,,59,PULSE,O,3007,★,Scout
2024-01-28 18:33:06,42,,58,PULSE,O,3003,★,Guard
2024-01-28 18:34:01,42,,57,PULSE,O,3005,★,Striker
2024-01-28 18:35:19,42,,56,PULSE,O,2003,★★,Aegis
2024-01-28 18:35:29,42,,55,PULSE,O,1006,★★★,Architect
2024-01-28 19:12:43,42,,99,PULSE,O,3007,★,Scout
