Area ID,Area Name,Battle Type,Doll ID,Type,Name,Level,Affection,Oathed,Skill1,Skill2,Equip1,Equip2,Equip3,Combat Effectiveness,Predicted Damage,Rank
714,Elementary4,Day,20055,AR,M4A1 Mod,120,198,1,10,10,Optical (5-Star),HV Round (5-Star),Exclusive (5-Star),8492,743,1
714,Elementary4,Day,20122,AR,Gr G11 Mod,115,200,1,10,10,Optical (5-Star),HV Round (5-Star),Exclusive (5-Star),7925,693,2
714,Elementary4,Day,20065,AR,416 Mod,115,200,1,10,10,Exclusive (5-Star),HV Round (5-Star),Exclusive (5-Star),7498,656,3
714,Elementary4,Day,183,HG,Contender,92,100,0,10,0,Auxiliary Sights (5-Star),AP Round (5-Star),T-Exo (5-Star),4535,623,4
714,Elementary4,Day,20097,HG,M950A Mod,115,100,0,10,10,Auxiliary Sights (5-Star),HP Round (5-Star),X-Exo (5-Star),4340,596,5
714,Elementary4,Day,213,SMG,C-MS,98,100,0,10,0,Chip (5-Star),AP Round (5-Star),Red Dot (5-Star),7855,589,6
714,Elementary4,Day,54,AR,M16A1,100,100,0,10,0,HV Round (5-Star),Armor Plate (5-Star),Exclusive (5-Star),6668,583,7
714,Elementary4,Day,205,AR,AN-94,100,150,1,10,0,Holographic (5-Star),HV Round (5-Star),Chip (5-Star),6371,557,8
714,Elementary4,Day,20056,AR,M4 SOPMOD II Mod,119,200,1,10,10,Optical (5-Star),Auxiliary Sights (5-Star),HV Round (5-Star),6361,556,9
714,Elementary4,Day,20057,AR,ST AR-15 Mod,119,200,1,10,10,Optical (5-Star),Optical (5-Star),Exclusive (5-Star),6316,552,10
714,Elementary4,Day,20001,HG,SAA Mod,118,100,0,10,10,Exclusive (5-Star),HP Round (5-Star),T-Exo (5-Star),3998,549,11
714,Elementary4,Day,206,AR,AK-12,100,100,0,10,0,Holographic (5-Star),HV Round (5-Star),Chip (5-Star),6249,546,12
714,Elementary4,Day,73,AR,AUG,100,150,1,10,0,Holographic (5-Star),HV Round (5-Star),Chip (5-Star),6236,545,13
714,Elementary4,Day,242,HG,P22,100,150,1,10,0,Silencer (5-Star),HP Round (5-Star),X-Exo (5-Star),3957,544,14
714,Elementary4,Day,1027,AR,Angelica,100,100,0,8,0,Optical (5-Star),HV Round (5-Star),Exclusive (5-Star),6146,537,15
714,Elementary4,Day,126,HG,NZ75,100,100,0,10,0,Exclusive (5-Star),HP Round (5-Star),X-Exo (5-Star),3854,529,16
714,Elementary4,Day,1017,HG,Jill Stingray,100,100,0,10,0,Silencer (5-Star),HP Round (5-Star),T-Exo (5-Star),3811,524,17
714,Elementary4,Day,114,HG,Welrod MkⅡ,100,100,0,10,0,Silencer (5-Star),HP Round (5-Star),T-Exo (5-Star),3798,522,18
714,Elementary4,Day,250,HG,HS2000,100,98,0,10,0,Silencer (5-Star),HP Round (5-Star),X-Exo (5-Star),3783,520,19
714,Elementary4,Day,20143,SMG,RO635 Mod,110,150,1,10,10,T-Exo (5-Star),HP Round (5-Star),Red Dot (5-Star),6915,518,20
714,Elementary4,Day,20007,HG,Stechkin Mod,105,100,0,10,0,Exclusive (5-Star),HP Round (5-Star),T-Exo (5-Star),3753,516,21
714,Elementary4,Day,4,HG,Python,100,100,0,10,0,Silencer (5-Star),HP Round (5-Star),T-Exo (5-Star),3739,514,22
714,Elementary4,Day,96,HG,Grizzly,100,100,0,10,0,Silencer (5-Star),HP Round (5-Star),T-Exo (5-Star),3737,513,23
714,Elementary4,Day,272,HG,Desert Eagle,100,96,0,10,0,Silencer (5-Star),HP Round (5-Star),T-Exo (5-Star),3724,512,24
714,Elementary4,Day,233,HG,Px4 Storm,95,90,0,10,0,Exclusive (5-Star),HP Round (5-Star),X-Exo (5-Star),3719,511,25
714,Elementary4,Day,236,AR,K11,100,100,0,10,0,Optical (5-Star),HV Round (5-Star),T-Exo (5-Star),5545,485,26
714,Elementary4,Day,20060,AR,AS Val Mod,111,98,0,10,10,Optical (5-Star),HV Round (5-Star),T-Exo (5-Star),5533,484,27
714,Elementary4,Day,129,AR,Type95,100,100,0,10,0,Exclusive (5-Star),HV Round (5-Star),T-Exo (5-Star),5443,476,28
714,Elementary4,Day,20026,SMG,Gr MP5 Mod,111,143,1,10,10,Exclusive (5-Star),Signal Flare (5-Star),Holographic (5-Star),6319,473,29
714,Elementary4,Day,16,SMG,Thompson,100,150,1,10,0,Exclusive (5-Star),Signal Flare (5-Star),Silencer (5-Star),6270,470,30
714,Elementary4,Day,228,SMG,100 Shiki,100,100,0,10,0,T-Exo (5-Star),Signal Flare (5-Star),Exclusive (5-Star),6248,468,31
714,Elementary4,Day,106,AR,FAL,100,100,0,10,0,Optical (5-Star),HV Round (5-Star),T-Exo (5-Star),5336,466,32
714,Elementary4,Day,196,AR,Zas M21,100,100,0,10,0,Optical (5-Star),HV Round (5-Star),T-Exo (5-Star),5323,465,33
714,Elementary4,Day,215,AR,MDR,90,100,0,8,0,Exclusive (5-Star),HV Round (5-Star),T-Exo (5-Star),5293,463,34
714,Elementary4,Day,127,SMG,Type79,100,100,0,4,0,T-Exo (5-Star),Exclusive (5-Star),Red Dot (5-Star),6124,459,35
714,Elementary4,Day,293,AR,AK-15,94,100,0,4,0,Red Dot (5-Star),HV Round (5-Star),Chip (4-Star),5196,454,36
714,Elementary4,Day,172,AR,Am RFB,94,99,0,8,0,Exclusive (5-Star),HV Round (5-Star),X-Exo (5-Star),5092,445,37
714,Elementary4,Day,1028,SMG,Agent Vector,91,100,0,8,0,Exclusive (5-Star),Exclusive (5-Star),Red Dot (5-Star),5497,412,38
714,Elementary4,Day,194,AR,K2,90,100,0,10,0,Holographic (5-Star),HV Round (3-Star),Chip (4-Star),4645,406,39
714,Elementary4,Day,20053,RF,NTW-20 Mod,115,200,1,10,10,Exclusive (5-Star),Optical (5-Star),Camo Cloak (5-Star),7703,385,40
714,Elementary4,Day,20252,RF,KSVK Mod,115,200,1,8,10,Exclusive (5-Star),Optical (5-Star),Camo Cloak (5-Star),7473,373,41
714,Elementary4,Day,20037,RF,M14 Mod,115,200,1,10,10,AP Round (5-Star),Exclusive (5-Star),Camo Cloak (5-Star),7348,367,42
714,Elementary4,Day,125,MG,Gr MG4,100,150,1,10,0,Special AP Round (5-Star),Exclusive (5-Star),Ammo Box (5-Star),14320,358,43
714,Elementary4,Day,20095,RF,Type88 Mod,116,200,1,10,10,Exclusive (5-Star),Exclusive (5-Star),Camo Cloak (5-Star),7093,354,44
714,Elementary4,Day,1031,RF,Pekola,100,100,0,10,0,AP Round (5-Star),Optical (5-Star),Exclusive (5-Star),6968,348,45
714,Elementary4,Day,1024,RF,Rico,100,100,0,10,0,AP Round (5-Star),Optical (5-Star),Exclusive (5-Star),6907,345,46
714,Elementary4,Day,198,RF,Carcano M91/38,100,150,1,10,0,AP Round (5-Star),Optical (5-Star),Camo Cloak (5-Star),6772,338,47
714,Elementary4,Day,292,MG,RPK-16,100,150,1,10,0,Special AP Round (5-Star),Optical (5-Star),Ammo Box (5-Star),13172,329,48
714,Elementary4,Day,266,RF,R93,91,100,0,10,0,AP Round (5-Star),Optical (5-Star),Camo Cloak (5-Star),6481,324,49
714,Elementary4,Day,296,RF,Gr SL8,91,150,1,10,0,AP Round (5-Star),Optical (5-Star),Camo Cloak (5-Star),6462,323,50
714,Elementary4,Day,261,RF,QBU-88,90,98,0,8,0,AP Round (5-Star),Optical (5-Star),Camo Cloak (5-Star),6427,321,51
714,Elementary4,Day,48,RF,WA2000,94,100,0,10,0,AP Round (5-Star),Optical (5-Star),Camo Cloak (5-Star),6384,319,52
714,Elementary4,Day,329,RF,SVCh,90,150,1,10,0,AP Round (5-Star),Optical (5-Star),Camo Cloak (5-Star),6376,318,53
714,Elementary4,Day,50,RF,Lee Enfield,91,100,0,10,0,AP Round (5-Star),Exclusive (5-Star),Camo Cloak (5-Star),6317,315,54
714,Elementary4,Day,257,RF,M200,95,100,0,10,0,AP Round (5-Star),Optical (5-Star),Camo Cloak (5-Star),6238,311,55
714,Elementary4,Day,316,RF,General Liu,90,50,0,10,0,AP Round (5-Star),Optical (5-Star),Camo Cloak (5-Star),6147,307,56
714,Elementary4,Day,253,MG,Lewis,90,100,0,8,0,Special AP Round (5-Star),Auxiliary Sights (4-Star),Ammo Box (5-Star),12134,303,57
714,Elementary4,Day,188,SG,S.A.T.8,100,100,0,10,0,Armor Plate (5-Star),Buckshot Shell (5-Star),Red Dot (5-Star),8040,301,58
714,Elementary4,Day,173,MG,PKP,90,100,0,8,0,Special AP Round (5-Star),Auxiliary Sights (4-Star),Ammo Box (5-Star),11907,297,59
714,Elementary4,Day,276,MG,Kord,100,100,0,10,0,Special AP Round (5-Star),Red Dot (5-Star),Ammo Box (5-Star),11919,297,60
714,Elementary4,Day,197,RF,Carcano M1891,92,100,0,10,0,AP Round (5-Star),Optical (5-Star),Camo Cloak (5-Star),5900,295,61
714,Elementary4,Day,229,SG,M870,98,100,0,10,0,Armor Plate (5-Star),Buckshot Shell (5-Star),Red Dot (5-Star),7781,291,62
714,Elementary4,Day,270,RF,4 Shiki,90,100,0,8,0,Exclusive (5-Star),Optical (5-Star),Camo Cloak (4-Star),5687,284,63
714,Elementary4,Day,282,SG,DP-12,100,100,0,10,0,Armor Plate (5-Star),Buckshot Shell (5-Star),Red Dot (4-Star),7587,284,64
714,Elementary4,Day,201,RF,Gepard M1,100,150,1,10,0,AP Round (5-Star),Optical (5-Star),Camo Cloak (4-Star),5679,283,65
714,Elementary4,Day,323,SG,LTLX7000,95,100,0,10,0,Armor Plate (5-Star),Buckshot Shell (5-Star),Holographic (5-Star),7546,282,66
714,Elementary4,Day,302,SG,Defender,100,143,1,10,0,Armor Plate (5-Star),Exclusive (5-Star),Red Dot (4-Star),7445,279,67
714,Elementary4,Day,20154,SG,M500 Mod,113,100,0,1,10,Armor Plate (5-Star),Buckshot Shell (5-Star),Holographic (5-Star),7187,269,68
714,Elementary4,Day,157,SG,Am KSG,92,100,0,8,0,Armor Plate (5-Star),Buckshot Shell (5-Star),Holographic (5-Star),6893,258,69
714,Elementary4,Day,20081,MG,LWMMG Mod,110,100,0,4,10,AP Round (5-Star),Auxiliary Sights (4-Star),Ammo Box (5-Star),8268,206,70
714,Elementary4,Day,164,SG,FP-6,90,100,0,3,0,Armor Plate (5-Star),Buckshot Shell (5-Star),Holographic (5-Star),5295,198,71
714,Elementary4,Day,162,SG,SPAS-12,90,100,0,1,0,Armor Plate (5-Star),Buckshot Shell (5-Star),Holographic (5-Star),5053,189,72
714,Elementary4,Day,1025,SG,Triela,90,100,0,4,0,Armor Plate (5-Star),Exclusive (5-Star),Holographic (5-Star),5064,189,73
714,Elementary4,Day,109,MG,Gr MG5,91,100,0,9,0,Sniper Round (5-Star),Holographic (5-Star),Ammo Box (5-Star),7250,181,74
714,Elementary4,Day,238,MG,QJY-88,90,100,0,4,0,Sniper Round (5-Star),Optical (5-Star),Ammo Box (5-Star),7157,178,75
714,Elementary4,Day,275,MG,M1895 CB,90,100,0,10,0,Sniper Round (5-Star),Holographic (5-Star),Ammo Box (5-Star),7096,177,76
714,Elementary4,Day,339,MG,RPK-203,90,79,0,10,0,Sniper Round (5-Star),Optical (5-Star),Ammo Box (5-Star),7080,177,77
714,Elementary4,Day,1029,AR,Agent 416,100,150,1,8,0,Optical (5-Star),Exclusive (5-Star),X-Exo (5-Star),1067,93,78
718,Elementary8,Day,20055,AR,M4A1 Mod,120,198,1,10,10,Optical (5-Star),HV Round (5-Star),Exclusive (5-Star),8492,1167,1
718,Elementary8,Day,20122,AR,Gr G11 Mod,115,200,1,10,10,Optical (5-Star),HV Round (5-Star),Exclusive (5-Star),7925,1089,2
718,Elementary8,Day,20065,AR,416 Mod,115,200,1,10,10,Exclusive (5-Star),HV Round (5-Star),Exclusive (5-Star),7498,1030,3
718,Elementary8,Day,73,AR,AUG,100,150,1,10,0,Holographic (5-Star),HV Round (5-Star),Chip (5-Star),6236,1028,4
718,Elementary8,Day,106,AR,FAL,100,100,0,10,0,Red Dot (5-Star),HV Round (5-Star),Chip (5-Star),5820,960,5
718,Elementary8,Day,54,AR,M16A1,100,100,0,10,0,HV Round (5-Star),Armor Plate (5-Star),Exclusive (5-Star),6668,916,6
718,Elementary8,Day,125,MG,Gr MG4,100,150,1,10,0,Special AP Round (5-Star),Exclusive (5-Star),Ammo Box (5-Star),14320,895,7
718,Elementary8,Day,205,AR,AN-94,100,150,1,10,0,Holographic (5-Star),HV Round (5-Star),Chip (5-Star),6371,876,8
718,Elementary8,Day,20056,AR,M4 SOPMOD II Mod,119,200,1,10,10,Optical (5-Star),Auxiliary Sights (5-Star),HV Round (5-Star),6361,874,9
718,Elementary8,Day,20057,AR,ST AR-15 Mod,119,200,1,10,10,Optical (5-Star),Auxiliary Sights (5-Star),Exclusive (5-Star),6347,872,10
718,Elementary8,Day,206,AR,AK-12,100,100,0,10,0,Holographic (5-Star),HV Round (5-Star),Chip (5-Star),6249,859,11
718,Elementary8,Day,292,MG,RPK-16,100,150,1,10,0,Special AP Round (5-Star),Auxiliary Sights (5-Star),Ammo Box (5-Star),13735,858,12
718,Elementary8,Day,1027,AR,Angelica,100,100,0,8,0,Optical (5-Star),HV Round (5-Star),Exclusive (5-Star),6146,845,13
718,Elementary8,Day,236,AR,K11,100,100,0,10,0,Optical (5-Star),HV Round (5-Star),T-Exo (5-Star),5545,762,14
718,Elementary8,Day,20060,AR,AS Val Mod,111,98,0,10,10,Optical (5-Star),HV Round (5-Star),T-Exo (5-Star),5533,760,15
718,Elementary8,Day,253,MG,Lewis,90,100,0,8,0,Special AP Round (5-Star),Auxiliary Sights (4-Star),Ammo Box (5-Star),12134,758,16
718,Elementary8,Day,129,AR,Type95,100,100,0,10,0,Exclusive (5-Star),HV Round (5-Star),T-Exo (5-Star),5443,748,17
718,Elementary8,Day,173,MG,PKP,90,100,0,8,0,Special AP Round (5-Star),Auxiliary Sights (4-Star),Ammo Box (5-Star),11907,744,18
718,Elementary8,Day,276,MG,Kord,100,100,0,10,0,Special AP Round (5-Star),Red Dot (5-Star),Ammo Box (5-Star),11919,744,19
718,Elementary8,Day,196,AR,Zas M21,100,100,0,10,0,Optical (5-Star),HV Round (5-Star),T-Exo (5-Star),5323,731,20
718,Elementary8,Day,171,AR,Ribeyrolles,90,64,0,10,0,Red Dot (5-Star),HV Round (5-Star),Chip (4-Star),4434,731,21
718,Elementary8,Day,215,AR,MDR,90,100,0,8,0,Exclusive (5-Star),HV Round (5-Star),T-Exo (5-Star),5293,727,22
718,Elementary8,Day,293,AR,AK-15,94,100,0,4,0,Red Dot (5-Star),HV Round (5-Star),Chip (4-Star),5196,714,23
718,Elementary8,Day,172,AR,Am RFB,94,99,0,8,0,Exclusive (5-Star),HV Round (3-Star),T-Exo (5-Star),4762,654,24
718,Elementary8,Day,183,HG,Contender,92,100,0,10,0,Silencer (5-Star),AP Round (5-Star),T-Exo (5-Star),4437,610,25
718,Elementary8,Day,20097,HG,M950A Mod,115,100,0,10,10,Silencer (5-Star),HP Round (5-Star),X-Exo (5-Star),4263,586,26
718,Elementary8,Day,20001,HG,SAA Mod,118,100,0,10,10,Exclusive (5-Star),HP Round (5-Star),T-Exo (5-Star),3998,549,27
718,Elementary8,Day,213,SMG,C-MS,98,100,0,10,0,T-Exo (5-Star),AP Round (5-Star),Red Dot (5-Star),7291,546,28
718,Elementary8,Day,242,HG,P22,100,150,1,10,0,Silencer (5-Star),HP Round (5-Star),X-Exo (5-Star),3957,544,29
718,Elementary8,Day,126,HG,NZ75,100,100,0,10,0,Exclusive (5-Star),HP Round (5-Star),X-Exo (5-Star),3854,529,30
718,Elementary8,Day,1017,HG,Jill Stingray,100,100,0,10,0,Silencer (5-Star),HP Round (5-Star),T-Exo (5-Star),3811,524,31
718,Elementary8,Day,114,HG,Welrod MkⅡ,100,100,0,10,0,Silencer (5-Star),HP Round (5-Star),T-Exo (5-Star),3798,522,32
718,Elementary8,Day,250,HG,HS2000,100,98,0,10,0,Silencer (5-Star),HP Round (5-Star),X-Exo (5-Star),3783,520,33
718,Elementary8,Day,20143,SMG,RO635 Mod,110,150,1,10,10,T-Exo (5-Star),HP Round (5-Star),Red Dot (5-Star),6915,518,34
718,Elementary8,Day,20007,HG,Stechkin Mod,105,100,0,10,0,Exclusive (5-Star),HP Round (5-Star),T-Exo (5-Star),3753,516,35
718,Elementary8,Day,20081,MG,LWMMG Mod,110,100,0,4,10,AP Round (5-Star),Auxiliary Sights (4-Star),Ammo Box (5-Star),8268,516,36
718,Elementary8,Day,4,HG,Python,100,100,0,10,0,Silencer (5-Star),HP Round (5-Star),T-Exo (5-Star),3739,514,37
718,Elementary8,Day,96,HG,Grizzly,100,100,0,10,0,Silencer (5-Star),HP Round (5-Star),T-Exo (5-Star),3737,513,38
718,Elementary8,Day,272,HG,Desert Eagle,100,96,0,10,0,Silencer (5-Star),HP Round (5-Star),T-Exo (5-Star),3724,512,39
718,Elementary8,Day,233,HG,Px4 Storm,95,90,0,10,0,Exclusive (5-Star),HP Round (5-Star),X-Exo (5-Star),3719,511,40
718,Elementary8,Day,188,SG,S.A.T.8,100,100,0,10,0,Armor Plate (5-Star),Buckshot Shell (5-Star),Red Dot (5-Star),8040,502,41
718,Elementary8,Day,109,MG,Gr MG5,91,100,0,9,0,AP Round (5-Star),Red Dot (5-Star),Ammo Box (5-Star),7892,493,42
718,Elementary8,Day,229,SG,M870,98,100,0,10,0,Armor Plate (5-Star),Buckshot Shell (5-Star),Red Dot (4-Star),7637,477,43
718,Elementary8,Day,282,SG,DP-12,100,100,0,10,0,Armor Plate (5-Star),Buckshot Shell (5-Star),Red Dot (4-Star),7587,474,44
718,Elementary8,Day,20026,SMG,Gr MP5 Mod,111,143,1,10,10,Exclusive (5-Star),Signal Flare (5-Star),Holographic (5-Star),6319,473,45
718,Elementary8,Day,323,SG,LTLX7000,95,100,0,10,0,Armor Plate (5-Star),Buckshot Shell (5-Star),Holographic (5-Star),7546,471,46
718,Elementary8,Day,16,SMG,Thompson,100,150,1,10,0,Exclusive (5-Star),Signal Flare (5-Star),Silencer (5-Star),6270,470,47
718,Elementary8,Day,238,MG,QJY-88,90,100,0,4,0,AP Round (5-Star),Optical (5-Star),Ammo Box (5-Star),7520,470,48
718,Elementary8,Day,228,SMG,100 Shiki,100,100,0,10,0,T-Exo (5-Star),Signal Flare (5-Star),Exclusive (5-Star),6248,468,49
718,Elementary8,Day,339,MG,RPK-203,90,79,0,10,0,AP Round (5-Star),Optical (5-Star),Ammo Box (5-Star),7424,464,50
718,Elementary8,Day,275,MG,M1895 CB,90,100,0,10,0,AP Round (5-Star),Holographic (5-Star),Ammo Box (5-Star),7417,463,51
718,Elementary8,Day,302,SG,Defender,100,143,1,10,0,Armor Plate (5-Star),Exclusive (5-Star),Holographic (5-Star),7361,460,52
718,Elementary8,Day,75,MG,M1918,90,100,0,8,0,AP Round (5-Star),Optical (5-Star),Ammo Box (5-Star),7292,455,53
718,Elementary8,Day,20154,SG,M500 Mod,113,100,0,1,10,Armor Plate (5-Star),Buckshot Shell (5-Star),Holographic (5-Star),7187,449,54
718,Elementary8,Day,85,MG,PK,90,100,0,8,0,AP Round (5-Star),Holographic (5-Star),Ammo Box (5-Star),7026,439,55
718,Elementary8,Day,157,SG,Am KSG,92,100,0,8,0,Armor Plate (5-Star),Buckshot Shell (5-Star),Holographic (5-Star),6893,430,56
718,Elementary8,Day,127,SMG,Type79,100,100,0,4,0,X-Exo (5-Star),Exclusive (5-Star),Holographic (5-Star),5696,427,57
718,Elementary8,Day,1028,SMG,Agent Vector,91,100,0,8,0,Exclusive (5-Star),Exclusive (5-Star),Holographic (5-Star),5417,406,58
718,Elementary8,Day,164,SG,FP-6,90,100,0,3,0,Armor Plate (5-Star),Buckshot Shell (5-Star),Holographic (5-Star),5295,330,59
718,Elementary8,Day,1025,SG,Triela,90,100,0,4,0,Armor Plate (5-Star),Exclusive (5-Star),Holographic (5-Star),5064,316,60
718,Elementary8,Day,162,SG,SPAS-12,90,100,0,1,0,Armor Plate (5-Star),Buckshot Shell (5-Star),Holographic (5-Star),5053,315,61
718,Elementary8,Day,20053,RF,NTW-20 Mod,115,200,1,10,10,Exclusive (5-Star),Optical (5-Star),Camo Cloak (5-Star),7703,288,62
718,Elementary8,Day,20252,RF,KSVK Mod,115,200,1,8,10,Exclusive (5-Star),Optical (5-Star),Camo Cloak (5-Star),7473,280,63
718,Elementary8,Day,20037,RF,M14 Mod,115,200,1,10,10,AP Round (5-Star),Exclusive (5-Star),Camo Cloak (5-Star),7348,275,64
718,Elementary8,Day,20095,RF,Type88 Mod,116,200,1,10,10,Exclusive (5-Star),Exclusive (5-Star),Camo Cloak (5-Star),7093,265,65
718,Elementary8,Day,1031,RF,Pekola,100,100,0,10,0,AP Round (5-Star),Optical (5-Star),Exclusive (5-Star),6968,261,66
718,Elementary8,Day,1024,RF,Rico,100,100,0,10,0,AP Round (5-Star),Optical (5-Star),Exclusive (5-Star),6907,259,67
718,Elementary8,Day,198,RF,Carcano M91/38,100,150,1,10,0,AP Round (5-Star),Optical (5-Star),Camo Cloak (5-Star),6772,253,68
718,Elementary8,Day,266,RF,R93,91,100,0,10,0,AP Round (5-Star),Optical (5-Star),Camo Cloak (5-Star),6481,243,69
718,Elementary8,Day,296,RF,Gr SL8,91,150,1,10,0,AP Round (5-Star),Optical (5-Star),Camo Cloak (5-Star),6462,242,70
718,Elementary8,Day,261,RF,QBU-88,90,98,0,8,0,AP Round (5-Star),Optical (5-Star),Camo Cloak (5-Star),6427,241,71
718,Elementary8,Day,48,RF,WA2000,94,100,0,10,0,AP Round (5-Star),Optical (5-Star),Camo Cloak (5-Star),6384,239,72
718,Elementary8,Day,329,RF,SVCh,90,150,1,10,0,Sniper Round (5-Star),Optical (5-Star),Camo Cloak (5-Star),6148,230,73
718,Elementary8,Day,50,RF,Lee Enfield,91,100,0,10,0,Sniper Round (5-Star),Exclusive (5-Star),Camo Cloak (5-Star),6076,227,74
718,Elementary8,Day,257,RF,M200,95,100,0,10,0,Sniper Round (5-Star),Optical (5-Star),Camo Cloak (5-Star),6017,225,75
718,Elementary8,Day,316,RF,General Liu,90,50,0,10,0,Sniper Round (5-Star),Optical (5-Star),Camo Cloak (5-Star),5902,221,76
718,Elementary8,Day,270,RF,4 Shiki,90,100,0,8,0,Exclusive (5-Star),Optical (5-Star),Camo Cloak (5-Star),5852,219,77
718,Elementary8,Day,1029,AR,Agent 416,100,150,1,8,0,Optical (5-Star),Exclusive (5-Star),X-Exo (5-Star),1067,146,78
724,Intermediate4,Day,20055,AR,M4A1 Mod,120,198,1,10,10,Optical (5-Star),HV Round (5-Star),Exclusive (5-Star),8492,1167,1
724,Intermediate4,Day,20122,AR,Gr G11 Mod,115,200,1,10,10,Optical (5-Star),HV Round (5-Star),Exclusive (5-Star),7925,1089,2
724,Intermediate4,Day,20065,AR,416 Mod,115,200,1,10,10,Exclusive (5-Star),HV Round (5-Star),Exclusive (5-Star),7498,1030,3
724,Intermediate4,Day,213,SMG,C-MS,98,100,0,10,0,Chip (5-Star),AP Round (5-Star),Red Dot (5-Star),7855,981,4
724,Intermediate4,Day,54,AR,M16A1,100,100,0,10,0,HV Round (5-Star),Armor Plate (5-Star),Exclusive (5-Star),6668,916,5
724,Intermediate4,Day,20143,SMG,RO635 Mod,110,150,1,10,10,Chip (5-Star),HP Round (5-Star),Red Dot (5-Star),7074,884,6
724,Intermediate4,Day,205,AR,AN-94,100,150,1,10,0,Holographic (5-Star),HV Round (5-Star),Chip (5-Star),6371,876,7
724,Intermediate4,Day,20056,AR,M4 SOPMOD II Mod,119,200,1,10,10,Optical (5-Star),Auxiliary Sights (5-Star),HV Round (5-Star),6361,874,8
724,Intermediate4,Day,20057,AR,ST AR-15 Mod,119,200,1,10,10,Optical (5-Star),Auxiliary Sights (5-Star),Exclusive (5-Star),6347,872,9
724,Intermediate4,Day,206,AR,AK-12,100,100,0,10,0,Holographic (5-Star),HV Round (5-Star),Chip (5-Star),6249,859,10
724,Intermediate4,Day,1027,AR,Angelica,100,100,0,8,0,Optical (5-Star),HV Round (5-Star),Exclusive (5-Star),6146,845,11
724,Intermediate4,Day,20026,SMG,Gr MP5 Mod,111,143,1,10,10,Exclusive (5-Star),HP Round (5-Star),Red Dot (5-Star),6703,837,12
724,Intermediate4,Day,16,SMG,Thompson,100,150,1,10,0,Exclusive (5-Star),HP Round (5-Star),Red Dot (5-Star),6596,824,13
724,Intermediate4,Day,228,SMG,100 Shiki,100,100,0,10,0,T-Exo (5-Star),HP Round (5-Star),Exclusive (5-Star),6468,808,14
724,Intermediate4,Day,73,AR,AUG,100,150,1,10,0,Optical (5-Star),HV Round (5-Star),T-Exo (5-Star),5867,806,15
724,Intermediate4,Day,20103,SMG,UMP45 Mod,113,100,0,10,8,Exclusive (5-Star),HP Round (5-Star),Red Dot (5-Star),6437,804,16
724,Intermediate4,Day,245,SMG,P90,100,100,0,10,0,T-Exo (5-Star),HP Round (5-Star),Red Dot (5-Star),6382,797,17
724,Intermediate4,Day,20101,SMG,UMP9 Mod,110,100,0,8,10,T-Exo (5-Star),HP Round (5-Star),Red Dot (5-Star),6157,769,18
724,Intermediate4,Day,127,SMG,Type79,100,100,0,4,0,T-Exo (5-Star),Exclusive (5-Star),Red Dot (5-Star),6124,765,19
724,Intermediate4,Day,236,AR,K11,100,100,0,10,0,Optical (5-Star),HV Round (5-Star),T-Exo (5-Star),5545,762,20
724,Intermediate4,Day,20032,SMG,Micro Uzi Mod,110,100,0,10,10,T-Exo (5-Star),HP Round (5-Star),Holographic (5-Star),6092,761,21
724,Intermediate4,Day,20060,AR,AS Val Mod,111,98,0,10,10,Optical (5-Star),HV Round (5-Star),T-Exo (5-Star),5533,760,22
724,Intermediate4,Day,234,SMG,JS 9,100,100,0,10,0,T-Exo (5-Star),HP Round (5-Star),Holographic (5-Star),6061,757,23
724,Intermediate4,Day,129,AR,Type95,100,100,0,10,0,Exclusive (5-Star),HV Round (5-Star),T-Exo (5-Star),5443,748,24
724,Intermediate4,Day,20,SMG,Vector,100,100,0,10,0,T-Exo (5-Star),HP Round (5-Star),Holographic (5-Star),5916,739,25
724,Intermediate4,Day,106,AR,FAL,100,100,0,10,0,Optical (5-Star),HV Round (5-Star),T-Exo (5-Star),5336,733,26
724,Intermediate4,Day,196,AR,Zas M21,100,100,0,10,0,Optical (5-Star),HV Round (5-Star),T-Exo (5-Star),5323,731,27
724,Intermediate4,Day,215,AR,MDR,90,100,0,8,0,Exclusive (5-Star),HV Round (5-Star),T-Exo (5-Star),5293,727,28
724,Intermediate4,Day,311,SMG,Lusa,90,150,1,8,0,T-Exo (5-Star),HP Round (5-Star),Holographic (5-Star),5751,718,29
724,Intermediate4,Day,293,AR,AK-15,94,100,0,4,0,Holographic (5-Star),HV Round (5-Star),Chip (4-Star),5184,712,30
724,Intermediate4,Day,104,SMG,Gr G36c,91,150,1,10,0,T-Exo (5-Star),HP Round (5-Star),Holographic (5-Star),5632,704,31
724,Intermediate4,Day,172,AR,Am RFB,94,99,0,8,0,Exclusive (5-Star),HV Round (5-Star),T-Exo (5-Star),5127,704,32
724,Intermediate4,Day,1028,SMG,Agent Vector,91,100,0,8,0,Exclusive (5-Star),HP Round (5-Star),Holographic (5-Star),5417,677,33
724,Intermediate4,Day,194,AR,K2,90,100,0,10,0,Holographic (5-Star),HV Round (3-Star),Chip (4-Star),4645,638,34
724,Intermediate4,Day,183,HG,Contender,92,100,0,10,0,Auxiliary Sights (5-Star),AP Round (5-Star),X-Exo (5-Star),4537,623,35
724,Intermediate4,Day,251,SMG,X95,90,100,0,8,0,X-Exo (5-Star),Signal Flare (5-Star),Holographic (5-Star),4877,609,36
724,Intermediate4,Day,135,SMG,SR-3MP,90,100,0,8,0,X-Exo (5-Star),Signal Flare (5-Star),Holographic (5-Star),4830,603,37
724,Intermediate4,Day,20053,RF,NTW-20 Mod,115,200,1,10,10,Exclusive (5-Star),Optical (5-Star),Camo Cloak (5-Star),7703,577,38
724,Intermediate4,Day,136,SMG,PP-19,91,100,0,8,0,X-Exo (5-Star),Signal Flare (5-Star),Holographic (5-Star),4579,572,39
724,Intermediate4,Day,20252,RF,KSVK Mod,115,200,1,8,10,Exclusive (5-Star),Optical (5-Star),Camo Cloak (5-Star),7473,560,40
724,Intermediate4,Day,20037,RF,M14 Mod,115,200,1,10,10,AP Round (5-Star),Exclusive (5-Star),Camo Cloak (5-Star),7348,551,41
724,Intermediate4,Day,125,MG,Gr MG4,100,150,1,10,0,Special AP Round (5-Star),Exclusive (5-Star),Ammo Box (5-Star),14320,537,42
724,Intermediate4,Day,20095,RF,Type88 Mod,116,200,1,10,10,Exclusive (5-Star),Exclusive (5-Star),Camo Cloak (5-Star),7093,531,43
724,Intermediate4,Day,1031,RF,Pekola,100,100,0,10,0,AP Round (5-Star),Optical (5-Star),Exclusive (5-Star),6968,522,44
724,Intermediate4,Day,1024,RF,Rico,100,100,0,10,0,AP Round (5-Star),Optical (5-Star),Exclusive (5-Star),6907,518,45
724,Intermediate4,Day,198,RF,Carcano M91/38,100,150,1,10,0,AP Round (5-Star),Optical (5-Star),Camo Cloak (5-Star),6772,507,46
724,Intermediate4,Day,1017,HG,Jill Stingray,100,100,0,10,0,Silencer (5-Star),Exclusive (5-Star),X-Exo (5-Star),3655,502,47
724,Intermediate4,Day,188,SG,S.A.T.8,100,100,0,10,0,Armor Plate (5-Star),Buckshot Shell (5-Star),Holographic (5-Star),7892,493,48
724,Intermediate4,Day,292,MG,RPK-16,100,150,1,10,0,Special AP Round (5-Star),Optical (5-Star),Ammo Box (5-Star),13172,493,49
724,Intermediate4,Day,266,RF,R93,91,100,0,10,0,AP Round (5-Star),Optical (5-Star),Camo Cloak (5-Star),6481,486,50
724,Intermediate4,Day,296,RF,Gr SL8,91,150,1,10,0,AP Round (5-Star),Optical (5-Star),Camo Cloak (5-Star),6462,484,51
724,Intermediate4,Day,261,RF,QBU-88,90,98,0,8,0,AP Round (5-Star),Optical (5-Star),Camo Cloak (5-Star),6427,482,52
724,Intermediate4,Day,48,RF,WA2000,94,100,0,10,0,AP Round (5-Star),Optical (5-Star),Camo Cloak (5-Star),6384,478,53
724,Intermediate4,Day,329,RF,SVCh,90,150,1,10,0,AP Round (5-Star),Optical (5-Star),Camo Cloak (5-Star),6376,478,54
724,Intermediate4,Day,229,SG,M870,98,100,0,10,0,Armor Plate (5-Star),Buckshot Shell (5-Star),Red Dot (4-Star),7637,477,55
724,Intermediate4,Day,282,SG,DP-12,100,100,0,10,0,Armor Plate (5-Star),Buckshot Shell (5-Star),Red Dot (4-Star),7587,474,56
724,Intermediate4,Day,50,RF,Lee Enfield,91,100,0,10,0,AP Round (5-Star),Exclusive (5-Star),Camo Cloak (5-Star),6317,473,57
724,Intermediate4,Day,323,SG,LTLX7000,95,100,0,10,0,Armor Plate (5-Star),Buckshot Shell (5-Star),Holographic (5-Star),7546,471,58
724,Intermediate4,Day,257,RF,M200,95,100,0,10,0,AP Round (5-Star),Optical (5-Star),Camo Cloak (5-Star),6238,467,59
724,Intermediate4,Day,316,RF,General Liu,90,50,0,10,0,AP Round (5-Star),Optical (5-Star),Camo Cloak (5-Star),6147,461,60
724,Intermediate4,Day,302,SG,Defender,100,143,1,10,0,Armor Plate (5-Star),Exclusive (5-Star),Holographic (5-Star),7361,460,61
724,Intermediate4,Day,253,MG,Lewis,90,100,0,8,0,Special AP Round (5-Star),Auxiliary Sights (4-Star),Ammo Box (5-Star),12134,455,62
724,Intermediate4,Day,173,MG,PKP,90,100,0,8,0,Special AP Round (5-Star),Auxiliary Sights (4-Star),Ammo Box (5-Star),11907,446,63
724,Intermediate4,Day,20081,MG,LWMMG Mod,110,100,0,4,10,Special AP Round (5-Star),Auxiliary Sights (4-Star),Ammo Box (5-Star),11863,444,64
724,Intermediate4,Day,197,RF,Carcano M1891,92,100,0,10,0,AP Round (5-Star),Optical (5-Star),Camo Cloak (5-Star),5900,442,65
724,Intermediate4,Day,20154,SG,M500 Mod,113,100,0,1,10,Armor Plate (5-Star),Slug Shell (5-Star),Optical (5-Star),6983,436,66
724,Intermediate4,Day,270,RF,4 Shiki,90,100,0,8,0,Exclusive (5-Star),Optical (5-Star),Camo Cloak (4-Star),5687,426,67
724,Intermediate4,Day,201,RF,Gepard M1,100,150,1,10,0,AP Round (5-Star),Optical (5-Star),Camo Cloak (4-Star),5679,425,68
724,Intermediate4,Day,157,SG,Am KSG,92,100,0,8,0,Armor Plate (5-Star),Buckshot Shell (5-Star),Optical (5-Star),6648,415,69
724,Intermediate4,Day,164,SG,FP-6,90,100,0,3,0,Armor Plate (5-Star),Buckshot Shell (5-Star),Optical (5-Star),5120,320,70
724,Intermediate4,Day,162,SG,SPAS-12,90,100,0,1,0,Armor Plate (5-Star),Slug Shell (5-Star),Optical (5-Star),4874,304,71
724,Intermediate4,Day,1025,SG,Triela,90,100,0,4,0,Armor Plate (5-Star),Exclusive (5-Star),Optical (5-Star),4820,301,72
724,Intermediate4,Day,276,MG,Kord,100,100,0,10,0,AP Round (5-Star),Optical (5-Star),Ammo Box (5-Star),7818,293,73
724,Intermediate4,Day,109,MG,Gr MG5,91,100,0,9,0,Sniper Round (5-Star),Optical (5-Star),Ammo Box (5-Star),7197,269,74
724,Intermediate4,Day,238,MG,QJY-88,90,100,0,4,0,Sniper Round (5-Star),Optical (5-Star),Ammo Box (5-Star),7157,268,75
724,Intermediate4,Day,339,MG,RPK-203,90,79,0,10,0,Sniper Round (5-Star),Optical (4-Star),Ammo Box (5-Star),6775,254,76
724,Intermediate4,Day,1029,AR,Agent 416,100,150,1,8,0,Exclusive (5-Star),Exclusive (5-Star),X-Exo (5-Star),1067,146,77
728,Intermediate8,Day,213,SMG,C-MS,98,100,0,10,0,Chip (5-Star),AP Round (5-Star),Red Dot (5-Star),7855,981,1
728,Intermediate8,Day,183,HG,Contender,92,100,0,10,0,Auxiliary Sights (5-Star),AP Round (5-Star),T-Exo (5-Star),4535,907,2
728,Intermediate8,Day,20143,SMG,RO635 Mod,110,150,1,10,10,Chip (5-Star),HP Round (5-Star),Red Dot (5-Star),7074,884,3
728,Intermediate8,Day,20097,HG,M950A Mod,115,100,0,10,10,Auxiliary Sights (5-Star),HP Round (5-Star),X-Exo (5-Star),4340,868,4
728,Intermediate8,Day,20026,SMG,Gr MP5 Mod,111,143,1,10,10,Exclusive (5-Star),HP Round (5-Star),Red Dot (5-Star),6703,837,5
728,Intermediate8,Day,16,SMG,Thompson,100,150,1,10,0,Exclusive (5-Star),HP Round (5-Star),Red Dot (5-Star),6596,824,6
728,Intermediate8,Day,245,SMG,P90,100,100,0,10,0,Chip (5-Star),HP Round (5-Star),Red Dot (5-Star),6581,822,7
728,Intermediate8,Day,228,SMG,100 Shiki,100,100,0,10,0,T-Exo (5-Star),HP Round (5-Star),Exclusive (5-Star),6468,808,8
728,Intermediate8,Day,20103,SMG,UMP45 Mod,113,100,0,10,8,Exclusive (5-Star),HP Round (5-Star),Red Dot (5-Star),6437,804,9
728,Intermediate8,Day,188,SG,S.A.T.8,100,100,0,10,0,Armor Plate (5-Star),Buckshot Shell (5-Star),Red Dot (5-Star),8040,804,10
728,Intermediate8,Day,20032,SMG,Micro Uzi Mod,110,100,0,10,10,Chip (5-Star),HP Round (5-Star),Red Dot (5-Star),6411,801,11
728,Intermediate8,Day,20001,HG,SAA Mod,118,100,0,10,10,Exclusive (5-Star),HP Round (5-Star),T-Exo (5-Star),3998,799,12
728,Intermediate8,Day,242,HG,P22,100,150,1,10,0,Auxiliary Sights (5-Star),HP Round (5-Star),X-Exo (5-Star),3992,798,13
728,Intermediate8,Day,126,HG,NZ75,100,100,0,10,0,Exclusive (5-Star),HP Round (5-Star),X-Exo (5-Star),3854,770,14
728,Intermediate8,Day,20101,SMG,UMP9 Mod,110,100,0,8,10,T-Exo (5-Star),HP Round (5-Star),Holographic (5-Star),6139,767,15
728,Intermediate8,Day,229,SG,M870,98,100,0,10,0,Armor Plate (5-Star),Buckshot Shell (5-Star),Red Dot (4-Star),7637,763,16
728,Intermediate8,Day,1017,HG,Jill Stingray,100,100,0,10,0,Silencer (5-Star),HP Round (5-Star),T-Exo (5-Star),3811,762,17
728,Intermediate8,Day,282,SG,DP-12,100,100,0,10,0,Armor Plate (5-Star),Buckshot Shell (5-Star),Red Dot (4-Star),7587,758,18
728,Intermediate8,Day,323,SG,LTLX7000,95,100,0,10,0,Armor Plate (5-Star),Buckshot Shell (5-Star),Holographic (5-Star),7546,754,19
728,Intermediate8,Day,127,SMG,Type79,100,100,0,4,0,T-Exo (5-Star),Exclusive (5-Star),Holographic (5-Star),5978,747,20
728,Intermediate8,Day,20055,AR,M4A1 Mod,120,198,1,10,10,Optical (5-Star),HV Round (5-Star),Exclusive (5-Star),8492,743,21
728,Intermediate8,Day,302,SG,Defender,100,143,1,10,0,Armor Plate (5-Star),Exclusive (5-Star),Holographic (5-Star),7361,736,22
728,Intermediate8,Day,20154,SG,M500 Mod,113,100,0,1,10,Armor Plate (5-Star),Buckshot Shell (5-Star),Holographic (5-Star),7187,718,23
728,Intermediate8,Day,234,SMG,JS 9,100,100,0,10,0,T-Exo (5-Star),Signal Flare (5-Star),Holographic (5-Star),5738,717,24
728,Intermediate8,Day,20,SMG,Vector,100,100,0,10,0,T-Exo (5-Star),Signal Flare (5-Star),Holographic (5-Star),5572,696,25
728,Intermediate8,Day,20122,AR,Gr G11 Mod,115,200,1,10,10,Optical (5-Star),HV Round (5-Star),Exclusive (5-Star),7925,693,26
728,Intermediate8,Day,114,HG,Welrod MkⅡ,100,100,0,10,0,Silencer (5-Star),Signal Flare (5-Star),T-Exo (5-Star),3456,691,27
728,Intermediate8,Day,157,SG,Am KSG,92,100,0,8,0,Armor Plate (5-Star),Buckshot Shell (5-Star),Holographic (5-Star),6893,689,28
728,Intermediate8,Day,1028,SMG,Agent Vector,91,100,0,8,0,T-Exo (5-Star),Exclusive (5-Star),Holographic (5-Star),5417,677,29
728,Intermediate8,Day,20065,AR,416 Mod,115,200,1,10,10,Exclusive (5-Star),HV Round (5-Star),Exclusive (5-Star),7498,656,30
728,Intermediate8,Day,164,SG,FP-6,90,100,0,3,0,Armor Plate (5-Star),Buckshot Shell (5-Star),Holographic (5-Star),5295,635,31
728,Intermediate8,Day,162,SG,SPAS-12,90,100,0,1,0,Armor Plate (5-Star),Buckshot Shell (5-Star),Holographic (5-Star),5053,606,32
728,Intermediate8,Day,54,AR,M16A1,100,100,0,10,0,HV Round (5-Star),Armor Plate (5-Star),Exclusive (5-Star),6668,583,33
728,Intermediate8,Day,20053,RF,NTW-20 Mod,115,200,1,10,10,Exclusive (5-Star),Optical (5-Star),Camo Cloak (5-Star),7703,577,34
728,Intermediate8,Day,20252,RF,KSVK Mod,115,200,1,8,10,Exclusive (5-Star),Optical (5-Star),Camo Cloak (5-Star),7473,560,35
728,Intermediate8,Day,20057,AR,ST AR-15 Mod,119,200,1,10,10,Optical (5-Star),Optical (5-Star),Exclusive (5-Star),6316,552,36
728,Intermediate8,Day,20056,AR,M4 SOPMOD II Mod,119,200,1,10,10,Optical (5-Star),Exclusive (5-Star),HV Round (5-Star),6304,551,37
728,Intermediate8,Day,20037,RF,M14 Mod,115,200,1,10,10,AP Round (5-Star),Exclusive (5-Star),Camo Cloak (5-Star),7348,551,38
728,Intermediate8,Day,125,MG,Gr MG4,100,150,1,10,0,Special AP Round (5-Star),Exclusive (5-Star),Ammo Box (5-Star),14320,537,39
728,Intermediate8,Day,1027,AR,Angelica,100,100,0,8,0,Optical (5-Star),HV Round (5-Star),Exclusive (5-Star),6146,537,40
728,Intermediate8,Day,20095,RF,Type88 Mod,116,200,1,10,10,Exclusive (5-Star),Exclusive (5-Star),Camo Cloak (5-Star),7093,531,41
728,Intermediate8,Day,1031,RF,Pekola,100,100,0,10,0,AP Round (5-Star),Optical (5-Star),Exclusive (5-Star),6968,522,42
728,Intermediate8,Day,1024,RF,Rico,100,100,0,10,0,AP Round (5-Star),Optical (5-Star),Exclusive (5-Star),6907,518,43
728,Intermediate8,Day,73,AR,AUG,100,150,1,10,0,Optical (5-Star),HV Round (5-Star),T-Exo (5-Star),5867,513,44
728,Intermediate8,Day,205,AR,AN-94,100,150,1,10,0,Optical (5-Star),HV Round (5-Star),T-Exo (5-Star),5867,513,45
728,Intermediate8,Day,198,RF,Carcano M91/38,100,150,1,10,0,AP Round (5-Star),Optical (5-Star),Camo Cloak (5-Star),6772,507,46
728,Intermediate8,Day,1025,SG,Triela,90,100,0,4,0,Armor Plate (5-Star),Exclusive (5-Star),Holographic (5-Star),5064,506,47
728,Intermediate8,Day,206,AR,AK-12,100,100,0,10,0,Optical (5-Star),HV Round (5-Star),T-Exo (5-Star),5708,499,48
728,Intermediate8,Day,292,MG,RPK-16,100,150,1,10,0,Special AP Round (5-Star),Optical (5-Star),Ammo Box (5-Star),13172,493,49
728,Intermediate8,Day,266,RF,R93,91,100,0,10,0,AP Round (5-Star),Optical (5-Star),Camo Cloak (5-Star),6481,486,50
728,Intermediate8,Day,236,AR,K11,100,100,0,10,0,Optical (5-Star),HV Round (5-Star),T-Exo (5-Star),5545,485,51
728,Intermediate8,Day,20060,AR,AS Val Mod,111,98,0,10,10,Optical (5-Star),HV Round (5-Star),T-Exo (5-Star),5533,484,52
728,Intermediate8,Day,296,RF,Gr SL8,91,150,1,10,0,AP Round (5-Star),Optical (5-Star),Camo Cloak (5-Star),6462,484,53
728,Intermediate8,Day,261,RF,QBU-88,90,98,0,8,0,AP Round (5-Star),Optical (5-Star),Camo Cloak (5-Star),6427,482,54
728,Intermediate8,Day,48,RF,WA2000,94,100,0,10,0,AP Round (5-Star),Optical (5-Star),Camo Cloak (5-Star),6384,478,55
728,Intermediate8,Day,329,RF,SVCh,90,150,1,10,0,AP Round (5-Star),Optical (5-Star),Camo Cloak (5-Star),6376,478,56
728,Intermediate8,Day,129,AR,Type95,100,100,0,10,0,Exclusive (5-Star),HV Round (5-Star),T-Exo (5-Star),5443,476,57
728,Intermediate8,Day,50,RF,Lee Enfield,91,100,0,10,0,AP Round (5-Star),Exclusive (5-Star),Camo Cloak (5-Star),6317,473,58
728,Intermediate8,Day,257,RF,M200,95,100,0,10,0,AP Round (5-Star),Optical (5-Star),Camo Cloak (5-Star),6238,467,59
728,Intermediate8,Day,106,AR,FAL,100,100,0,10,0,Optical (5-Star),HV Round (5-Star),T-Exo (5-Star),5336,466,60
728,Intermediate8,Day,196,AR,Zas M21,100,100,0,10,0,Holographic (5-Star),HV Round (5-Star),Chip (4-Star),5294,463,61
728,Intermediate8,Day,316,RF,General Liu,90,50,0,10,0,AP Round (5-Star),Optical (5-Star),Camo Cloak (5-Star),6147,461,62
728,Intermediate8,Day,215,AR,MDR,90,100,0,8,0,Exclusive (5-Star),HV Round (5-Star),X-Exo (5-Star),5252,459,63
728,Intermediate8,Day,253,MG,Lewis,90,100,0,8,0,Special AP Round (5-Star),Auxiliary Sights (4-Star),Ammo Box (5-Star),12134,455,64
728,Intermediate8,Day,293,AR,AK-15,94,100,0,4,0,Holographic (5-Star),HV Round (5-Star),Chip (4-Star),5184,453,65
728,Intermediate8,Day,173,MG,PKP,90,100,0,8,0,Special AP Round (5-Star),Auxiliary Sights (4-Star),Ammo Box (5-Star),11907,446,66
728,Intermediate8,Day,172,AR,Am RFB,94,99,0,8,0,Exclusive (5-Star),HV Round (5-Star),X-Exo (5-Star),5092,445,67
728,Intermediate8,Day,20081,MG,LWMMG Mod,110,100,0,4,10,Special AP Round (5-Star),Auxiliary Sights (4-Star),Ammo Box (5-Star),11863,444,68
728,Intermediate8,Day,197,RF,Carcano M1891,92,100,0,10,0,AP Round (5-Star),Optical (5-Star),Camo Cloak (5-Star),5900,442,69
728,Intermediate8,Day,270,RF,4 Shiki,90,100,0,8,0,Exclusive (5-Star),Optical (5-Star),Camo Cloak (4-Star),5687,426,70
728,Intermediate8,Day,201,RF,Gepard M1,100,150,1,10,0,AP Round (5-Star),Optical (5-Star),Camo Cloak (4-Star),5679,425,71
728,Intermediate8,Day,274,AR,ACR,90,100,0,8,0,Optical (5-Star),HV Round (3-Star),X-Exo (5-Star),4612,403,72
728,Intermediate8,Day,276,MG,Kord,100,100,0,10,0,AP Round (5-Star),Holographic (5-Star),Ammo Box (5-Star),7958,298,73
728,Intermediate8,Day,109,MG,Gr MG5,91,100,0,9,0,Sniper Round (5-Star),Holographic (5-Star),Ammo Box (5-Star),7250,271,74
728,Intermediate8,Day,238,MG,QJY-88,90,100,0,4,0,Sniper Round (5-Star),Optical (5-Star),Ammo Box (5-Star),7157,268,75
728,Intermediate8,Day,339,MG,RPK-203,90,79,0,10,0,Sniper Round (5-Star),Optical (5-Star),Ammo Box (5-Star),7080,265,76
728,Intermediate8,Day,275,MG,M1895 CB,90,100,0,10,0,Sniper Round (5-Star),Optical (5-Star),Ammo Box (5-Star),7007,262,77
728,Intermediate8,Day,1029,AR,Agent 416,100,150,1,8,0,Optical (5-Star),Exclusive (5-Star),X-Exo (5-Star),1067,93,78
733,Advanced3,Day,183,HG,Contender,92,100,0,10,0,Auxiliary Sights (5-Star),AP Round (5-Star),T-Exo (5-Star),4535,907,1
733,Advanced3,Day,20097,HG,M950A Mod,115,100,0,10,10,Auxiliary Sights (5-Star),HP Round (5-Star),X-Exo (5-Star),4340,868,2
733,Advanced3,Day,20053,RF,NTW-20 Mod,115,200,1,10,10,Exclusive (5-Star),Optical (5-Star),Camo Cloak (5-Star),7703,866,3
733,Advanced3,Day,329,RF,SVCh,90,150,1,10,0,AP Round (5-Star),Optical (5-Star),Camo Cloak (5-Star),6376,860,4
733,Advanced3,Day,20252,RF,KSVK Mod,115,200,1,8,10,Exclusive (5-Star),Optical (5-Star),Camo Cloak (5-Star),7473,840,5
733,Advanced3,Day,260,HG,PA-15,92,100,0,8,0,Auxiliary Sights (5-Star),HP Round (5-Star),X-Exo (5-Star),3499,839,6
733,Advanced3,Day,20037,RF,M14 Mod,115,200,1,10,10,AP Round (5-Star),Exclusive (5-Star),Camo Cloak (5-Star),7348,826,7
733,Advanced3,Day,188,SG,S.A.T.8,100,100,0,10,0,Armor Plate (5-Star),Buckshot Shell (5-Star),Red Dot (5-Star),8040,804,8
733,Advanced3,Day,20001,HG,SAA Mod,118,100,0,10,10,Exclusive (5-Star),HP Round (5-Star),T-Exo (5-Star),3998,799,9
733,Advanced3,Day,20095,RF,Type88 Mod,116,200,1,10,10,Exclusive (5-Star),Exclusive (5-Star),Camo Cloak (5-Star),7093,797,10
733,Advanced3,Day,242,HG,P22,100,150,1,10,0,Silencer (5-Star),HP Round (5-Star),X-Exo (5-Star),3957,791,11
733,Advanced3,Day,1031,RF,Pekola,100,100,0,10,0,AP Round (5-Star),Optical (5-Star),Exclusive (5-Star),6968,783,12
733,Advanced3,Day,229,SG,M870,98,100,0,10,0,Armor Plate (5-Star),Buckshot Shell (5-Star),Red Dot (5-Star),7781,778,13
733,Advanced3,Day,1024,RF,Rico,100,100,0,10,0,AP Round (5-Star),Optical (5-Star),Exclusive (5-Star),6907,777,14
733,Advanced3,Day,282,SG,DP-12,100,100,0,10,0,Armor Plate (5-Star),Buckshot Shell (5-Star),Red Dot (5-Star),7734,773,15
733,Advanced3,Day,126,HG,NZ75,100,100,0,10,0,Exclusive (5-Star),HP Round (5-Star),X-Exo (5-Star),3854,770,16
733,Advanced3,Day,323,SG,LTLX7000,95,100,0,10,0,Armor Plate (5-Star),Buckshot Shell (5-Star),Red Dot (5-Star),7653,765,17
733,Advanced3,Day,1017,HG,Jill Stingray,100,100,0,10,0,Silencer (5-Star),HP Round (5-Star),T-Exo (5-Star),3811,762,18
733,Advanced3,Day,198,RF,Carcano M91/38,100,150,1,10,0,AP Round (5-Star),Optical (5-Star),Camo Cloak (5-Star),6772,761,19
733,Advanced3,Day,302,SG,Defender,100,143,1,10,0,Armor Plate (5-Star),Exclusive (5-Star),Red Dot (5-Star),7613,761,20
733,Advanced3,Day,114,HG,Welrod MkⅡ,100,100,0,10,0,Silencer (5-Star),HP Round (5-Star),T-Exo (5-Star),3798,759,21
733,Advanced3,Day,250,HG,HS2000,100,98,0,10,0,Silencer (5-Star),HP Round (5-Star),X-Exo (5-Star),3783,756,22
733,Advanced3,Day,20007,HG,Stechkin Mod,105,100,0,10,0,Exclusive (5-Star),HP Round (5-Star),T-Exo (5-Star),3753,750,23
733,Advanced3,Day,4,HG,Python,100,100,0,10,0,Silencer (5-Star),HP Round (5-Star),X-Exo (5-Star),3740,748,24
733,Advanced3,Day,96,HG,Grizzly,100,100,0,10,0,Silencer (5-Star),HP Round (5-Star),T-Exo (5-Star),3737,747,25
733,Advanced3,Day,272,HG,Desert Eagle,100,96,0,10,0,Silencer (5-Star),HP Round (5-Star),T-Exo (5-Star),3724,744,26
733,Advanced3,Day,20055,AR,M4A1 Mod,120,198,1,10,10,Optical (5-Star),HV Round (5-Star),Exclusive (5-Star),8492,743,27
733,Advanced3,Day,233,HG,Px4 Storm,95,90,0,10,0,Exclusive (5-Star),HP Round (5-Star),X-Exo (5-Star),3719,743,28
733,Advanced3,Day,20154,SG,M500 Mod,113,100,0,1,10,Armor Plate (5-Star),Buckshot Shell (5-Star),Red Dot (5-Star),7370,737,29
733,Advanced3,Day,266,RF,R93,91,100,0,10,0,AP Round (5-Star),Optical (5-Star),Camo Cloak (5-Star),6481,729,30
733,Advanced3,Day,296,RF,Gr SL8,91,150,1,10,0,AP Round (5-Star),Optical (5-Star),Camo Cloak (5-Star),6462,726,31
733,Advanced3,Day,261,RF,QBU-88,90,98,0,8,0,AP Round (5-Star),Optical (5-Star),Camo Cloak (5-Star),6427,723,32
733,Advanced3,Day,48,RF,WA2000,94,100,0,10,0,AP Round (5-Star),Optical (5-Star),Camo Cloak (5-Star),6384,718,33
733,Advanced3,Day,50,RF,Lee Enfield,91,100,0,10,0,AP Round (5-Star),Exclusive (5-Star),Camo Cloak (5-Star),6317,710,34
733,Advanced3,Day,157,SG,Am KSG,92,100,0,8,0,Armor Plate (5-Star),Buckshot Shell (5-Star),Red Dot (5-Star),7057,705,35
733,Advanced3,Day,257,RF,M200,95,100,0,10,0,AP Round (5-Star),Optical (5-Star),Camo Cloak (5-Star),6238,701,36
733,Advanced3,Day,20122,AR,Gr G11 Mod,115,200,1,10,10,Optical (5-Star),HV Round (5-Star),Exclusive (5-Star),7925,693,37
733,Advanced3,Day,316,RF,General Liu,90,50,0,10,0,AP Round (5-Star),Optical (5-Star),Camo Cloak (5-Star),6147,691,38
733,Advanced3,Day,20005,HG,M1895 Mod,110,100,0,8,10,Silencer (5-Star),Signal Flare (5-Star),T-Exo (5-Star),3326,665,39
733,Advanced3,Day,197,RF,Carcano M1891,92,100,0,10,0,AP Round (5-Star),Optical (5-Star),Camo Cloak (5-Star),5900,663,40
733,Advanced3,Day,294,HG,Webley,92,100,0,10,0,Silencer (5-Star),Signal Flare (5-Star),T-Exo (5-Star),3301,660,41
733,Advanced3,Day,20065,AR,416 Mod,115,200,1,10,10,Exclusive (5-Star),HV Round (5-Star),Exclusive (5-Star),7498,656,42
733,Advanced3,Day,142,HG,Five-seven,99,98,0,10,0,Silencer (5-Star),Signal Flare (5-Star),X-Exo (5-Star),3281,656,43
733,Advanced3,Day,270,RF,4 Shiki,90,100,0,8,0,Exclusive (5-Star),Optical (5-Star),Camo Cloak (4-Star),5687,639,44
733,Advanced3,Day,201,RF,Gepard M1,100,150,1,10,0,AP Round (5-Star),Optical (5-Star),Camo Cloak (4-Star),5679,638,45
733,Advanced3,Day,213,SMG,C-MS,98,100,0,10,0,Chip (5-Star),AP Round (5-Star),Red Dot (5-Star),7855,589,46
733,Advanced3,Day,54,AR,M16A1,100,100,0,10,0,HV Round (5-Star),Armor Plate (5-Star),Exclusive (5-Star),6668,583,47
733,Advanced3,Day,205,AR,AN-94,100,150,1,10,0,Holographic (5-Star),HV Round (5-Star),Chip (5-Star),6371,557,48
733,Advanced3,Day,20057,AR,ST AR-15 Mod,119,200,1,10,10,Optical (5-Star),Optical (5-Star),Exclusive (5-Star),6316,552,49
733,Advanced3,Day,20056,AR,M4 SOPMOD II Mod,119,200,1,10,10,Optical (5-Star),Exclusive (5-Star),HV Round (5-Star),6304,551,50
733,Advanced3,Day,206,AR,AK-12,100,100,0,10,0,Holographic (5-Star),HV Round (5-Star),Chip (5-Star),6249,546,51
733,Advanced3,Day,73,AR,AUG,100,150,1,10,0,Holographic (5-Star),HV Round (5-Star),Chip (5-Star),6236,545,52
733,Advanced3,Day,125,MG,Gr MG4,100,150,1,10,0,Special AP Round (5-Star),Exclusive (5-Star),Ammo Box (5-Star),14320,537,53
733,Advanced3,Day,1027,AR,Angelica,100,100,0,8,0,Optical (5-Star),HV Round (5-Star),Exclusive (5-Star),6146,537,54
733,Advanced3,Day,164,SG,FP-6,90,100,0,3,0,Armor Plate (5-Star),Buckshot Shell (5-Star),Red Dot (4-Star),5322,532,55
733,Advanced3,Day,1025,SG,Triela,90,100,0,4,0,Armor Plate (5-Star),Exclusive (5-Star),Red Dot (4-Star),5121,512,56
733,Advanced3,Day,162,SG,SPAS-12,90,100,0,1,0,Armor Plate (5-Star),Buckshot Shell (5-Star),Holographic (5-Star),5053,505,57
733,Advanced3,Day,292,MG,RPK-16,100,150,1,10,0,Special AP Round (5-Star),Optical (5-Star),Ammo Box (5-Star),13172,493,58
733,Advanced3,Day,236,AR,K11,100,100,0,10,0,Optical (5-Star),HV Round (5-Star),T-Exo (5-Star),5545,485,59
733,Advanced3,Day,20060,AR,AS Val Mod,111,98,0,10,10,Optical (5-Star),HV Round (5-Star),T-Exo (5-Star),5533,484,60
733,Advanced3,Day,129,AR,Type95,100,100,0,10,0,Exclusive (5-Star),HV Round (5-Star),T-Exo (5-Star),5443,476,61
733,Advanced3,Day,106,AR,FAL,100,100,0,10,0,Optical (5-Star),HV Round (5-Star),T-Exo (5-Star),5336,466,62
733,Advanced3,Day,196,AR,Zas M21,100,100,0,10,0,Optical (5-Star),HV Round (5-Star),T-Exo (5-Star),5323,465,63
733,Advanced3,Day,215,AR,MDR,90,100,0,8,0,Exclusive (5-Star),HV Round (5-Star),T-Exo (5-Star),5293,463,64
733,Advanced3,Day,253,MG,Lewis,90,100,0,8,0,Special AP Round (5-Star),Auxiliary Sights (4-Star),Ammo Box (5-Star),12134,455,65
733,Advanced3,Day,293,AR,AK-15,94,100,0,4,0,Holographic (5-Star),HV Round (5-Star),Chip (4-Star),5184,453,66
733,Advanced3,Day,127,SMG,Type79,100,100,0,4,0,T-Exo (5-Star),Exclusive (5-Star),Holographic (5-Star),5978,448,67
733,Advanced3,Day,172,AR,Am RFB,94,99,0,8,0,Exclusive (5-Star),HV Round (5-Star),T-Exo (5-Star),5127,448,68
733,Advanced3,Day,173,MG,PKP,90,100,0,8,0,Special AP Round (5-Star),Auxiliary Sights (4-Star),Ammo Box (5-Star),11907,446,69
733,Advanced3,Day,20081,MG,LWMMG Mod,110,100,0,4,10,Special AP Round (5-Star),Auxiliary Sights (4-Star),Ammo Box (5-Star),11863,444,70
733,Advanced3,Day,194,AR,K2,90,100,0,10,0,Holographic (5-Star),HV Round (3-Star),Chip (4-Star),4645,406,71
733,Advanced3,Day,1028,SMG,Agent Vector,91,100,0,8,0,Exclusive (5-Star),Exclusive (5-Star),Holographic (5-Star),5417,406,72
733,Advanced3,Day,276,MG,Kord,100,100,0,10,0,AP Round (5-Star),Holographic (5-Star),Ammo Box (5-Star),7958,298,73
733,Advanced3,Day,109,MG,Gr MG5,91,100,0,9,0,Sniper Round (5-Star),Holographic (5-Star),Ammo Box (5-Star),7250,271,74
733,Advanced3,Day,238,MG,QJY-88,90,100,0,4,0,Sniper Round (5-Star),Optical (5-Star),Ammo Box (5-Star),7157,268,75
733,Advanced3,Day,275,MG,M1895 CB,90,100,0,10,0,Sniper Round (5-Star),Holographic (5-Star),Ammo Box (5-Star),7096,266,76
733,Advanced3,Day,339,MG,RPK-203,90,79,0,10,0,Sniper Round (5-Star),Optical (5-Star),Ammo Box (5-Star),7080,265,77
733,Advanced3,Day,1029,AR,Agent 416,100,150,1,8,0,Optical (5-Star),Exclusive (5-Star),X-Exo (5-Star),1067,93,78
736,Advanced6,Night,20055,AR,M4A1 Mod,120,198,1,10,10,Night Equip (5-Star),HV Round (5-Star),Exclusive (5-Star),7607,1426,1
736,Advanced6,Night,20122,AR,Gr G11 Mod,115,200,1,10,10,Night Equip (5-Star),HV Round (5-Star),Exclusive (5-Star),6635,1244,2
736,Advanced6,Night,20065,AR,416 Mod,115,200,1,10,10,Night Equip (5-Star),HV Round (5-Star),Exclusive (5-Star),6492,1217,3
736,Advanced6,Night,205,AR,AN-94,100,150,1,10,0,Night Equip (5-Star),HV Round (5-Star),Chip (5-Star),6071,1138,4
736,Advanced6,Night,206,AR,AK-12,100,100,0,10,0,Night Equip (5-Star),HV Round (5-Star),Chip (5-Star),5916,1109,5
736,Advanced6,Night,73,AR,AUG,100,150,1,10,0,Night Equip (5-Star),HV Round (5-Star),Chip (5-Star),5907,1107,6
736,Advanced6,Night,20056,AR,M4 SOPMOD II Mod,119,200,1,10,10,Night Equip (5-Star),Auxiliary Sights (5-Star),HV Round (5-Star),5737,1075,7
736,Advanced6,Night,20057,AR,ST AR-15 Mod,119,200,1,10,10,Optical (5-Star),Night Equip (5-Star),Exclusive (5-Star),5719,1072,8
736,Advanced6,Night,1027,AR,Angelica,100,100,0,8,0,Night Equip (5-Star),HV Round (5-Star),Chip (5-Star),5650,1059,9
736,Advanced6,Night,20143,SMG,RO635 Mod,110,150,1,10,10,T-Exo (5-Star),HP Round (5-Star),Night Equip (5-Star),6395,1039,10
736,Advanced6,Night,54,AR,M16A1,100,100,0,10,0,HV Round (5-Star),Armor Plate (5-Star),Exclusive (5-Star),5473,1026,11
736,Advanced6,Night,213,SMG,C-MS,98,100,0,10,0,T-Exo (5-Star),AP Round (5-Star),Night Equip (5-Star),6272,1019,12
736,Advanced6,Night,20026,SMG,Gr MP5 Mod,111,143,1,10,10,Exclusive (5-Star),HP Round (5-Star),Night Equip (5-Star),6167,1002,13
736,Advanced6,Night,16,SMG,Thompson,100,150,1,10,0,Exclusive (5-Star),HP Round (5-Star),Night Equip (5-Star),6089,989,14
736,Advanced6,Night,20060,AR,AS Val Mod,111,98,0,10,10,Night Equip (5-Star),HV Round (5-Star),Chip (4-Star),5159,967,15
736,Advanced6,Night,236,AR,K11,100,100,0,10,0,Night Equip (5-Star),HV Round (5-Star),Chip (4-Star),5131,962,16
736,Advanced6,Night,20103,SMG,UMP45 Mod,113,100,0,10,8,Exclusive (5-Star),HP Round (5-Star),Night Equip (5-Star),5895,957,17
736,Advanced6,Night,245,SMG,P90,100,100,0,10,0,T-Exo (5-Star),HP Round (5-Star),Night Equip (5-Star),5863,952,18
736,Advanced6,Night,228,SMG,100 Shiki,100,100,0,10,0,T-Exo (5-Star),HP Round (5-Star),Exclusive (5-Star),5860,952,19
736,Advanced6,Night,20101,SMG,UMP9 Mod,110,100,0,8,10,T-Exo (5-Star),HP Round (5-Star),Night Equip (5-Star),5721,929,20
736,Advanced6,Night,106,AR,FAL,100,100,0,10,0,Night Equip (5-Star),HV Round (5-Star),T-Exo (5-Star),4881,915,21
736,Advanced6,Night,234,SMG,JS 9,100,100,0,10,0,T-Exo (5-Star),HP Round (5-Star),Night Equip (4-Star),5557,903,22
736,Advanced6,Night,20032,SMG,Micro Uzi Mod,110,100,0,10,10,T-Exo (5-Star),HP Round (5-Star),Night Equip (4-Star),5489,891,23
736,Advanced6,Night,196,AR,Zas M21,100,100,0,10,0,Night Equip (4-Star),HV Round (5-Star),T-Exo (5-Star),4751,890,24
736,Advanced6,Night,129,AR,Type95,100,100,0,10,0,Night Equip (4-Star),HV Round (5-Star),T-Exo (5-Star),4719,884,25
736,Advanced6,Night,20,SMG,Vector,100,100,0,10,0,T-Exo (5-Star),HP Round (5-Star),Silencer (5-Star),4941,802,26
736,Advanced6,Night,127,SMG,Type79,100,100,0,4,0,T-Exo (5-Star),Exclusive (5-Star),Silencer (5-Star),4940,802,27
736,Advanced6,Night,311,SMG,Lusa,90,150,1,8,0,T-Exo (5-Star),HP Round (5-Star),Silencer (5-Star),4936,802,28
736,Advanced6,Night,104,SMG,Gr G36c,91,150,1,10,0,T-Exo (5-Star),HP Round (5-Star),Silencer (5-Star),4884,793,29
736,Advanced6,Night,135,SMG,SR-3MP,90,100,0,8,0,T-Exo (5-Star),HP Round (5-Star),Silencer (5-Star),4598,747,30
736,Advanced6,Night,251,SMG,X95,90,100,0,8,0,T-Exo (5-Star),Signal Flare (5-Star),Silencer (5-Star),4553,739,31
736,Advanced6,Night,1028,SMG,Agent Vector,91,100,0,8,0,T-Exo (5-Star),Exclusive (5-Star),Silencer (5-Star),4528,735,32
736,Advanced6,Night,136,SMG,PP-19,91,100,0,8,0,X-Exo (5-Star),Signal Flare (5-Star),Silencer (5-Star),3996,649,33
736,Advanced6,Night,171,AR,Ribeyrolles,90,64,0,10,0,Red Dot (5-Star),HV Round (5-Star),X-Exo (5-Star),2692,605,34
736,Advanced6,Night,188,SG,S.A.T.8,100,100,0,10,0,Armor Plate (5-Star),Buckshot Shell (5-Star),Red Dot (5-Star),6837,598,35
736,Advanced6,Night,286,SMG,K-PDW,90,80,0,1,0,X-Exo (5-Star),Signal Flare (5-Star),Silencer (5-Star),3671,596,36
736,Advanced6,Night,194,AR,K2,90,100,0,10,0,Red Dot (5-Star),HV Round (5-Star),X-Exo (5-Star),3171,594,37
736,Advanced6,Night,323,SG,LTLX7000,95,100,0,10,0,Armor Plate (5-Star),Buckshot Shell (5-Star),Red Dot (5-Star),6695,585,38
736,Advanced6,Night,274,AR,ACR,90,100,0,8,0,Red Dot (5-Star),HV Round (5-Star),X-Exo (5-Star),3119,584,39
736,Advanced6,Night,229,SG,M870,98,100,0,10,0,Armor Plate (5-Star),Buckshot Shell (5-Star),Red Dot (5-Star),6592,576,40
736,Advanced6,Night,282,SG,DP-12,100,100,0,10,0,Armor Plate (5-Star),Buckshot Shell (5-Star),Red Dot (5-Star),6526,571,41
736,Advanced6,Night,215,AR,MDR,90,100,0,8,0,Exclusive (5-Star),HV Round (3-Star),X-Exo (5-Star),2995,561,42
736,Advanced6,Night,20154,SG,M500 Mod,113,100,0,1,10,Armor Plate (5-Star),Buckshot Shell (5-Star),Red Dot (5-Star),6208,543,43
736,Advanced6,Night,1017,HG,Jill Stingray,100,100,0,10,0,Exclusive (5-Star),Exclusive (5-Star),X-Exo (5-Star),3066,536,44
736,Advanced6,Night,302,SG,Defender,100,143,1,10,0,Armor Plate (5-Star),Exclusive (5-Star),Red Dot (4-Star),6085,532,45
736,Advanced6,Night,183,HG,Contender,92,100,0,10,0,Auxiliary Sights (5-Star),AP Round (5-Star),X-Exo (5-Star),2938,514,46
736,Advanced6,Night,157,SG,Am KSG,92,100,0,8,0,Armor Plate (5-Star),Buckshot Shell (5-Star),Red Dot (4-Star),5878,514,47
736,Advanced6,Night,164,SG,FP-6,90,100,0,3,0,Armor Plate (5-Star),Slug Shell (5-Star),Holographic (5-Star),4537,396,48
736,Advanced6,Night,162,SG,SPAS-12,90,100,0,1,0,Armor Plate (5-Star),Slug Shell (5-Star),Holographic (5-Star),4195,367,49
736,Advanced6,Night,1025,SG,Triela,90,100,0,4,0,Armor Plate (5-Star),Exclusive (5-Star),Holographic (5-Star),4142,362,50
736,Advanced6,Night,125,MG,Gr MG4,100,150,1,10,0,Special AP Round (5-Star),Exclusive (5-Star),Ammo Box (5-Star),6371,318,51
736,Advanced6,Night,292,MG,RPK-16,100,150,1,10,0,Special AP Round (5-Star),Auxiliary Sights (5-Star),Ammo Box (5-Star),5758,287,52
736,Advanced6,Night,253,MG,Lewis,90,100,0,8,0,Special AP Round (5-Star),Auxiliary Sights (4-Star),Ammo Box (5-Star),4780,239,53
736,Advanced6,Night,109,MG,Gr MG5,91,100,0,9,0,Special AP Round (5-Star),Auxiliary Sights (4-Star),Ammo Box (5-Star),4622,231,54
736,Advanced6,Night,20081,MG,LWMMG Mod,110,100,0,4,10,Special AP Round (5-Star),Auxiliary Sights (4-Star),Ammo Box (5-Star),4610,230,55
736,Advanced6,Night,20053,RF,NTW-20 Mod,115,200,1,10,10,Exclusive (5-Star),Optical (5-Star),Camo Cloak (5-Star),4022,201,56
736,Advanced6,Night,20252,RF,KSVK Mod,115,200,1,8,10,Exclusive (5-Star),Optical (5-Star),Camo Cloak (5-Star),3893,194,57
736,Advanced6,Night,20037,RF,M14 Mod,115,200,1,10,10,AP Round (5-Star),Exclusive (5-Star),Camo Cloak (5-Star),3749,187,58
736,Advanced6,Night,20095,RF,Type88 Mod,116,200,1,10,10,Exclusive (5-Star),Exclusive (5-Star),Camo Cloak (5-Star),3716,185,59
736,Advanced6,Night,276,MG,Kord,100,100,0,10,0,AP Round (5-Star),Holographic (5-Star),Ammo Box (5-Star),3653,182,60
736,Advanced6,Night,198,RF,Carcano M91/38,100,150,1,10,0,AP Round (5-Star),Optical (5-Star),Camo Cloak (5-Star),3516,175,61
736,Advanced6,Night,173,MG,PKP,90,100,0,8,0,AP Round (5-Star),Holographic (5-Star),Ammo Box (5-Star),3503,175,62
736,Advanced6,Night,339,MG,RPK-203,90,79,0,10,0,AP Round (5-Star),Holographic (5-Star),Ammo Box (5-Star),3508,175,63
736,Advanced6,Night,1031,RF,Pekola,100,100,0,10,0,AP Round (5-Star),Optical (5-Star),Exclusive (5-Star),3488,174,64
736,Advanced6,Night,275,MG,M1895 CB,90,100,0,10,0,AP Round (5-Star),Holographic (5-Star),Ammo Box (5-Star),3424,171,65
736,Advanced6,Night,238,MG,QJY-88,90,100,0,4,0,AP Round (5-Star),Holographic (5-Star),Ammo Box (5-Star),3425,171,66
736,Advanced6,Night,1024,RF,Rico,100,100,0,10,0,AP Round (5-Star),Optical (5-Star),Exclusive (5-Star),3356,167,67
736,Advanced6,Night,75,MG,M1918,90,100,0,8,0,AP Round (5-Star),Holographic (5-Star),Ammo Box (5-Star),3339,166,68
736,Advanced6,Night,266,RF,R93,91,100,0,10,0,AP Round (5-Star),Optical (5-Star),Camo Cloak (5-Star),3292,164,69
736,Advanced6,Night,329,RF,SVCh,90,150,1,10,0,AP Round (5-Star),Optical (5-Star),Camo Cloak (5-Star),3286,164,70
736,Advanced6,Night,257,RF,M200,95,100,0,10,0,AP Round (5-Star),Optical (5-Star),Camo Cloak (5-Star),3267,163,71
736,Advanced6,Night,85,MG,PK,90,100,0,8,0,AP Round (5-Star),Holographic (5-Star),Ammo Box (5-Star),3216,160,72
736,Advanced6,Night,296,RF,Gr SL8,91,150,1,10,0,AP Round (5-Star),Optical (5-Star),Camo Cloak (5-Star),3208,160,73
736,Advanced6,Night,48,RF,WA2000,94,100,0,10,0,Sniper Round (5-Star),Optical (5-Star),Camo Cloak (5-Star),3082,154,74
736,Advanced6,Night,261,RF,QBU-88,90,98,0,8,0,Sniper Round (5-Star),Optical (5-Star),Camo Cloak (5-Star),3089,154,75
736,Advanced6,Night,50,RF,Lee Enfield,91,100,0,10,0,Sniper Round (5-Star),Exclusive (5-Star),Camo Cloak (5-Star),2979,148,76
736,Advanced6,Night,337,RF,De Lisle,90,123,1,10,0,Sniper Round (5-Star),Optical (5-Star),Camo Cloak (5-Star),2966,148,77
736,Advanced6,Night,270,RF,4 Shiki,90,100,0,8,0,Exclusive (5-Star),Optical (5-Star),Camo Cloak (5-Star),2804,140,78
736,Advanced6,Night,1029,AR,Agent 416,100,150,1,8,0,Silencer (5-Star),Exclusive (5-Star),X-Exo (5-Star),662,124,79
738,Advanced8,Day,20055,AR,M4A1 Mod,120,198,1,10,10,Optical (5-Star),HV Round (5-Star),Exclusive (5-Star),8492,1592,1
738,Advanced8,Day,20122,AR,Gr G11 Mod,115,200,1,10,10,Optical (5-Star),HV Round (5-Star),Exclusive (5-Star),7925,1485,2
738,Advanced8,Day,20065,AR,416 Mod,115,200,1,10,10,Exclusive (5-Star),HV Round (5-Star),Exclusive (5-Star),7498,1405,3
738,Advanced8,Day,54,AR,M16A1,100,100,0,10,0,HV Round (5-Star),Armor Plate (5-Star),Exclusive (5-Star),6668,1250,4
738,Advanced8,Day,205,AR,AN-94,100,150,1,10,0,Holographic (5-Star),HV Round (5-Star),Chip (5-Star),6371,1194,5
738,Advanced8,Day,20056,AR,M4 SOPMOD II Mod,119,200,1,10,10,Optical (5-Star),Auxiliary Sights (5-Star),HV Round (5-Star),6361,1192,6
738,Advanced8,Day,20057,AR,ST AR-15 Mod,119,200,1,10,10,Optical (5-Star),Auxiliary Sights (5-Star),Exclusive (5-Star),6347,1190,7
738,Advanced8,Day,206,AR,AK-12,100,100,0,10,0,Holographic (5-Star),HV Round (5-Star),Chip (5-Star),6249,1171,8
738,Advanced8,Day,73,AR,AUG,100,150,1,10,0,Holographic (5-Star),HV Round (5-Star),Chip (5-Star),6236,1169,9
738,Advanced8,Day,1027,AR,Angelica,100,100,0,8,0,Optical (5-Star),HV Round (5-Star),Exclusive (5-Star),6146,1152,10
738,Advanced8,Day,236,AR,K11,100,100,0,10,0,Holographic (5-Star),HV Round (5-Star),Chip (5-Star),5958,1117,11
738,Advanced8,Day,125,MG,Gr MG4,100,150,1,10,0,Special AP Round (5-Star),Exclusive (5-Star),Ammo Box (5-Star),14320,1074,12
738,Advanced8,Day,85,MG,PK,90,100,0,8,0,Special AP Round (5-Star),Auxiliary Sights (5-Star),Ammo Box (5-Star),11543,1038,13
738,Advanced8,Day,20060,AR,AS Val Mod,111,98,0,10,10,Optical (5-Star),HV Round (5-Star),T-Exo (5-Star),5533,1037,14
738,Advanced8,Day,129,AR,Type95,100,100,0,10,0,Exclusive (5-Star),HV Round (5-Star),T-Exo (5-Star),5443,1020,15
738,Advanced8,Day,188,SG,S.A.T.8,100,100,0,10,0,Armor Plate (5-Star),Buckshot Shell (5-Star),Red Dot (5-Star),8040,1005,16
738,Advanced8,Day,106,AR,FAL,100,100,0,10,0,Optical (5-Star),HV Round (5-Star),T-Exo (5-Star),5336,1000,17
738,Advanced8,Day,196,AR,Zas M21,100,100,0,10,0,Optical (5-Star),HV Round (5-Star),T-Exo (5-Star),5323,998,18
738,Advanced8,Day,215,AR,MDR,90,100,0,8,0,Exclusive (5-Star),HV Round (5-Star),T-Exo (5-Star),5293,992,19
738,Advanced8,Day,292,MG,RPK-16,100,150,1,10,0,Special AP Round (5-Star),Optical (5-Star),Ammo Box (5-Star),13172,987,20
738,Advanced8,Day,293,AR,AK-15,94,100,0,4,0,Red Dot (5-Star),HV Round (5-Star),Chip (4-Star),5196,974,21
738,Advanced8,Day,229,SG,M870,98,100,0,10,0,Armor Plate (5-Star),Buckshot Shell (5-Star),Red Dot (5-Star),7781,972,22
738,Advanced8,Day,282,SG,DP-12,100,100,0,10,0,Armor Plate (5-Star),Buckshot Shell (5-Star),Red Dot (5-Star),7734,966,23
738,Advanced8,Day,172,AR,Am RFB,94,99,0,8,0,Exclusive (5-Star),HV Round (5-Star),T-Exo (5-Star),5127,961,24
738,Advanced8,Day,323,SG,LTLX7000,95,100,0,10,0,Armor Plate (5-Star),Buckshot Shell (5-Star),Red Dot (5-Star),7653,956,25
738,Advanced8,Day,302,SG,Defender,100,143,1,10,0,Armor Plate (5-Star),Exclusive (5-Star),Red Dot (5-Star),7613,951,26
738,Advanced8,Day,20154,SG,M500 Mod,113,100,0,1,10,Armor Plate (5-Star),Buckshot Shell (5-Star),Red Dot (5-Star),7370,921,27
738,Advanced8,Day,253,MG,Lewis,90,100,0,8,0,Special AP Round (5-Star),Auxiliary Sights (4-Star),Ammo Box (5-Star),12134,910,28
738,Advanced8,Day,173,MG,PKP,90,100,0,8,0,Special AP Round (5-Star),Auxiliary Sights (4-Star),Ammo Box (5-Star),11907,893,29
738,Advanced8,Day,157,SG,Am KSG,92,100,0,8,0,Armor Plate (5-Star),Buckshot Shell (5-Star),Red Dot (5-Star),7057,882,30
738,Advanced8,Day,194,AR,K2,90,100,0,10,0,Holographic (5-Star),HV Round (3-Star),Chip (4-Star),4645,870,31
738,Advanced8,Day,213,SMG,C-MS,98,100,0,10,0,T-Exo (5-Star),AP Round (5-Star),Red Dot (4-Star),7062,794,32
738,Advanced8,Day,183,HG,Contender,92,100,0,10,0,Silencer (5-Star),AP Round (5-Star),T-Exo (5-Star),4437,776,33
738,Advanced8,Day,20143,SMG,RO635 Mod,110,150,1,10,10,T-Exo (5-Star),HP Round (5-Star),Holographic (5-Star),6886,774,34
738,Advanced8,Day,20053,RF,NTW-20 Mod,115,200,1,10,10,Exclusive (5-Star),Optical (5-Star),Camo Cloak (5-Star),7703,770,35
738,Advanced8,Day,162,SG,SPAS-12,90,100,0,1,0,Armor Plate (5-Star),Buckshot Shell (5-Star),Red Dot (4-Star),5078,761,36
738,Advanced8,Day,20026,SMG,Gr MP5 Mod,111,143,1,10,10,Exclusive (5-Star),HP Round (5-Star),Holographic (5-Star),6647,747,37
738,Advanced8,Day,20252,RF,KSVK Mod,115,200,1,8,10,Exclusive (5-Star),Optical (5-Star),Camo Cloak (5-Star),7473,747,38
738,Advanced8,Day,20097,HG,M950A Mod,115,100,0,10,10,Silencer (5-Star),HP Round (5-Star),X-Exo (5-Star),4263,746,39
738,Advanced8,Day,16,SMG,Thompson,100,150,1,10,0,Exclusive (5-Star),HP Round (5-Star),Holographic (5-Star),6534,735,40
738,Advanced8,Day,20037,RF,M14 Mod,115,200,1,10,10,AP Round (5-Star),Exclusive (5-Star),Camo Cloak (5-Star),7348,734,41
738,Advanced8,Day,228,SMG,100 Shiki,100,100,0,10,0,T-Exo (5-Star),HP Round (5-Star),Exclusive (5-Star),6468,727,42
738,Advanced8,Day,20103,SMG,UMP45 Mod,113,100,0,10,8,Exclusive (5-Star),HP Round (5-Star),Holographic (5-Star),6363,715,43
738,Advanced8,Day,245,SMG,P90,100,100,0,10,0,T-Exo (5-Star),HP Round (5-Star),Holographic (5-Star),6343,713,44
738,Advanced8,Day,20095,RF,Type88 Mod,116,200,1,10,10,Exclusive (5-Star),Exclusive (5-Star),Camo Cloak (5-Star),7093,709,45
738,Advanced8,Day,20001,HG,SAA Mod,118,100,0,10,10,Exclusive (5-Star),HP Round (5-Star),T-Exo (5-Star),3998,699,46
738,Advanced8,Day,1031,RF,Pekola,100,100,0,10,0,AP Round (5-Star),Optical (5-Star),Exclusive (5-Star),6968,696,47
738,Advanced8,Day,242,HG,P22,100,150,1,10,0,Silencer (5-Star),HP Round (5-Star),X-Exo (5-Star),3957,692,48
738,Advanced8,Day,20101,SMG,UMP9 Mod,110,100,0,8,10,T-Exo (5-Star),HP Round (5-Star),Holographic (5-Star),6139,690,49
738,Advanced8,Day,1024,RF,Rico,100,100,0,10,0,AP Round (5-Star),Optical (5-Star),Exclusive (5-Star),6907,690,50
738,Advanced8,Day,20032,SMG,Micro Uzi Mod,110,100,0,10,10,T-Exo (5-Star),HP Round (5-Star),Holographic (5-Star),6092,685,51
738,Advanced8,Day,234,SMG,JS 9,100,100,0,10,0,T-Exo (5-Star),HP Round (5-Star),Holographic (5-Star),6061,681,52
738,Advanced8,Day,198,RF,Carcano M91/38,100,150,1,10,0,AP Round (5-Star),Optical (5-Star),Camo Cloak (5-Star),6772,677,53
738,Advanced8,Day,126,HG,NZ75,100,100,0,10,0,Exclusive (5-Star),HP Round (5-Star),X-Exo (5-Star),3854,674,54
738,Advanced8,Day,127,SMG,Type79,100,100,0,4,0,T-Exo (5-Star),Exclusive (5-Star),Holographic (5-Star),5978,672,55
738,Advanced8,Day,164,SG,FP-6,90,100,0,3,0,Armor Plate (5-Star),Buckshot Shell (5-Star),Holographic (5-Star),5295,661,56
738,Advanced8,Day,266,RF,R93,91,100,0,10,0,AP Round (5-Star),Optical (5-Star),Camo Cloak (5-Star),6481,648,57
738,Advanced8,Day,296,RF,Gr SL8,91,150,1,10,0,AP Round (5-Star),Optical (5-Star),Camo Cloak (5-Star),6462,646,58
738,Advanced8,Day,1017,HG,Jill Stingray,100,100,0,10,0,Silencer (5-Star),Exclusive (5-Star),T-Exo (5-Star),3686,645,59
738,Advanced8,Day,261,RF,QBU-88,90,98,0,8,0,AP Round (5-Star),Optical (5-Star),Camo Cloak (5-Star),6427,642,60
738,Advanced8,Day,48,RF,WA2000,94,100,0,10,0,AP Round (5-Star),Optical (5-Star),Camo Cloak (5-Star),6384,638,61
738,Advanced8,Day,329,RF,SVCh,90,150,1,10,0,AP Round (5-Star),Optical (5-Star),Camo Cloak (5-Star),6376,637,62
738,Advanced8,Day,1025,SG,Triela,90,100,0,4,0,Armor Plate (5-Star),Exclusive (5-Star),Holographic (5-Star),5064,633,63
738,Advanced8,Day,50,RF,Lee Enfield,91,100,0,10,0,AP Round (5-Star),Exclusive (5-Star),Camo Cloak (5-Star),6317,631,64
738,Advanced8,Day,276,MG,Kord,100,100,0,10,0,AP Round (5-Star),Auxiliary Sights (4-Star),Ammo Box (5-Star),8337,625,65
738,Advanced8,Day,257,RF,M200,95,100,0,10,0,AP Round (5-Star),Optical (5-Star),Camo Cloak (5-Star),6238,623,66
738,Advanced8,Day,316,RF,General Liu,90,50,0,10,0,AP Round (5-Star),Optical (5-Star),Camo Cloak (5-Star),6147,614,67
738,Advanced8,Day,114,HG,Welrod MkⅡ,100,100,0,10,0,Silencer (5-Star),Signal Flare (5-Star),X-Exo (5-Star),3437,601,68
738,Advanced8,Day,20081,MG,LWMMG Mod,110,100,0,4,10,AP Round (5-Star),Optical (5-Star),Ammo Box (5-Star),7997,599,69
738,Advanced8,Day,250,HG,HS2000,100,98,0,10,0,Silencer (5-Star),Signal Flare (5-Star),X-Exo (5-Star),3417,597,70
738,Advanced8,Day,4,HG,Python,100,100,0,10,0,Silencer (5-Star),Signal Flare (5-Star),X-Exo (5-Star),3397,594,71
738,Advanced8,Day,197,RF,Carcano M1891,92,100,0,10,0,AP Round (5-Star),Optical (5-Star),Camo Cloak (5-Star),5900,590,72
738,Advanced8,Day,1028,SMG,Agent Vector,91,100,0,8,0,Exclusive (5-Star),Exclusive (5-Star),Silencer (5-Star),5167,581,73
738,Advanced8,Day,270,RF,4 Shiki,90,100,0,8,0,Exclusive (5-Star),Optical (5-Star),Camo Cloak (4-Star),5687,568,74
738,Advanced8,Day,201,RF,Gepard M1,100,150,1,10,0,Sniper Round (5-Star),Optical (5-Star),Camo Cloak (4-Star),5490,549,75
738,Advanced8,Day,109,MG,Gr MG5,91,100,0,9,0,Sniper Round (5-Star),Optical (5-Star),Ammo Box (5-Star),7197,539,76
738,Advanced8,Day,238,MG,QJY-88,90,100,0,4,0,Sniper Round (5-Star),Optical (5-Star),Ammo Box (5-Star),7157,536,77
738,Advanced8,Day,339,MG,RPK-203,90,79,0,10,0,Sniper Round (5-Star),Optical (5-Star),Ammo Box (5-Star),7080,531,78
738,Advanced8,Day,1029,AR,Agent 416,100,150,1,8,0,Optical (5-Star),Exclusive (5-Star),X-Exo (5-Star),1067,200,79
743,Critical3,Day,20055,AR,M4A1 Mod,120,198,1,10,10,Optical (5-Star),HV Round (5-Star),Exclusive (5-Star),8492,1061,1
743,Critical3,Day,20122,AR,Gr G11 Mod,115,200,1,10,10,Optical (5-Star),HV Round (5-Star),Exclusive (5-Star),7925,990,2
743,Critical3,Day,20065,AR,416 Mod,115,200,1,10,10,Exclusive (5-Star),HV Round (5-Star),Exclusive (5-Star),7498,937,3
743,Critical3,Day,213,SMG,C-MS,98,100,0,10,0,Chip (5-Star),AP Round (5-Star),Red Dot (5-Star),7855,883,4
743,Critical3,Day,54,AR,M16A1,100,100,0,10,0,HV Round (5-Star),Armor Plate (5-Star),Exclusive (5-Star),6668,833,5
743,Critical3,Day,205,AR,AN-94,100,150,1,10,0,Holographic (5-Star),HV Round (5-Star),Chip (5-Star),6371,796,6
743,Critical3,Day,20056,AR,M4 SOPMOD II Mod,119,200,1,10,10,Optical (5-Star),Auxiliary Sights (5-Star),HV Round (5-Star),6361,795,7
743,Critical3,Day,20143,SMG,RO635 Mod,110,150,1,10,10,Chip (5-Star),HP Round (5-Star),Red Dot (5-Star),7074,795,8
743,Critical3,Day,20057,AR,ST AR-15 Mod,119,200,1,10,10,Optical (5-Star),Auxiliary Sights (5-Star),Exclusive (5-Star),6347,793,9
743,Critical3,Day,206,AR,AK-12,100,100,0,10,0,Holographic (5-Star),HV Round (5-Star),Chip (5-Star),6249,781,10
743,Critical3,Day,1027,AR,Angelica,100,100,0,8,0,Optical (5-Star),HV Round (5-Star),Exclusive (5-Star),6146,768,11
743,Critical3,Day,173,MG,PKP,90,100,0,8,0,Special AP Round (5-Star),Auxiliary Sights (5-Star),Ammo Box (5-Star),12687,761,12
743,Critical3,Day,20026,SMG,Gr MP5 Mod,111,143,1,10,10,Exclusive (5-Star),HP Round (5-Star),Red Dot (5-Star),6703,754,13
743,Critical3,Day,16,SMG,Thompson,100,150,1,10,0,Exclusive (5-Star),HP Round (5-Star),Red Dot (5-Star),6596,742,14
743,Critical3,Day,157,SG,Am KSG,92,100,0,8,0,Armor Plate (5-Star),Buckshot Shell (5-Star),Red Dot (5-Star),7057,740,15
743,Critical3,Day,73,AR,AUG,100,150,1,10,0,Optical (5-Star),HV Round (5-Star),T-Exo (5-Star),5867,733,16
743,Critical3,Day,228,SMG,100 Shiki,100,100,0,10,0,T-Exo (5-Star),HP Round (5-Star),Exclusive (5-Star),6468,727,17
743,Critical3,Day,20103,SMG,UMP45 Mod,113,100,0,10,8,Exclusive (5-Star),HP Round (5-Star),Red Dot (5-Star),6437,724,18
743,Critical3,Day,245,SMG,P90,100,100,0,10,0,T-Exo (5-Star),HP Round (5-Star),Red Dot (5-Star),6382,717,19
743,Critical3,Day,125,MG,Gr MG4,100,150,1,10,0,Special AP Round (5-Star),Exclusive (5-Star),Ammo Box (5-Star),14320,716,20
743,Critical3,Day,188,SG,S.A.T.8,100,100,0,10,0,Armor Plate (5-Star),Buckshot Shell (5-Star),Red Dot (5-Star),8040,703,21
743,Critical3,Day,238,MG,QJY-88,90,100,0,4,0,Special AP Round (5-Star),Auxiliary Sights (4-Star),Ammo Box (5-Star),11576,694,22
743,Critical3,Day,236,AR,K11,100,100,0,10,0,Optical (5-Star),HV Round (5-Star),T-Exo (5-Star),5545,693,23
743,Critical3,Day,20060,AR,AS Val Mod,111,98,0,10,10,Optical (5-Star),HV Round (5-Star),T-Exo (5-Star),5533,691,24
743,Critical3,Day,20101,SMG,UMP9 Mod,110,100,0,8,10,T-Exo (5-Star),HP Round (5-Star),Holographic (5-Star),6139,690,25
743,Critical3,Day,20032,SMG,Micro Uzi Mod,110,100,0,10,10,T-Exo (5-Star),HP Round (5-Star),Holographic (5-Star),6092,685,26
743,Critical3,Day,234,SMG,JS 9,100,100,0,10,0,T-Exo (5-Star),HP Round (5-Star),Holographic (5-Star),6061,681,27
743,Critical3,Day,129,AR,Type95,100,100,0,10,0,Exclusive (5-Star),HV Round (5-Star),T-Exo (5-Star),5443,680,28
743,Critical3,Day,127,SMG,Type79,100,100,0,4,0,T-Exo (5-Star),Exclusive (5-Star),Holographic (5-Star),5978,672,29
743,Critical3,Day,229,SG,M870,98,100,0,10,0,Armor Plate (5-Star),Buckshot Shell (5-Star),Red Dot (4-Star),7637,668,30
743,Critical3,Day,106,AR,FAL,100,100,0,10,0,Optical (5-Star),HV Round (5-Star),T-Exo (5-Star),5336,667,31
743,Critical3,Day,20,SMG,Vector,100,100,0,10,0,T-Exo (5-Star),HP Round (5-Star),Holographic (5-Star),5916,665,32
743,Critical3,Day,196,AR,Zas M21,100,100,0,10,0,Optical (5-Star),HV Round (5-Star),T-Exo (5-Star),5323,665,33
743,Critical3,Day,282,SG,DP-12,100,100,0,10,0,Armor Plate (5-Star),Buckshot Shell (5-Star),Red Dot (4-Star),7587,663,34
743,Critical3,Day,215,AR,MDR,90,100,0,8,0,Exclusive (5-Star),HV Round (5-Star),T-Exo (5-Star),5293,661,35
743,Critical3,Day,323,SG,LTLX7000,95,100,0,10,0,Armor Plate (5-Star),Buckshot Shell (5-Star),Holographic (5-Star),7546,660,36
743,Critical3,Day,292,MG,RPK-16,100,150,1,10,0,Special AP Round (5-Star),Optical (5-Star),Ammo Box (5-Star),13172,658,37
743,Critical3,Day,293,AR,AK-15,94,100,0,4,0,Holographic (5-Star),HV Round (5-Star),Chip (4-Star),5184,648,38
743,Critical3,Day,311,SMG,Lusa,90,150,1,8,0,T-Exo (5-Star),HP Round (5-Star),Holographic (5-Star),5751,646,39
743,Critical3,Day,302,SG,Defender,100,143,1,10,0,Armor Plate (5-Star),Exclusive (5-Star),Holographic (5-Star),7361,644,40
743,Critical3,Day,172,AR,Am RFB,94,99,0,8,0,Exclusive (5-Star),HV Round (5-Star),T-Exo (5-Star),5127,640,41
743,Critical3,Day,104,SMG,Gr G36c,91,150,1,10,0,T-Exo (5-Star),HP Round (5-Star),Holographic (5-Star),5632,633,42
743,Critical3,Day,20154,SG,M500 Mod,113,100,0,1,10,Armor Plate (5-Star),Buckshot Shell (5-Star),Holographic (5-Star),7187,628,43
743,Critical3,Day,1028,SMG,Agent Vector,91,100,0,8,0,Exclusive (5-Star),HP Round (5-Star),Holographic (5-Star),5417,609,44
743,Critical3,Day,253,MG,Lewis,90,100,0,8,0,Special AP Round (5-Star),Auxiliary Sights (4-Star),Ammo Box (5-Star),12134,606,45
743,Critical3,Day,194,AR,K2,90,100,0,10,0,Holographic (5-Star),HV Round (3-Star),Chip (4-Star),4645,580,46
743,Critical3,Day,164,SG,FP-6,90,100,0,3,0,Armor Plate (5-Star),Buckshot Shell (5-Star),Holographic (5-Star),5295,555,47
743,Critical3,Day,251,SMG,X95,90,100,0,8,0,X-Exo (5-Star),Signal Flare (5-Star),Silencer (5-Star),4755,534,48
743,Critical3,Day,135,SMG,SR-3MP,90,100,0,8,0,X-Exo (5-Star),Signal Flare (5-Star),Silencer (5-Star),4704,529,49
743,Critical3,Day,136,SMG,PP-19,91,100,0,8,0,X-Exo (5-Star),Signal Flare (5-Star),Silencer (5-Star),4483,504,50
743,Critical3,Day,162,SG,SPAS-12,90,100,0,1,0,Armor Plate (5-Star),Slug Shell (5-Star),Optical (5-Star),4874,426,51
743,Critical3,Day,1025,SG,Triela,90,100,0,4,0,Armor Plate (5-Star),Exclusive (5-Star),Optical (5-Star),4820,421,52
743,Critical3,Day,276,MG,Kord,100,100,0,10,0,AP Round (5-Star),Auxiliary Sights (4-Star),Ammo Box (5-Star),8337,416,53
743,Critical3,Day,20081,MG,LWMMG Mod,110,100,0,4,10,AP Round (5-Star),Optical (5-Star),Ammo Box (5-Star),7997,399,54
743,Critical3,Day,183,HG,Contender,92,100,0,10,0,Silencer (5-Star),AP Round (5-Star),X-Exo (5-Star),4428,387,55
743,Critical3,Day,20053,RF,NTW-20 Mod,115,200,1,10,10,Exclusive (5-Star),Optical (5-Star),Camo Cloak (5-Star),7703,385,56
743,Critical3,Day,109,MG,Gr MG5,91,100,0,9,0,AP Round (5-Star),Optical (5-Star),Ammo Box (5-Star),7543,377,57
743,Critical3,Day,20252,RF,KSVK Mod,115,200,1,8,10,Exclusive (5-Star),Optical (5-Star),Camo Cloak (5-Star),7473,373,58
743,Critical3,Day,339,MG,RPK-203,90,79,0,10,0,AP Round (5-Star),Optical (5-Star),Ammo Box (5-Star),7424,371,59
743,Critical3,Day,20037,RF,M14 Mod,115,200,1,10,10,AP Round (5-Star),Exclusive (5-Star),Camo Cloak (5-Star),7348,367,60
743,Critical3,Day,275,MG,M1895 CB,90,100,0,10,0,AP Round (5-Star),Optical (5-Star),Ammo Box (5-Star),7340,367,61
743,Critical3,Day,75,MG,M1918,90,100,0,8,0,AP Round (5-Star),Optical (5-Star),Ammo Box (5-Star),7292,364,62
743,Critical3,Day,20095,RF,Type88 Mod,116,200,1,10,10,Exclusive (5-Star),Exclusive (5-Star),Camo Cloak (5-Star),7093,354,63
743,Critical3,Day,1031,RF,Pekola,100,100,0,10,0,AP Round (5-Star),Optical (5-Star),Exclusive (5-Star),6968,348,64
743,Critical3,Day,1024,RF,Rico,100,100,0,10,0,AP Round (5-Star),Optical (5-Star),Exclusive (5-Star),6907,345,65
743,Critical3,Day,198,RF,Carcano M91/38,100,150,1,10,0,AP Round (5-Star),Optical (5-Star),Camo Cloak (5-Star),6772,338,66
743,Critical3,Day,85,MG,PK,90,100,0,8,0,AP Round (5-Star),Optical (5-Star),Ammo Box (5-Star),6732,336,67
743,Critical3,Day,266,RF,R93,91,100,0,10,0,AP Round (5-Star),Optical (5-Star),Camo Cloak (5-Star),6481,324,68
743,Critical3,Day,296,RF,Gr SL8,91,150,1,10,0,AP Round (5-Star),Optical (5-Star),Camo Cloak (5-Star),6462,323,69
743,Critical3,Day,261,RF,QBU-88,90,98,0,8,0,AP Round (5-Star),Optical (5-Star),Camo Cloak (5-Star),6427,321,70
743,Critical3,Day,48,RF,WA2000,94,100,0,10,0,AP Round (5-Star),Optical (5-Star),Camo Cloak (5-Star),6384,319,71
743,Critical3,Day,1017,HG,Jill Stingray,100,100,0,10,0,Silencer (5-Star),Exclusive (5-Star),X-Exo (5-Star),3655,319,72
743,Critical3,Day,329,RF,SVCh,90,150,1,10,0,Sniper Round (5-Star),Optical (5-Star),Camo Cloak (5-Star),6148,307,73
743,Critical3,Day,50,RF,Lee Enfield,91,100,0,10,0,Sniper Round (5-Star),Exclusive (5-Star),Camo Cloak (5-Star),6076,303,74
743,Critical3,Day,257,RF,M200,95,100,0,10,0,Sniper Round (5-Star),Optical (5-Star),Camo Cloak (5-Star),6017,300,75
743,Critical3,Day,316,RF,General Liu,90,50,0,10,0,Sniper Round (5-Star),Optical (5-Star),Camo Cloak (5-Star),5902,295,76
743,Critical3,Day,270,RF,4 Shiki,90,100,0,8,0,Exclusive (5-Star),Optical (5-Star),Camo Cloak (5-Star),5852,292,77
743,Critical3,Day,1029,AR,Agent 416,100,150,1,8,0,Optical (5-Star),Exclusive (5-Star),X-Exo (5-Star),1067,133,78
746,Critical6,Day,125,MG,Gr MG4,100,150,1,10,0,Special AP Round (5-Star),Exclusive (5-Star),Ammo Box (5-Star),14320,1074,1
746,Critical6,Day,20055,AR,M4A1 Mod,120,198,1,10,10,Optical (5-Star),HV Round (5-Star),Exclusive (5-Star),8492,1061,2
746,Critical6,Day,292,MG,RPK-16,100,150,1,10,0,Special AP Round (5-Star),Auxiliary Sights (5-Star),Ammo Box (5-Star),13735,1030,3
746,Critical6,Day,188,SG,S.A.T.8,100,100,0,10,0,Armor Plate (5-Star),Buckshot Shell (5-Star),Red Dot (5-Star),8040,1005,4
746,Critical6,Day,20122,AR,Gr G11 Mod,115,200,1,10,10,Optical (5-Star),HV Round (5-Star),Exclusive (5-Star),7925,990,5
746,Critical6,Day,229,SG,M870,98,100,0,10,0,Armor Plate (5-Star),Buckshot Shell (5-Star),Red Dot (5-Star),7781,972,6
746,Critical6,Day,253,MG,Lewis,90,100,0,8,0,Special AP Round (5-Star),Auxiliary Sights (5-Star),Ammo Box (5-Star),12925,969,7
746,Critical6,Day,282,SG,DP-12,100,100,0,10,0,Armor Plate (5-Star),Buckshot Shell (5-Star),Red Dot (5-Star),7734,966,8
746,Critical6,Day,323,SG,LTLX7000,95,100,0,10,0,Armor Plate (5-Star),Buckshot Shell (5-Star),Red Dot (5-Star),7653,956,9
746,Critical6,Day,173,MG,PKP,90,100,0,8,0,Special AP Round (5-Star),Auxiliary Sights (5-Star),Ammo Box (5-Star),12687,951,10
746,Critical6,Day,302,SG,Defender,100,143,1,10,0,Armor Plate (5-Star),Exclusive (5-Star),Red Dot (5-Star),7613,951,11
746,Critical6,Day,20065,AR,416 Mod,115,200,1,10,10,Exclusive (5-Star),HV Round (5-Star),Exclusive (5-Star),7498,937,12
746,Critical6,Day,20154,SG,M500 Mod,113,100,0,1,10,Armor Plate (5-Star),Buckshot Shell (5-Star),Red Dot (5-Star),7370,921,13
746,Critical6,Day,276,MG,Kord,100,100,0,10,0,Special AP Round (5-Star),Red Dot (5-Star),Ammo Box (5-Star),11919,893,14
746,Critical6,Day,213,SMG,C-MS,98,100,0,10,0,Chip (5-Star),AP Round (5-Star),Red Dot (5-Star),7855,883,15
746,Critical6,Day,157,SG,Am KSG,92,100,0,8,0,Armor Plate (5-Star),Buckshot Shell (5-Star),Red Dot (4-Star),6917,864,16
746,Critical6,Day,54,AR,M16A1,100,100,0,10,0,HV Round (5-Star),Armor Plate (5-Star),Exclusive (5-Star),6668,833,17
746,Critical6,Day,205,AR,AN-94,100,150,1,10,0,Holographic (5-Star),HV Round (5-Star),Chip (5-Star),6371,796,18
746,Critical6,Day,20057,AR,ST AR-15 Mod,119,200,1,10,10,Optical (5-Star),Optical (5-Star),Exclusive (5-Star),6316,789,19
746,Critical6,Day,20056,AR,M4 SOPMOD II Mod,119,200,1,10,10,Optical (5-Star),Exclusive (5-Star),HV Round (5-Star),6304,788,20
746,Critical6,Day,206,AR,AK-12,100,100,0,10,0,Holographic (5-Star),HV Round (5-Star),Chip (5-Star),6249,781,21
746,Critical6,Day,73,AR,AUG,100,150,1,10,0,Holographic (5-Star),HV Round (5-Star),Chip (5-Star),6236,779,22
746,Critical6,Day,20143,SMG,RO635 Mod,110,150,1,10,10,T-Exo (5-Star),HP Round (5-Star),Holographic (5-Star),6886,774,23
746,Critical6,Day,20053,RF,NTW-20 Mod,115,200,1,10,10,Exclusive (5-Star),Optical (5-Star),Camo Cloak (5-Star),7703,770,24
746,Critical6,Day,1027,AR,Angelica,100,100,0,8,0,Optical (5-Star),HV Round (5-Star),Exclusive (5-Star),6146,768,25
746,Critical6,Day,20026,SMG,Gr MP5 Mod,111,143,1,10,10,Exclusive (5-Star),HP Round (5-Star),Holographic (5-Star),6647,747,26
746,Critical6,Day,20252,RF,KSVK Mod,115,200,1,8,10,Exclusive (5-Star),Optical (5-Star),Camo Cloak (5-Star),7473,747,27
746,Critical6,Day,16,SMG,Thompson,100,150,1,10,0,Exclusive (5-Star),HP Round (5-Star),Holographic (5-Star),6534,735,28
746,Critical6,Day,20037,RF,M14 Mod,115,200,1,10,10,AP Round (5-Star),Exclusive (5-Star),Camo Cloak (5-Star),7348,734,29
746,Critical6,Day,228,SMG,100 Shiki,100,100,0,10,0,T-Exo (5-Star),HP Round (5-Star),Exclusive (5-Star),6468,727,30
746,Critical6,Day,20103,SMG,UMP45 Mod,113,100,0,10,8,Exclusive (5-Star),HP Round (5-Star),Holographic (5-Star),6363,715,31
746,Critical6,Day,245,SMG,P90,100,100,0,10,0,T-Exo (5-Star),HP Round (5-Star),Holographic (5-Star),6343,713,32
746,Critical6,Day,20095,RF,Type88 Mod,116,200,1,10,10,Exclusive (5-Star),Exclusive (5-Star),Camo Cloak (5-Star),7093,709,33
746,Critical6,Day,1031,RF,Pekola,100,100,0,10,0,AP Round (5-Star),Optical (5-Star),Exclusive (5-Star),6968,696,34
746,Critical6,Day,236,AR,K11,100,100,0,10,0,Optical (5-Star),HV Round (5-Star),T-Exo (5-Star),5545,693,35
746,Critical6,Day,20060,AR,AS Val Mod,111,98,0,10,10,Optical (5-Star),HV Round (5-Star),T-Exo (5-Star),5533,691,36
746,Critical6,Day,20101,SMG,UMP9 Mod,110,100,0,8,10,T-Exo (5-Star),HP Round (5-Star),Holographic (5-Star),6139,690,37
746,Critical6,Day,1024,RF,Rico,100,100,0,10,0,AP Round (5-Star),Optical (5-Star),Exclusive (5-Star),6907,690,38
746,Critical6,Day,20032,SMG,Micro Uzi Mod,110,100,0,10,10,T-Exo (5-Star),HP Round (5-Star),Holographic (5-Star),6092,685,39
746,Critical6,Day,234,SMG,JS 9,100,100,0,10,0,T-Exo (5-Star),HP Round (5-Star),Holographic (5-Star),6061,681,40
746,Critical6,Day,129,AR,Type95,100,100,0,10,0,Exclusive (5-Star),HV Round (5-Star),T-Exo (5-Star),5443,680,41
746,Critical6,Day,198,RF,Carcano M91/38,100,150,1,10,0,AP Round (5-Star),Optical (5-Star),Camo Cloak (5-Star),6772,677,42
746,Critical6,Day,127,SMG,Type79,100,100,0,4,0,T-Exo (5-Star),Exclusive (5-Star),Holographic (5-Star),5978,672,43
746,Critical6,Day,106,AR,FAL,100,100,0,10,0,Optical (5-Star),HV Round (5-Star),T-Exo (5-Star),5336,667,44
746,Critical6,Day,20,SMG,Vector,100,100,0,10,0,T-Exo (5-Star),HP Round (5-Star),Holographic (5-Star),5916,665,45
746,Critical6,Day,196,AR,Zas M21,100,100,0,10,0,Optical (5-Star),HV Round (5-Star),T-Exo (5-Star),5323,665,46
746,Critical6,Day,164,SG,FP-6,90,100,0,3,0,Armor Plate (5-Star),Buckshot Shell (5-Star),Red Dot (4-Star),5322,665,47
746,Critical6,Day,215,AR,MDR,90,100,0,8,0,Exclusive (5-Star),HV Round (5-Star),T-Exo (5-Star),5293,661,48
746,Critical6,Day,266,RF,R93,91,100,0,10,0,AP Round (5-Star),Optical (5-Star),Camo Cloak (5-Star),6481,648,49
746,Critical6,Day,293,AR,AK-15,94,100,0,4,0,Holographic (5-Star),HV Round (5-Star),Chip (4-Star),5184,648,50
746,Critical6,Day,296,RF,Gr SL8,91,150,1,10,0,AP Round (5-Star),Optical (5-Star),Camo Cloak (5-Star),6462,646,51
746,Critical6,Day,311,SMG,Lusa,90,150,1,8,0,T-Exo (5-Star),HP Round (5-Star),Holographic (5-Star),5751,646,52
746,Critical6,Day,261,RF,QBU-88,90,98,0,8,0,AP Round (5-Star),Optical (5-Star),Camo Cloak (5-Star),6427,642,53
746,Critical6,Day,172,AR,Am RFB,94,99,0,8,0,Exclusive (5-Star),HV Round (5-Star),T-Exo (5-Star),5127,640,54
746,Critical6,Day,48,RF,WA2000,94,100,0,10,0,AP Round (5-Star),Optical (5-Star),Camo Cloak (5-Star),6384,638,55
746,Critical6,Day,329,RF,SVCh,90,150,1,10,0,AP Round (5-Star),Optical (5-Star),Camo Cloak (5-Star),6376,637,56
746,Critical6,Day,104,SMG,Gr G36c,91,150,1,10,0,T-Exo (5-Star),HP Round (5-Star),Holographic (5-Star),5632,633,57
746,Critical6,Day,50,RF,Lee Enfield,91,100,0,10,0,AP Round (5-Star),Exclusive (5-Star),Camo Cloak (5-Star),6317,631,58
746,Critical6,Day,257,RF,M200,95,100,0,10,0,AP Round (5-Star),Optical (5-Star),Camo Cloak (5-Star),6238,623,59
746,Critical6,Day,20081,MG,LWMMG Mod,110,100,0,4,10,AP Round (5-Star),Auxiliary Sights (4-Star),Ammo Box (5-Star),8268,620,60
746,Critical6,Day,316,RF,General Liu,90,50,0,10,0,AP Round (5-Star),Optical (5-Star),Camo Cloak (5-Star),6147,614,61
746,Critical6,Day,162,SG,SPAS-12,90,100,0,1,0,Armor Plate (5-Star),Slug Shell (5-Star),Optical (5-Star),4874,609,62
746,Critical6,Day,1025,SG,Triela,90,100,0,4,0,Armor Plate (5-Star),Exclusive (5-Star),Optical (5-Star),4820,602,63
746,Critical6,Day,109,MG,Gr MG5,91,100,0,9,0,AP Round (5-Star),Auxiliary Sights (4-Star),Ammo Box (5-Star),7874,590,64
746,Critical6,Day,197,RF,Carcano M1891,92,100,0,10,0,AP Round (5-Star),Optical (5-Star),Camo Cloak (5-Star),5900,590,65
746,Critical6,Day,1028,SMG,Agent Vector,91,100,0,8,0,Exclusive (5-Star),HP Round (5-Star),Silencer (5-Star),5167,581,66
746,Critical6,Day,275,MG,M1895 CB,90,100,0,10,0,AP Round (5-Star),Auxiliary Sights (4-Star),Ammo Box (5-Star),7719,578,67
746,Critical6,Day,274,AR,ACR,90,100,0,8,0,Optical (5-Star),HV Round (3-Star),X-Exo (5-Star),4612,576,68
746,Critical6,Day,270,RF,4 Shiki,90,100,0,8,0,Exclusive (5-Star),Optical (5-Star),Camo Cloak (4-Star),5687,568,69
746,Critical6,Day,201,RF,Gepard M1,100,150,1,10,0,Sniper Round (5-Star),Optical (5-Star),Camo Cloak (4-Star),5490,549,70
746,Critical6,Day,238,MG,QJY-88,90,100,0,4,0,Sniper Round (5-Star),Optical (5-Star),Ammo Box (5-Star),7157,536,71
746,Critical6,Day,251,SMG,X95,90,100,0,8,0,X-Exo (5-Star),Signal Flare (5-Star),Silencer (5-Star),4755,534,72
746,Critical6,Day,339,MG,RPK-203,90,79,0,10,0,Sniper Round (5-Star),Optical (5-Star),Ammo Box (5-Star),7080,531,73
746,Critical6,Day,135,SMG,SR-3MP,90,100,0,8,0,X-Exo (5-Star),Signal Flare (5-Star),Silencer (5-Star),4704,529,74
746,Critical6,Day,75,MG,M1918,90,100,0,8,0,Sniper Round (5-Star),Optical (5-Star),Ammo Box (5-Star),6967,522,75
746,Critical6,Day,136,SMG,PP-19,91,100,0,8,0,X-Exo (5-Star),Signal Flare (5-Star),Silencer (5-Star),4483,504,76
746,Critical6,Day,1017,HG,Jill Stingray,100,100,0,10,0,Silencer (5-Star),Exclusive (5-Star),X-Exo (5-Star),3655,319,77
746,Critical6,Day,1029,AR,Agent 416,100,150,1,8,0,Optical (5-Star),Exclusive (5-Star),X-Exo (5-Star),1067,133,78
748,Critical8,Night,20055,AR,M4A1 Mod,120,198,1,10,10,Night Equip (5-Star),HV Round (5-Star),Exclusive (5-Star),7607,2091,1
748,Critical8,Night,20122,AR,Gr G11 Mod,115,200,1,10,10,Night Equip (5-Star),HV Round (5-Star),Exclusive (5-Star),6635,1824,2
748,Critical8,Night,20065,AR,416 Mod,115,200,1,10,10,Night Equip (5-Star),HV Round (5-Star),Exclusive (5-Star),6492,1785,3
748,Critical8,Night,205,AR,AN-94,100,150,1,10,0,Night Equip (5-Star),HV Round (5-Star),Chip (5-Star),6071,1669,4
748,Critical8,Night,206,AR,AK-12,100,100,0,10,0,Night Equip (5-Star),HV Round (5-Star),Chip (5-Star),5916,1626,5
748,Critical8,Night,73,AR,AUG,100,150,1,10,0,Night Equip (5-Star),HV Round (5-Star),Chip (5-Star),5907,1624,6
748,Critical8,Night,20056,AR,M4 SOPMOD II Mod,119,200,1,10,10,Night Equip (5-Star),Auxiliary Sights (5-Star),HV Round (5-Star),5737,1577,7
748,Critical8,Night,20057,AR,ST AR-15 Mod,119,200,1,10,10,Optical (5-Star),Night Equip (5-Star),Exclusive (5-Star),5719,1572,8
748,Critical8,Night,1027,AR,Angelica,100,100,0,8,0,Night Equip (5-Star),HV Round (5-Star),Chip (5-Star),5650,1553,9
748,Critical8,Night,20143,SMG,RO635 Mod,110,150,1,10,10,T-Exo (5-Star),HP Round (5-Star),Night Equip (5-Star),6395,1518,10
748,Critical8,Night,54,AR,M16A1,100,100,0,10,0,HV Round (5-Star),Armor Plate (5-Star),Exclusive (5-Star),5473,1505,11
748,Critical8,Night,213,SMG,C-MS,98,100,0,10,0,T-Exo (5-Star),AP Round (5-Star),Night Equip (5-Star),6272,1489,12
748,Critical8,Night,20026,SMG,Gr MP5 Mod,111,143,1,10,10,Exclusive (5-Star),HP Round (5-Star),Night Equip (5-Star),6167,1464,13
748,Critical8,Night,16,SMG,Thompson,100,150,1,10,0,Exclusive (5-Star),HP Round (5-Star),Night Equip (5-Star),6089,1446,14
748,Critical8,Night,20060,AR,AS Val Mod,111,98,0,10,10,Night Equip (5-Star),HV Round (5-Star),Chip (4-Star),5159,1418,15
748,Critical8,Night,236,AR,K11,100,100,0,10,0,Night Equip (5-Star),HV Round (5-Star),Chip (4-Star),5131,1411,16
748,Critical8,Night,20103,SMG,UMP45 Mod,113,100,0,10,8,Exclusive (5-Star),HP Round (5-Star),Night Equip (5-Star),5895,1400,17
748,Critical8,Night,245,SMG,P90,100,100,0,10,0,T-Exo (5-Star),HP Round (5-Star),Night Equip (5-Star),5863,1392,18
748,Critical8,Night,228,SMG,100 Shiki,100,100,0,10,0,T-Exo (5-Star),HP Round (5-Star),Exclusive (5-Star),5860,1391,19
748,Critical8,Night,20101,SMG,UMP9 Mod,110,100,0,8,10,T-Exo (5-Star),HP Round (5-Star),Night Equip (5-Star),5721,1358,20
748,Critical8,Night,106,AR,FAL,100,100,0,10,0,Night Equip (5-Star),HV Round (5-Star),T-Exo (5-Star),4881,1342,21
748,Critical8,Night,234,SMG,JS 9,100,100,0,10,0,T-Exo (5-Star),HP Round (5-Star),Night Equip (4-Star),5557,1319,22
748,Critical8,Night,196,AR,Zas M21,100,100,0,10,0,Night Equip (4-Star),HV Round (5-Star),T-Exo (5-Star),4751,1306,23
748,Critical8,Night,20032,SMG,Micro Uzi Mod,110,100,0,10,10,T-Exo (5-Star),HP Round (5-Star),Night Equip (4-Star),5489,1303,24
748,Critical8,Night,129,AR,Type95,100,100,0,10,0,Night Equip (4-Star),HV Round (5-Star),T-Exo (5-Star),4719,1297,25
748,Critical8,Night,20,SMG,Vector,100,100,0,10,0,T-Exo (5-Star),HP Round (5-Star),Silencer (5-Star),4941,1173,26
748,Critical8,Night,127,SMG,Type79,100,100,0,4,0,T-Exo (5-Star),Exclusive (5-Star),Silencer (5-Star),4940,1173,27
748,Critical8,Night,311,SMG,Lusa,90,150,1,8,0,T-Exo (5-Star),HP Round (5-Star),Silencer (5-Star),4936,1172,28
748,Critical8,Night,104,SMG,Gr G36c,91,150,1,10,0,T-Exo (5-Star),HP Round (5-Star),Silencer (5-Star),4884,1159,29
748,Critical8,Night,135,SMG,SR-3MP,90,100,0,8,0,T-Exo (5-Star),HP Round (5-Star),Silencer (5-Star),4598,1092,30
748,Critical8,Night,251,SMG,X95,90,100,0,8,0,T-Exo (5-Star),Signal Flare (5-Star),Silencer (5-Star),4553,1081,31
748,Critical8,Night,1028,SMG,Agent Vector,91,100,0,8,0,T-Exo (5-Star),Exclusive (5-Star),Silencer (5-Star),4528,1075,32
748,Critical8,Night,136,SMG,PP-19,91,100,0,8,0,X-Exo (5-Star),Signal Flare (5-Star),Silencer (5-Star),3996,949,33
748,Critical8,Night,171,AR,Ribeyrolles,90,64,0,10,0,Red Dot (5-Star),HV Round (5-Star),X-Exo (5-Star),2692,888,34
748,Critical8,Night,194,AR,K2,90,100,0,10,0,Red Dot (5-Star),HV Round (5-Star),X-Exo (5-Star),3171,872,35
748,Critical8,Night,286,SMG,K-PDW,90,80,0,1,0,X-Exo (5-Star),Signal Flare (5-Star),Silencer (5-Star),3671,871,36
748,Critical8,Night,274,AR,ACR,90,100,0,8,0,Red Dot (5-Star),HV Round (5-Star),X-Exo (5-Star),3119,857,37
748,Critical8,Night,188,SG,S.A.T.8,100,100,0,10,0,Armor Plate (5-Star),Buckshot Shell (5-Star),Red Dot (5-Star),6837,854,38
748,Critical8,Night,323,SG,LTLX7000,95,100,0,10,0,Armor Plate (5-Star),Buckshot Shell (5-Star),Red Dot (5-Star),6695,836,39
748,Critical8,Night,229,SG,M870,98,100,0,10,0,Armor Plate (5-Star),Buckshot Shell (5-Star),Red Dot (5-Star),6592,824,40
748,Critical8,Night,215,AR,MDR,90,100,0,8,0,Exclusive (5-Star),HV Round (3-Star),X-Exo (5-Star),2995,823,41
748,Critical8,Night,282,SG,DP-12,100,100,0,10,0,Armor Plate (5-Star),Buckshot Shell (5-Star),Red Dot (5-Star),6526,815,42
748,Critical8,Night,1017,HG,Jill Stingray,100,100,0,10,0,Exclusive (5-Star),Exclusive (5-Star),X-Exo (5-Star),3066,804,43
748,Critical8,Night,20154,SG,M500 Mod,113,100,0,1,10,Armor Plate (5-Star),Buckshot Shell (5-Star),Red Dot (5-Star),6208,776,44
748,Critical8,Night,183,HG,Contender,92,100,0,10,0,Auxiliary Sights (5-Star),AP Round (5-Star),X-Exo (5-Star),2938,771,45
748,Critical8,Night,302,SG,Defender,100,143,1,10,0,Armor Plate (5-Star),Exclusive (5-Star),Red Dot (4-Star),6085,760,46
748,Critical8,Night,157,SG,Am KSG,92,100,0,8,0,Armor Plate (5-Star),Buckshot Shell (5-Star),Red Dot (4-Star),5878,734,47
748,Critical8,Night,164,SG,FP-6,90,100,0,3,0,Armor Plate (5-Star),Slug Shell (5-Star),Holographic (5-Star),4537,567,48
748,Critical8,Night,162,SG,SPAS-12,90,100,0,1,0,Armor Plate (5-Star),Slug Shell (5-Star),Holographic (5-Star),4195,524,49
748,Critical8,Night,1025,SG,Triela,90,100,0,4,0,Armor Plate (5-Star),Flash Shell (5-Star),Holographic (5-Star),4148,518,50
748,Critical8,Night,125,MG,Gr MG4,100,150,1,10,0,Special AP Round (5-Star),Exclusive (5-Star),Ammo Box (5-Star),6371,477,51
748,Critical8,Night,292,MG,RPK-16,100,150,1,10,0,Special AP Round (5-Star),Auxiliary Sights (5-Star),Ammo Box (5-Star),5758,431,52
748,Critical8,Night,253,MG,Lewis,90,100,0,8,0,Special AP Round (5-Star),Auxiliary Sights (4-Star),Ammo Box (5-Star),4780,358,53
748,Critical8,Night,109,MG,Gr MG5,91,100,0,9,0,Special AP Round (5-Star),Auxiliary Sights (4-Star),Ammo Box (5-Star),4622,346,54
748,Critical8,Night,20081,MG,LWMMG Mod,110,100,0,4,10,Special AP Round (5-Star),Auxiliary Sights (4-Star),Ammo Box (5-Star),4610,345,55
748,Critical8,Night,20053,RF,NTW-20 Mod,115,200,1,10,10,Exclusive (5-Star),Optical (5-Star),Camo Cloak (5-Star),4022,301,56
748,Critical8,Night,20252,RF,KSVK Mod,115,200,1,8,10,Exclusive (5-Star),Optical (5-Star),Camo Cloak (5-Star),3893,291,57
748,Critical8,Night,20037,RF,M14 Mod,115,200,1,10,10,AP Round (5-Star),Exclusive (5-Star),Camo Cloak (5-Star),3749,281,58
748,Critical8,Night,20095,RF,Type88 Mod,116,200,1,10,10,Exclusive (5-Star),Exclusive (5-Star),Camo Cloak (5-Star),3716,278,59
748,Critical8,Night,276,MG,Kord,100,100,0,10,0,AP Round (5-Star),Holographic (5-Star),Ammo Box (5-Star),3653,273,60
748,Critical8,Night,198,RF,Carcano M91/38,100,150,1,10,0,AP Round (5-Star),Optical (5-Star),Camo Cloak (5-Star),3516,263,61
748,Critical8,Night,339,MG,RPK-203,90,79,0,10,0,AP Round (5-Star),Holographic (5-Star),Ammo Box (5-Star),3508,263,62
748,Critical8,Night,173,MG,PKP,90,100,0,8,0,AP Round (5-Star),Holographic (5-Star),Ammo Box (5-Star),3503,262,63
748,Critical8,Night,1031,RF,Pekola,100,100,0,10,0,AP Round (5-Star),Optical (5-Star),Exclusive (5-Star),3488,261,64
748,Critical8,Night,275,MG,M1895 CB,90,100,0,10,0,AP Round (5-Star),Holographic (5-Star),Ammo Box (5-Star),3424,256,65
748,Critical8,Night,238,MG,QJY-88,90,100,0,4,0,AP Round (5-Star),Holographic (5-Star),Ammo Box (5-Star),3425,256,66
748,Critical8,Night,1024,RF,Rico,100,100,0,10,0,AP Round (5-Star),Optical (5-Star),Exclusive (5-Star),3356,251,67
748,Critical8,Night,75,MG,M1918,90,100,0,8,0,AP Round (5-Star),Holographic (5-Star),Ammo Box (5-Star),3339,250,68
748,Critical8,Night,266,RF,R93,91,100,0,10,0,AP Round (5-Star),Optical (5-Star),Camo Cloak (5-Star),3292,246,69
748,Critical8,Night,329,RF,SVCh,90,150,1,10,0,AP Round (5-Star),Optical (5-Star),Camo Cloak (5-Star),3286,246,70
748,Critical8,Night,257,RF,M200,95,100,0,10,0,AP Round (5-Star),Optical (5-Star),Camo Cloak (5-Star),3267,245,71
748,Critical8,Night,85,MG,PK,90,100,0,8,0,AP Round (5-Star),Holographic (5-Star),Ammo Box (5-Star),3216,241,72
748,Critical8,Night,296,RF,Gr SL8,91,150,1,10,0,AP Round (5-Star),Optical (5-Star),Camo Cloak (5-Star),3208,240,73
748,Critical8,Night,48,RF,WA2000,94,100,0,10,0,Sniper Round (5-Star),Optical (5-Star),Camo Cloak (5-Star),3082,231,74
748,Critical8,Night,261,RF,QBU-88,90,98,0,8,0,Sniper Round (5-Star),Optical (5-Star),Camo Cloak (5-Star),3089,231,75
748,Critical8,Night,50,RF,Lee Enfield,91,100,0,10,0,Sniper Round (5-Star),Exclusive (5-Star),Camo Cloak (5-Star),2979,223,76
748,Critical8,Night,337,RF,De Lisle,90,123,1,10,0,Sniper Round (5-Star),Optical (5-Star),Camo Cloak (5-Star),2966,222,77
748,Critical8,Night,270,RF,4 Shiki,90,100,0,8,0,Exclusive (5-Star),Optical (5-Star),Camo Cloak (5-Star),2804,210,78
748,Critical8,Night,1029,AR,Agent 416,100,150,1,8,0,Silencer (5-Star),Exclusive (5-Star),X-Exo (5-Star),662,182,79
