ID,No.,Type,Star,Name,Doll ID,Doll,Damage,Accuracy,Evasion,Move Speed,Rate of Fire,Crit.Rate,Crit.Damage,Armor Pen.,Armor,Shield,Damage Amplify,Damage Reduction,Night View,Rounds,Equip Exp,Equip Level,EQUIP_INFO_ADJUST_MAX,Adjust Count,Locked
9362978,4,Optical (Acc),★★★★★,VFL 6-24X56,-,-,-,-,-,-,-,48%,-,-,-,-,-,-,-,-,10025,10,MAX,14,Locked
9470574,109,Optical (Acc),★★★★★,16Lab 6-24X56,-,-,-,-,-,-,-,48.0000%,-,-,-,-,-,-,-,-,10000,10,MAX,0,Locked
9724193,66,Supp (Silencer),★★★★★,AC4 Suppressor,-,-,-,-,10,-,-,20%,-,-,-,-,-,-,-,-,10000,10,MAX,6,Locked
10045689,44,Plate (Body),★★★★★,Type 3 Armor Plate,-,-,-,-,-2,-,-,-,-,-,11,-,-,-,-,-,10000,10,MAX,6,Locked
10137897,12,Red Dot (Acc),★★★★★,ITI MARS,-,-,-,30,-,-,-1,-,-,-,-,-,-,-,-,-,10000,10,MAX,6,Locked
10144957,58,X Exo (Body),★★★★★,IOP X4 Exoskeleton,-,-,-,-,20,-,-,-,-,-,-,-,-,-,-,-,10000,10,MAX,7,Locked
10202218,12,Red Dot (Acc),★★★★★,ITI MARS,-,-,-,30,-,-,-1,-,-,-,-,-,-,-,-,-,10000,10,MAX,16,Locked
10247019,16,PEQ (Acc),★★★★★,PEQ-16A,-,-,-,-,-,-,-,-,-,-,-,-,-,-,100%,-,0,0,MAX,21,Locked
10247020,90,Cape (Body),★★★★★,Thermoptic Camouflage Cape,-,-,-,-,-,-3.0000,-,-,25%,-,-,-,-,-,-,-,10000,10,MAX,3,Locked
10331316,20,AP (Ammo),★★★★★,Mk211 High-Explosive Armor-Piercing Ammo,-,-,-,-,-,-,-,-,-,180,-,-,-,-,-,-,10000,10,MAX,4,Locked
10604352,4,Optical (Acc),★★★★★,VFL 6-24X56,-,-,-,-,-,-,-,48%,-,-,-,-,-,-,-,-,10000,10,MAX,6,Locked
10648951,66,Supp (Silencer),★★★★★,AC4 Suppressor,-,-,-,-,10,-,-,20%,-,-,-,-,-,-,-,-,10000,10,MAX,6,Locked
10730420,90,Cape (Body),★★★★★,Thermoptic Camouflage Cape,-,-,-,-,-,-3.0000,-,-,25%,-,-,-,-,-,-,-,10000,10,MAX,5,Locked
10826552,72,HP (Ammo),★★★★★,ILM Hollow-Point Ammo,-,-,15,-,-,-,-,-,-,-7,-,-,-,-,-,-,10000,10,MAX,7,Locked
11131466,58,X Exo (Body),★★★★★,IOP X4 Exoskeleton,-,-,-,-,20,-,-,-,-,-,-,-,-,-,-,-,10000,10,MAX,5,Locked
11328557,44,Plate (Body),★★★★★,Type 3 Armor Plate,-,-,-,-,-2,-,-,-,-,-,11,-,-,-,-,-,10000,10,MAX,2,Locked
11329797,40,T Exo (Body),★★★★★,IOP T4 Exoskeleton,-,-,-6,-,35,-,-,-,-,-,-,-,-,-,-,-,10000,10,MAX,16,Locked
11355168,20,AP (Ammo),★★★★★,Mk211 High-Explosive Armor-Piercing Ammo,-,-,-,-,-,-,-,-,-,180,-,-,-,-,-,-,10000,10,MAX,2,Locked
11419804,121,T Exo (Body),★★★★★,16Lab T4 Exoskeleton,-,-,-6.0000,-,35.0000,-,-,-,-,-,-,-,-,-,-,-,10000,10,MAX,0,Locked
11476013,120,Red Dot (Acc),★★★★★,16Lab MARS,-,-,-,30.0000,-,-,-1.0000,-,-,-,-,-,-,-,-,-,10000,10,MAX,0,Locked
11829396,68,MG Box (Body),★★★★★,IOP Maximum Ammo Box,-,-,-,-,-2,-,-,-,-,-,-,-,-,-,-,5,10000,10,MAX,6,Locked
12019693,49,PEQ (Acc),★★★★★,16Lab Infrared Designator,-,-,-,-,-,-,-,-,-,-,-,-,-,-,100.0000%,-,0,0,MAX,0,Locked
12032220,50,AP (Ammo),★★★★★,16Lab Sub-Caliber Armor-Piercing Ammo,-,-,-,-,-,-,-,-,-,180.0000,-,-,-,-,-,-,10000,10,MAX,0,Locked
12213268,58,X Exo (Body),★★★★★,IOP X4 Exoskeleton,-,-,-,-,20,-,-,-,-,-,-,-,-,-,-,-,10000,10,MAX,1,Locked
12243055,68,MG Box (Body),★★★★★,IOP Maximum Ammo Box,-,-,-,-,-2,-,-,-,-,-,-,-,-,-,-,5,10000,10,MAX,6,Locked
12480440,95,HP (Ammo),★★★★★,16Lab Hollow-Point,-,-,15.0000,-,-,-,-,-,-,-7.0000,-,-,-,-,-,-,10050,10,MAX,0,Locked
12506979,8,EOT (Holographic),★★★★★,EOT 518,-,-,8,14,-,-,-4,-,-,-,-,-,-,-,-,-,10000,10,MAX,6,Locked
12669043,20,AP (Ammo),★★★★★,Mk211 High-Explosive Armor-Piercing Ammo,-,-,-,-,-,-,-,-,-,180,-,-,-,-,-,-,10000,10,MAX,2,Locked
12886913,16,PEQ (Acc),★★★★★,PEQ-16A,-,-,-,-,-,-,-,-,-,-,-,-,-,-,100%,-,0,0,MAX,6,Locked
12891696,8,EOT (Holographic),★★★★★,EOT 518,-,-,8,14,-,-,-4,-,-,-,-,-,-,-,-,-,10000,10,MAX,26,Locked
13037519,4,Optical (Acc),★★★★★,VFL 6-24X56,-,-,-,-,-,-,-,48%,-,-,-,-,-,-,-,-,10000,10,MAX,1,Locked
13046125,137,Sp. Eq (Exclusive),★★★★★,Adelhyde,68621407,Jill Stingray,-,-,15.0000,-,-,-,-,-,-,-,-,-,-,-,0,0,MAX,0,Locked
13046126,138,Sp. Eq (Exclusive),★★★★★,Flanergide,-,-,-,-,15.0000,-,-,-,-,-,-,-,-,-,-,-,0,0,MAX,0,Locked
13046127,139,Sp. Eq (Exclusive),★★★★★,Adelhyde,-,-,-,-,15.0000,-,-,-,-,-,-,-,-,-,-,-,0,0,MAX,0,Locked
13046128,140,Sp. Eq (Exclusive),★★★★★,Bronson Extract,-,-,-,-,15.0000,-,-,-,-,-,-,-,-,-,-,-,0,0,MAX,0,Locked
13046129,141,Sp. Eq (Exclusive),★★★★★,Powdered Delta,-,-,-,-,15.0000,-,-,-,-,-,-,-,-,-,-,-,0,0,MAX,0,Locked
13046130,142,Sp. Eq (Exclusive),★★★★★,Karmotrine,-,-,-,-,15.0000,-,-,-,-,-,-,-,-,-,-,-,0,0,MAX,0,Locked
13046131,143,Sp. Eq (Exclusive),★★★★★,Karmotrine,-,-,-,-,15.0000,-,-,-,-,-,-,-,-,-,-,-,0,0,MAX,0,Locked
13046132,144,Sp. Eq (Exclusive),★★★★★,Karmotrine,68621407,Jill Stingray,-,-,15.00,-,-,-,-,-,-,-,-,-,-,-,0,0,MAX,0,
13681193,146,Sp. Eq (Exclusive),★★★★★,MIRD Class-5 Rounds,69050518,Dorothy Haze,22,-,-,-,-,-,-,-7,-,-,-,-,-,-,30025,10,MAX,6,
13681201,148,Sp. Eq (Exclusive),★★★★★,Prosthetic Eye,70550370,Stella Hoshii,-,-,-,-3.0000,3,-,30%,-,-,-,-,-,-,-,30000,10,MAX,6,
13681216,145,Sp. Eq (Exclusive),★★★★★,Prosthetic Arm,68492847,Dana Zane,6,-,-2,-,-,-,-,-,11,-,-,-,-,-,30000,10,MAX,16,
13681226,147,Sp. Eq (Exclusive),★★★★★,White Knight's Armor,68794300,Sei Asagiri,-,-,34,-,-,-,-,-,-,-,-,-,-,-,30050,10,MAX,3,
13681236,149,Sp. Eq (Exclusive),★★★★★,Cybernetic Hands,69064535,Alma Armas,2.6724,-,-2.5799,-,-,-,-,-,-,-,-,-,-,3.174,0,0,,0,Locked
13747534,90,Cape (Body),★★★★★,Thermoptic Camouflage Cape,-,-,-,-,-,-3.0000,-,-,25%,-,-,-,-,-,-,-,10000,10,MAX,9,Locked
14296372,20,AP (Ammo),★★★★★,Mk211 High-Explosive Armor-Piercing Ammo,-,-,-,-,-,-,-,-,-,180,-,-,-,-,-,-,10000,10,MAX,9,Locked
14408183,58,X Exo (Body),★★★★★,IOP X4 Exoskeleton,-,-,-,-,19.3994,-,-,-,-,-,-,-,-,-,-,-,10000,10,,0,Locked
14434715,68,MG Box (Body),★★★★★,IOP Maximum Ammo Box,-,-,-,-,-2,-,-,-,-,-,-,-,-,-,-,5,10000,10,MAX,2,Locked
14573104,4,Optical (Acc),★★★★★,VFL 6-24X56,-,-,-,-,-,-,-,48%,-,-,-,-,-,-,-,-,10000,10,MAX,9,Locked
14657279,20,AP (Ammo),★★★★★,Mk211 High-Explosive Armor-Piercing Ammo,-,-,-,-,-,-,-,-,-,180,-,-,-,-,-,-,10000,10,MAX,3,Locked
14660482,66,Supp (Silencer),★★★★★,AC4 Suppressor,-,-,-,-,10,-,-,20%,-,-,-,-,-,-,-,-,10000,10,MAX,16,Locked
14774220,16,PEQ (Acc),★★★★★,PEQ-16A,-,-,-,-,-,-,-,-,-,-,-,-,-,-,95.9032%,-,0,0,,4,
14777203,68,MG Box (Body),★★★★★,IOP Maximum Ammo Box,-,-,-,-,-2,-,-,-,-,-,-,-,-,-,-,5,10000,10,MAX,6,Locked
14863230,4,Optical (Acc),★★★★★,VFL 6-24X56,-,-,-,-,-,-,-,48%,-,-,-,-,-,-,-,-,10000,10,MAX,6,Locked
14880404,58,X Exo (Body),★★★★★,IOP X4 Exoskeleton,-,-,-,-,20,-,-,-,-,-,-,-,-,-,-,-,10000,10,MAX,5,Locked
14888260,16,PEQ (Acc),★★★★★,PEQ-16A,-,-,-,-,-,-,-,-,-,-,-,-,-,-,97.0003%,-,0,0,,3,
14916404,72,HP (Ammo),★★★★★,ILM Hollow-Point Ammo,-,-,15,-,-,-,-,-,-,-7,-,-,-,-,-,-,10000,10,MAX,6,Locked
14979487,76,Buck (Shell),★★★★★,#000 Buckshot,-,-,8.2543,-,-,-,-,-,12.6380%,-,-,-,-,-,-,-,0,0,,0,Locked
15069007,40,T Exo (Body),★★★★★,IOP T4 Exoskeleton,-,-,-6,-,35,-,-,-,-,-,-,-,-,-,-,-,10000,10,MAX,12,Locked
15129241,20,AP (Ammo),★★★★★,Mk211 High-Explosive Armor-Piercing Ammo,-,-,-,-,-,-,-,-,-,180,-,-,-,-,-,-,10000,10,MAX,15,Locked
15211897,32,HV (Ammo),★★★★★,APCR High-Velocity Ammo,-,-,20,-,-,-,-,-,-,-,-,-,-,-,-,-,10000,10,MAX,4,Locked
15335424,4,Optical (Acc),★★★★★,VFL 6-24X56,-,-,-,-,-,-,-,48%,-,-,-,-,-,-,-,-,10000,10,MAX,13,Locked
15621794,4,Optical (Acc),★★★★★,VFL 6-24X56,-,-,-,-,-,-,-,48%,-,-,-,-,-,-,-,-,10000,10,MAX,12,Locked
15660824,66,Supp (Silencer),★★★★★,AC4 Suppressor,-,-,-,-,10,-,-,18.6668%,-,-,-,-,-,-,-,-,10000,10,,5,Locked
15662501,16,PEQ (Acc),★★★★★,PEQ-16A,-,-,-,-,-,-,-,-,-,-,-,-,-,-,94.5685%,-,0,0,,0,
15689529,66,Supp (Silencer),★★★★★,AC4 Suppressor,-,-,-,-,10,-,-,20%,-,-,-,-,-,-,-,-,10000,10,MAX,6,Locked
15956390,16,PEQ (Acc),★★★★★,PEQ-16A,-,-,-,-,-,-,-,-,-,-,-,-,-,-,100%,-,0,0,MAX,13,Locked
16049942,161,Sp. Eq (Exclusive),★★★★★,Advanced Infantry Sight,53911047,Type95,5,-,-,-,-,48%,-,-,-,-,-,-,-,-,30000,10,MAX,6,
16192565,44,Plate (Body),★★★★★,Type 3 Armor Plate,-,-,-,-,-2,-,-,-,-,-,11,-,-,-,-,-,10000,10,MAX,6,Locked
16282883,110,HV (Ammo),★★★★★,16Lab High-Velocity Ammo,-,-,20.0000,-,-,-,-,-,-,-,-,-,-,-,-,-,10000,10,MAX,0,Locked
16367159,95,HP (Ammo),★★★★★,16Lab Hollow-Point,-,-,15.0000,-,-,-,-,-,-,-7.0000,-,-,-,-,-,-,10000,10,MAX,0,Locked
16879120,32,HV (Ammo),★★★★★,APCR High-Velocity Ammo,-,-,20,-,-,-,-,-,-,-,-,-,-,-,-,-,10000,10,MAX,6,Locked
17063570,66,Supp (Silencer),★★★★★,AC4 Suppressor,-,-,-,-,10,-,-,20%,-,-,-,-,-,-,-,-,10000,10,MAX,15,Locked
17194029,20,AP (Ammo),★★★★★,Mk211 High-Explosive Armor-Piercing Ammo,-,-,-,-,-,-,-,-,-,180,-,-,-,-,-,-,10000,10,MAX,6,Locked
17364265,4,Optical (Acc),★★★★★,VFL 6-24X56,-,-,-,-,-,-,-,48%,-,-,-,-,-,-,-,-,10000,10,MAX,10,Locked
17768590,155,Sp. Eq (Exclusive),★★★★★,PPK Suppressor,50248230,PPK,-,-,18,-,-,30%,-,-,-,-,-,-,-,-,30000,10,MAX,16,
17816247,90,Cape (Body),★★★★★,Thermoptic Camouflage Cape,-,-,-,-,-,-3.0000,-,-,25%,-,-,-,-,-,-,-,10000,10,MAX,3,Locked
17919532,16,PEQ (Acc),★★★★★,PEQ-16A,-,-,-,-,-,-,-,-,-,-,-,-,-,-,100%,-,0,0,MAX,10,Locked
18193864,90,Cape (Body),★★★★★,Thermoptic Camouflage Cape,-,-,-,-,-,-3.0000,-,-,25%,-,-,-,-,-,-,-,10000,10,MAX,4,Locked
18295628,169,Sp. Eq (Exclusive),★★★★★,Am RFB Quad Rail,76951815,Am RFB,-,-,-,-,-,48%,18%,-,-,-,-,-,-,-,30000,10,MAX,16,Locked
18423096,4,Optical (Acc),★★★★★,VFL 6-24X56,-,-,-,-,-,-,-,48%,-,-,-,-,-,-,-,-,10000,10,MAX,16,Locked
18740399,40,T Exo (Body),★★★★★,IOP T4 Exoskeleton,-,-,-6,-,35,-,-,-,-,-,-,-,-,-,-,-,10000,10,MAX,16,Locked
18741070,40,T Exo (Body),★★★★★,IOP T4 Exoskeleton,-,-,-6,-,35,-,-,-,-,-,-,-,-,-,-,-,10000,10,MAX,6,Locked
18888129,66,Supp (Silencer),★★★★★,AC4 Suppressor,-,-,-,-,10,-,-,20%,-,-,-,-,-,-,-,-,10000,10,MAX,4,Locked
19061505,40,T Exo (Body),★★★★★,IOP T4 Exoskeleton,-,-,-6,-,35,-,-,-,-,-,-,-,-,-,-,-,10000,10,MAX,14,Locked
19339900,32,HV (Ammo),★★★★★,APCR High-Velocity Ammo,-,-,20,-,-,-,-,-,-,-,-,-,-,-,-,-,10000,10,MAX,5,Locked
19457648,59,Sp. Eq (Exclusive),★★★★★,National Match-Grade Armor-Piercing Ammo,51071780,Springfield,-,-,-,-,4.9025,-,-,122.8960,-,-,-,-,-,-,350,0,,0,
19483240,61,Sp. Eq (Exclusive),★★★★★,Titan Fire-Control Chip,110853340,M1918 Mod,-2,-,-,-,-1,-,-,-,-,-,-,-,-,6,30000,10,MAX,26,
19491177,60,Sp. Eq (Exclusive),★★★★★,.300BLK High-Velocity Ammo,51352186,ST AR-15 Mod,35,-,-,-,-10,-,-,-,-,-,-,-,-,-,30000,10,MAX,16,
19761993,16,PEQ (Acc),★★★★★,PEQ-16A,-,-,-,-,-,-,-,-,-,-,-,-,-,-,91.5832%,-,0,0,,0,
19992559,66,Supp (Silencer),★★★★★,AC4 Suppressor,-,-,-,-,10,-,-,16%,-,-,-,-,-,-,-,-,10000,10,,4,Locked
20032656,76,Buck (Shell),★★★★★,#000 Buckshot,-,-,13.235,-,-,-,-,-,17.5977%,-,-,-,-,-,-,-,10000,10,,0,Locked
20052650,16,PEQ (Acc),★★★★★,PEQ-16A,-,-,-,-,-,-,-,-,-,-,-,-,-,-,93.7387%,-,0,0,,0,
20075294,90,Cape (Body),★★★★★,Thermoptic Camouflage Cape,-,-,-,-,-,-3.0000,-,-,25%,-,-,-,-,-,-,-,10000,10,MAX,3,Locked
20119731,16,PEQ (Acc),★★★★★,PEQ-16A,-,-,-,-,-,-,-,-,-,-,-,-,-,-,92.9629%,-,0,0,,0,
20176438,40,T Exo (Body),★★★★★,IOP T4 Exoskeleton,-,-,-6,-,35,-,-,-,-,-,-,-,-,-,-,-,10000,10,MAX,16,Locked
20247950,163,Sp. Eq (Exclusive),★★★★★,MAX10 Upper Receiver,50456804,Ingram,-,-,10.4858,-,-5.1158,16.9390%,-,-,-,-,-,-,-,-,1,0,,0,Locked
20247958,164,Sp. Eq (Exclusive),★★★★★,M9 BC2 Grips,85377275,M9,-,3.0000,11.0568,-,-,13.5804%,-,-,-,-,-,-,-,-,1,0,,0,Locked
20517623,32,HV (Ammo),★★★★★,APCR High-Velocity Ammo,-,-,20,-,-,-,-,-,-,-,-,-,-,-,-,-,10000,10,MAX,6,Locked
20930491,127,Sp. Eq (Exclusive),★★★★★,Hi-Performance Tactical Hair Accessory,50302092,Gr G41,25.0000,10.0000,20.000,-,-,-,-,-,-,-,-,-,-,-,30000,10,MAX,0,
21071865,40,T Exo (Body),★★★★★,IOP T4 Exoskeleton,-,-,-6,-,35,-,-,-,-,-,-,-,-,-,-,-,10000,10,MAX,14,Locked
21164510,32,HV (Ammo),★★★★★,APCR High-Velocity Ammo,-,-,15.1749,-,-,-,-,-,-,-,-,-,-,-,-,-,10000,10,,0,Locked
21282108,175,Sp. Eq (Exclusive),★★★★★,BPR4 & SRM6,-,-,6,-,8.5,-,-,46.0008%,-,-,-,-,-,-,-,-,30000,10,,12,Locked
21563715,16,PEQ (Acc),★★★★★,PEQ-16A,-,-,-,-,-,-,-,-,-,-,-,-,-,-,100%,-,1,0,MAX,0,Locked
21563716,20,AP (Ammo),★★★★★,Mk211 High-Explosive Armor-Piercing Ammo,-,-,-,-,-,-,-,-,-,180,-,-,-,-,-,-,10000,10,MAX,0,Locked
21919934,117,Sp. Eq (Exclusive),★★★★★,Glorylight,-,-,-,-,-,-,-,-,-,-,-,-,-,-,100.0000%,-,1,0,MAX,0,Locked
21980192,118,Sp. Eq (Exclusive),★★★★★,Black Cat,-,-,-,-,-,-,-,-,-,-,-,-,-,-,100.0000%,-,1,0,MAX,0,Locked
22041601,68,MG Box (Body),★★★★★,IOP Maximum Ammo Box,-,-,-,-,-2,-,-,-,-,-,-,-,-,-,-,5,10000,10,MAX,6,Locked
22742713,4,Optical (Acc),★★★★★,VFL 6-24X56,-,-,-,-,-,-,-,48%,-,-,-,-,-,-,-,-,10000,10,MAX,4,Locked
22833697,4,Optical (Acc),★★★★★,VFL 6-24X56,-,-,-,-,-,-,-,48%,-,-,-,-,-,-,-,-,10000,10,MAX,10,Locked
23073530,66,Supp (Silencer),★★★★★,AC4 Suppressor,-,-,-,-,10,-,-,20%,-,-,-,-,-,-,-,-,10000,10,MAX,10,Locked
23282278,66,Supp (Silencer),★★★★★,AC4 Suppressor,-,-,-,-,10,-,-,20%,-,-,-,-,-,-,-,-,10000,10,MAX,6,Locked
23340052,99,Sp. Eq (Exclusive),★★★★★,Inherited Case,50522996,M4A1 Mod,20,-,-,-,20,-,-,-,15,-,-,-,-,-,30000,10,MAX,3,
23462161,62,Sp. Eq (Exclusive),★★★★★,GSG UX Exoskeleton,50591858,Gr MP5 Mod,-6,-,58,-,-,-,-,-,-,-,-,-,-,-,30000,10,MAX,6,
23581285,86,Sp. Eq (Exclusive),★★★★★,Hayha Memory Chip,99180168,Mosin-Nagant Mod,30,-,5,-,-,-,30%,-,-,-,-,-,-,-,30000,10,MAX,26,
23623153,100,Sp. Eq (Exclusive),★★★★★,Lightweight Rail Kit,51352186,ST AR-15 Mod,15,10,-,-,-,-,30%,-,-,-,-,-,-,-,30000,10,MAX,6,Locked
23860365,66,Supp (Silencer),★★★★★,AC4 Suppressor,-,-,-,-,10,-,-,20%,-,-,-,-,-,-,-,-,10000,10,MAX,16,Locked
23982277,126,Sp. Eq (Exclusive),★★★★★,Dinergate RO,-,-,35,14,-,-,-2,-,-,-,-,-,-,-,-,-,30000,10,MAX,9,Locked
23994620,125,Sp. Eq (Exclusive),★★★★★,Additional Computing Module,53538734,UMP45 Mod,-,-,15,-,-,25%,-,-,-,-,-,-,-,-,30000,10,MAX,6,
24146917,44,Plate (Body),★★★★★,Type 3 Armor Plate,-,-,-,-,-2,-,-,-,-,-,11,-,-,-,-,-,10000,10,MAX,6,Locked
24178156,129,Sp. Eq (Exclusive),★★★★★,M2 Bipod,50270150,M14 Mod,-,10,-,-,-,48%,-,-,-,-,-,-,-,-,30000,10,MAX,16,
24456539,16,PEQ (Acc),★★★★★,PEQ-16A,-,-,-,-,-,-,-,-,-,-,-,-,-,-,96.0004%,-,0,0,,3,
24568258,4,Optical (Acc),★★★★★,VFL 6-24X56,-,-,-,-,-,-,-,48%,-,-,-,-,-,-,-,-,10000,10,MAX,4,Locked
24663338,20,AP (Ammo),★★★★★,Mk211 High-Explosive Armor-Piercing Ammo,-,-,-,-,-,-,-,-,-,180,-,-,-,-,-,-,10000,10,MAX,7,Locked
24790462,90,Cape (Body),★★★★★,Thermoptic Camouflage Cape,-,-,-,-,-,-3.0000,-,-,25%,-,-,-,-,-,-,-,10000,10,MAX,5,Locked
24883335,68,MG Box (Body),★★★★★,IOP Maximum Ammo Box,-,-,-,-,-2.3161,-,-,-,-,-,-,-,-,-,-,4.1794,10000,10,,0,Locked
24888681,4,Optical (Acc),★★★★★,VFL 6-24X56,-,-,-,-,-,-,-,48%,-,-,-,-,-,-,-,-,10000,10,MAX,3,Locked
24962152,132,Sp. Eq (Exclusive),★★★★★,Gr MG4 MGO,82098805,Gr MG4 Mod,-,36.0000,-,-,-1.0000,35.0000%,-,-,-,-,-,-,-,-,30000,10,MAX,0,Locked
25196527,182,Sp. Eq (Exclusive),★★★★★,S&B762,60840134,Type79,25,-,-,-,-4.0000,-,-,-,-,-,-,-,-,-,30000,10,MAX,3,
25257016,16,PEQ (Acc),★★★★★,PEQ-16A,-,-,-,-,-,-,-,-,-,-,-,-,-,-,100%,-,0,0,MAX,8,Locked
25891171,68,MG Box (Body),★★★★★,IOP Maximum Ammo Box,-,-,-,-,-2,-,-,-,-,-,-,-,-,-,-,5,10000,10,MAX,6,Locked
26092373,32,HV (Ammo),★★★★★,APCR High-Velocity Ammo,-,-,20,-,-,-,-,-,-,-,-,-,-,-,-,-,10000,10,MAX,2,Locked
26164774,32,HV (Ammo),★★★★★,APCR High-Velocity Ammo,-,-,20,-,-,-,-,-,-,-,-,-,-,-,-,-,10000,10,MAX,4,Locked
26371056,91,Sp. Eq (Exclusive),★★★★★,Special Warfare Mobile Suit,51858489,M16A1,-,-20.0000,10.0000,-,-10.0000,-,-,-,20.0000,-,-,-,-,-,30000,10,MAX,0,
26383337,107,Sp. Eq (Exclusive),★★★★★,Infinite Ammo Box,114833202,MG3,-25.0000,-10.0000,-2.0000,-,-,-,-,-,-,-,-,-,-,30.0000,30000,10,MAX,0,Locked
26451437,119,Sp. Eq (Exclusive),★★★★★,FÉLIN System Sight,-,-,3.4758,1.5991,-,-,-,19.324%,-,-,-,-,-,-,-,-,0,0,,0,Locked
26466826,76,Buck (Shell),★★★★★,#000 Buckshot,-,-,15,-,-,-,-,-,22%,-,-,-,-,-,-,-,10000,10,MAX,6,Locked
26784999,183,Sp. Eq (Exclusive),★★★★★,Duelling Cards,135332049,Rico,-,-,-,-3.000,-,-,45%,-,-,-,-,-,-,-,30000,10,MAX,2,
26835395,32,HV (Ammo),★★★★★,APCR High-Velocity Ammo,-,-,20,-,-,-,-,-,-,-,-,-,-,-,-,-,10000,10,MAX,6,Locked
26918094,184,Sp. Eq (Exclusive),★★★★★,Fairy Tale Picture Books,135452808,Angelica,15,-,20,-,-,-,-,-,-,-,-,-,-,-,30000,10,MAX,10,
27125757,187,Sp. Eq (Exclusive),★★★★★,Antique Kaleidoscope,135223812,Henrietta,-,5,10,-,-,25%,-,-,-,-,-,-,-,-,30000,10,MAX,16,
27125764,186,Sp. Eq (Exclusive),★★★★★,Bayonet,-,-,8.2828,-,-,-,-,12.2057%,10.8105%,-,-,-,-,-,-,-,1,0,,0,Locked
27125765,185,Sp. Eq (Exclusive),★★★★★,Spectacles,-,-,3.6248,1.9882,-,-,-,19.1445%,-,-,-,-,-,-,-,-,1,0,,0,Locked
27125767,188,Sp. Eq (Exclusive),★★★★★,Meteorite,-,-,4.0204,2.7138,-,-,-,21.4342%,-,-,-,-,-,-,-,-,1,0,,0,Locked
27125770,189,Sp. Eq (Exclusive),★★★★★,Wristwatch,-,-,3.986,1.932,-,-,-,20.6537%,-,-,-,-,-,-,-,-,1,0,,0,Locked
27214270,20,AP (Ammo),★★★★★,Mk211 High-Explosive Armor-Piercing Ammo,-,-,-,-,-,-,-,-,-,180,-,-,-,-,-,-,10000,10,MAX,7,Locked
27282798,110,HV (Ammo),★★★★★,16Lab High-Velocity Ammo,-,-,20.0000,-,-,-,-,-,-,-,-,-,-,-,-,-,10000,10,MAX,0,Locked
27282801,95,HP (Ammo),★★★★★,16Lab Hollow-Point,-,-,15.0000,-,-,-,-,-,-,-7.0000,-,-,-,-,-,-,10000,10,MAX,0,Locked
27344283,16,PEQ (Acc),★★★★★,PEQ-16A,-,-,-,-,-,-,-,-,-,-,-,-,-,-,93.3472%,-,1,0,,0,
27363338,12,Red Dot (Acc),★★★★★,ITI MARS,-,-,-,30,-,-,-1,-,-,-,-,-,-,-,-,-,10000,10,MAX,6,Locked
27462610,4,Optical (Acc),★★★★★,VFL 6-24X56,-,-,-,-,-,-,-,48%,-,-,-,-,-,-,-,-,10000,10,MAX,6,Locked
27486344,4,Optical (Acc),★★★★★,VFL 6-24X56,-,-,-,-,-,-,-,48%,-,-,-,-,-,-,-,-,10000,10,MAX,4,Locked
27523281,4,Optical (Acc),★★★★★,VFL 6-24X56,-,-,-,-,-,-,-,48%,-,-,-,-,-,-,-,-,10000,10,MAX,6,Locked
27529952,72,HP (Ammo),★★★★★,ILM Hollow-Point Ammo,-,-,15,-,-,-,-,-,-,-7,-,-,-,-,-,-,10000,10,MAX,10,Locked
27712878,4,Optical (Acc),★★★★★,VFL 6-24X56,-,-,-,-,-,-,-,48%,-,-,-,-,-,-,-,-,10000,10,MAX,6,Locked
27825577,44,Plate (Body),★★★★★,Type 3 Armor Plate,-,-,-,-,-2,-,-,-,-,-,11,-,-,-,-,-,10000,10,MAX,6,Locked
27938806,179,Sp. Eq (Exclusive),★★★★★,WML & Tactical Handguard,73757199,M950A Mod,-,-,20,-,-,20%,-,-,-,-,-,-,-,-,30000,10,MAX,16,
28121748,40,T Exo (Body),★★★★★,IOP T4 Exoskeleton,-,-,-6,-,35,-,-,-,-,-,-,-,-,-,-,-,10000,10,MAX,6,Locked
28238405,160,Sp. Eq (Exclusive),★★★★★,No32 MKI,53622277,Lee Enfield,-,-,-,-,4.0000,48.0000%,-,-,-,-,-,-,-,-,30000,10,MAX,0,
28291915,168,Sp. Eq (Exclusive),★★★★★,Folding Stock,53627227,100 Shiki,-,-,13.0308,-,-,15.1940%,-,-,-,-,-,-,-,-,1801,2,,0,Locked
28372319,40,T Exo (Body),★★★★★,IOP T4 Exoskeleton,-,-,-6,-,35,-,-,-,-,-,-,-,-,-,-,-,10000,10,MAX,6,Locked
28458686,4,Optical (Acc),★★★★★,VFL 6-24X56,-,-,-,-,-,-,-,47.230%,-,-,-,-,-,-,-,-,10000,10,,0,Locked
28458818,4,Optical (Acc),★★★★★,VFL 6-24X56,-,-,-,-,-,-,-,48%,-,-,-,-,-,-,-,-,10000,10,MAX,2,Locked
28512605,66,Supp (Silencer),★★★★★,AC4 Suppressor,-,-,-,-,10,-,-,20%,-,-,-,-,-,-,-,-,10000,10,MAX,6,Locked
28599517,90,Cape (Body),★★★★★,Thermoptic Camouflage Cape,-,-,-,-,-,-3.0000,-,-,25%,-,-,-,-,-,-,-,10000,10,MAX,4,Locked
28760637,135,Sp. Eq (Exclusive),★★★★★,SP6 Subsonic Ammo,82178725,AS Val Mod,24,-,-,-,-,-,-,-,-,-,-,-,-,-,30000,10,MAX,5,
28968040,201,Sp. Eq (Exclusive),★★★★★,Go-Bag "V",146608587,Agent Vector,-6.0000,-,35.000,-,-,-,-,-,-,-,-,-,-,-,10000,10,MAX,0,Locked
28992302,204,Sp. Eq (Exclusive),★★★★★,416's Go-Bag,148690046,Agent 416,-,-,20.0000,-,-,-,-,-,-,-,-,-,-,-,10000,10,MAX,0,
29028123,200,Sp. Eq (Exclusive),★★★★★,.45 Hollow Point Ammo (Incendiary),146608587,Agent Vector,15.0000,-,-,-,-,-,-,-7.0000,-,-,-,-,-,-,10000,10,MAX,0,Locked
29028125,203,Sp. Eq (Exclusive),★★★★★,556 High-Velocity Ammo (Explosive),148690046,Agent 416,20.0000,-,-,-,-,-,-,-,-,-,-,-,-,-,10000,10,MAX,0,
29086382,72,HP (Ammo),★★★★★,ILM Hollow-Point Ammo,-,-,15,-,-,-,-,-,-,-7,-,-,-,-,-,-,10000,10,MAX,12,Locked
29091650,72,HP (Ammo),★★★★★,ILM Hollow-Point Ammo,-,-,15,-,-,-,-,-,-,-7,-,-,-,-,-,-,10000,10,MAX,6,Locked
29200050,20,AP (Ammo),★★★★★,Mk211 High-Explosive Armor-Piercing Ammo,-,-,-,-,-,-,-,-,-,180,-,-,-,-,-,-,10000,10,MAX,4,Locked
29321734,40,T Exo (Body),★★★★★,IOP T4 Exoskeleton,-,-,-6,-,35,-,-,-,-,-,-,-,-,-,-,-,10000,10,MAX,7,Locked
29326515,66,Supp (Silencer),★★★★★,AC4 Suppressor,-,-,-,-,10,-,-,20%,-,-,-,-,-,-,-,-,10000,10,MAX,6,Locked
29404803,4,Optical (Acc),★★★★★,VFL 6-24X56,-,-,-,-,-,-,-,48%,-,-,-,-,-,-,-,-,10000,10,MAX,5,Locked
29436998,199,Sp. Eq (Exclusive),★★★★★,Osprey 45 Silencer,146608587,Agent Vector,-,-,10.0000,-,-,20.0000%,-,-,-,-,-,-,-,-,10000,10,MAX,0,Locked
29439628,202,Sp. Eq (Exclusive),★★★★★,ACOG (4X),148690046,Agent 416,-,-,-,-,-,48.0000%,-,-,-,-,-,-,-,-,10000,10,MAX,0,
29451799,58,X Exo (Body),★★★★★,IOP X4 Exoskeleton,-,-,-,-,20,-,-,-,-,-,-,-,-,-,-,-,10000,10,MAX,4,Locked
29640758,72,HP (Ammo),★★★★★,ILM Hollow-Point Ammo,-,-,15,-,-,-,-,-,-,-7,-,-,-,-,-,-,10000,10,MAX,6,Locked
29686134,66,Supp (Silencer),★★★★★,AC4 Suppressor,194528239,Rhino,-,-,10,-,-,20%,-,-,-,-,-,-,-,-,10000,10,MAX,6,Locked
29693315,122,Sp. Eq (Exclusive),★★★★★,SAA Long Barrel,51033973,SAA Mod,3,-,10,-,-,20%,-,-,-,-,-,-,-,-,30000,10,MAX,8,
29773021,58,X Exo (Body),★★★★★,IOP X4 Exoskeleton,-,-,-,-,20,-,-,-,-,-,-,-,-,-,-,-,10000,10,MAX,6,Locked
29980039,90,Cape (Body),★★★★★,Thermoptic Camouflage Cape,-,-,-,-,-,-3.0000,-,-,25%,-,-,-,-,-,-,-,10000,10,MAX,3,Locked
30092406,76,Buck (Shell),★★★★★,#000 Buckshot,-,-,15,-,-,-,-,-,22%,-,-,-,-,-,-,-,10000,10,MAX,6,Locked
30107437,159,Sp. Eq (Exclusive),★★★★★,Tactical Headwear,63853505,416 Mod,25,-,20,-,-,-,10%,-,-,-,-,-,-,-,30000,10,MAX,6,
30146149,44,Plate (Body),★★★★★,Type 3 Armor Plate,179103759,Nova,-,-,-2,-,-,-,-,-,11,-,-,-,-,-,10000,10,MAX,5,Locked
30251730,44,Plate (Body),★★★★★,Type 3 Armor Plate,-,-,-,-,-2,-,-,-,-,-,11,-,-,-,-,-,10000,10,MAX,6,Locked
30253488,72,HP (Ammo),★★★★★,ILM Hollow-Point Ammo,125281362,P22,15,-,-,-,-,-,-,-7,-,-,-,-,-,-,10000,10,MAX,16,Locked
30344804,165,Sp. Eq (Exclusive),★★★★★,Tactical Earphones,-,-,5.0000,-,10.4876,-,5.0000,-,-,-,-,-,-,-,-,-,0,0,,0,Locked
30383677,133,Sp. Eq (Exclusive),★★★★★,Stechkin Buttstock,51212148,Stechkin Mod,-,4,10,-,-,20%,-,-,-,-,-,-,-,-,30000,10,MAX,16,
30402109,16,PEQ (Acc),★★★★★,PEQ-16A,-,-,-,-,-,-,-,-,-,-,-,-,-,-,96.4315%,-,0,0,,0,
30490471,32,HV (Ammo),★★★★★,APCR High-Velocity Ammo,-,-,14.064,-,-,-,-,-,-,-,-,-,-,-,-,-,10000,10,,0,Locked
30599913,72,HP (Ammo),★★★★★,ILM Hollow-Point Ammo,57790399,RO635 Mod,15,-,-,-,-,-,-,-7,-,-,-,-,-,-,10000,10,MAX,10,Locked
30734730,40,T Exo (Body),★★★★★,IOP T4 Exoskeleton,-,-,-6,-,35,-,-,-,-,-,-,-,-,-,-,-,10000,10,MAX,6,Locked
30759062,4,Optical (Acc),★★★★★,VFL 6-24X56,-,-,-,-,-,-,-,48%,-,-,-,-,-,-,-,-,10000,10,MAX,2,Locked
30889526,158,Sp. Eq (Exclusive),★★★★★,Acceleration Coil,97948507,Type88 Mod,5,-,-,-,-,50%,-,-,-,-,-,-,-,-,30000,10,MAX,19,
30889528,178,Sp. Eq (Exclusive),★★★★★,12.7mm 1SL,123373840,KSVK Mod,10,-,-,-,-,-,-,180,-,-,-,-,-,-,30000,10,MAX,24,
31000323,72,HP (Ammo),★★★★★,ILM Hollow-Point Ammo,194528239,Rhino,15,-,-,-,-,-,-,-7,-,-,-,-,-,-,10000,10,MAX,16,Locked
31004212,72,HP (Ammo),★★★★★,ILM Hollow-Point Ammo,-,-,15,-,-,-,-,-,-,-7,-,-,-,-,-,-,10000,10,MAX,16,Locked
31043741,174,Sp. Eq (Exclusive),★★★★★,FRAG-12 High Explosive Rounds,68592580,AA-12,15.0000,20.0000,-,-,-,-,-,-,-,-,-,-,-,-,30000,10,MAX,0,
31245596,16,PEQ (Acc),★★★★★,PEQ-16A,-,-,-,-,-,-,-,-,-,-,-,-,-,-,95.1013%,-,1,0,,0,
31337982,72,HP (Ammo),★★★★★,ILM Hollow-Point Ammo,51067666,Vector,15,-,-,-,-,-,-,-7,-,-,-,-,-,-,10000,10,MAX,7,Locked
31579451,32,HV (Ammo),★★★★★,APCR High-Velocity Ammo,-,-,20,-,-,-,-,-,-,-,-,-,-,-,-,-,10000,10,MAX,5,Locked
31590579,8,EOT (Holographic),★★★★★,EOT 518,-,-,8,14,-,-,-4,-,-,-,-,-,-,-,-,-,10000,10,MAX,16,Locked
31598413,4,Optical (Acc),★★★★★,VFL 6-24X56,68750799,Gr G11 Mod,-,-,-,-,-,48%,-,-,-,-,-,-,-,-,10000,10,MAX,5,Locked
31610297,68,MG Box (Body),★★★★★,IOP Maximum Ammo Box,-,-,-,-,-2,-,-,-,-,-,-,-,-,-,-,5,10000,10,MAX,6,Locked
31619030,4,Optical (Acc),★★★★★,VFL 6-24X56,-,-,-,-,-,-,-,48%,-,-,-,-,-,-,-,-,10000,10,MAX,6,Locked
31628047,58,X Exo (Body),★★★★★,IOP X4 Exoskeleton,-,-,-,-,20,-,-,-,-,-,-,-,-,-,-,-,10000,10,MAX,2,Locked
31732238,66,Supp (Silencer),★★★★★,AC4 Suppressor,-,-,-,-,10,-,-,20%,-,-,-,-,-,-,-,-,10000,10,MAX,16,Locked
31762311,182,Sp. Eq (Exclusive),★★★★★,S&B762,-,-,12.105,-,-,-,-4.0000,-,-,-,-,-,-,-,-,-,1,0,,0,Locked
31825561,66,Supp (Silencer),★★★★★,AC4 Suppressor,-,-,-,-,10,-,-,18.6668%,-,-,-,-,-,-,-,-,10000,10,,3,Locked
31827806,12,Red Dot (Acc),★★★★★,ITI MARS,-,-,-,30,-,-,-1,-,-,-,-,-,-,-,-,-,10000,10,MAX,16,Locked
31849480,134,Sp. Eq (Exclusive),★★★★★,MPL M21,85994128,Micro Uzi Mod,10,36,-,-,-1,-,-,-,-,-,-,-,-,-,30000,10,MAX,16,
31865263,44,Plate (Body),★★★★★,Type 3 Armor Plate,-,-,-,-,-2,-,-,-,-,-,11,-,-,-,-,-,10000,10,MAX,6,Locked
31908142,40,T Exo (Body),★★★★★,IOP T4 Exoskeleton,-,-,-6,-,35,-,-,-,-,-,-,-,-,-,-,-,10000,10,MAX,16,Locked
32035626,40,T Exo (Body),★★★★★,IOP T4 Exoskeleton,-,-,-6,-,35,-,-,-,-,-,-,-,-,-,-,-,10000,10,MAX,16,Locked
32074618,117,Sp. Eq (Exclusive),★★★★★,Glorylight,112874074,El Clear,-,-,-,-,-,-,-,-,-,-,-,-,100.0000%,-,1,0,MAX,0,
32120382,90,Cape (Body),★★★★★,Thermoptic Camouflage Cape,-,-,-,-,-,-3.000,-,-,25%,-,-,-,-,-,-,-,10000,10,MAX,1,Locked
32121132,118,Sp. Eq (Exclusive),★★★★★,Black Cat,113002598,El Fail,-,-,-,-,-,-,-,-,-,-,-,-,100.0000%,-,1,0,MAX,0,
32126042,58,X Exo (Body),★★★★★,IOP X4 Exoskeleton,-,-,-,-,20,-,-,-,-,-,-,-,-,-,-,-,10000,10,MAX,1,Locked
32159537,40,T Exo (Body),★★★★★,IOP T4 Exoskeleton,125281362,P22,-6,-,35,-,-,-,-,-,-,-,-,-,-,-,10000,10,MAX,6,Locked
32175636,40,T Exo (Body),★★★★★,IOP T4 Exoskeleton,194528239,Rhino,-6,-,35,-,-,-,-,-,-,-,-,-,-,-,10000,10,MAX,6,Locked
32220779,40,T Exo (Body),★★★★★,IOP T4 Exoskeleton,-,-,-6,-,35,-,-,-,-,-,-,-,-,-,-,-,10000,10,MAX,6,Locked
32333471,170,Sp. Eq (Exclusive),★★★★★,20mm HEI,53629660,NTW-20 Mod,10,-,-,-,-,-,-,180,-,-,-,-,-,-,30000,10,MAX,11,
32405519,32,HV (Ammo),★★★★★,APCR High-Velocity Ammo,-,-,20,-,-,-,-,-,-,-,-,-,-,-,-,-,10000,10,MAX,3,Locked
32417283,16,PEQ (Acc),★★★★★,PEQ-16A,-,-,-,-,-,-,-,-,-,-,-,-,-,-,93.3562%,-,0,0,,0,
32430664,32,HV (Ammo),★★★★★,APCR High-Velocity Ammo,-,-,20,-,-,-,-,-,-,-,-,-,-,-,-,-,10000,10,MAX,5,Locked
32436780,66,Supp (Silencer),★★★★★,AC4 Suppressor,-,-,-,-,10,-,-,20%,-,-,-,-,-,-,-,-,10000,10,MAX,6,Locked
32443907,66,Supp (Silencer),★★★★★,AC4 Suppressor,125281362,P22,-,-,10,-,-,20%,-,-,-,-,-,-,-,-,10000,10,MAX,6,Locked
32511733,8,EOT (Holographic),★★★★★,EOT 518,-,-,8,14,-,-,-4,-,-,-,-,-,-,-,-,-,10000,10,MAX,16,Locked
32540613,32,HV (Ammo),★★★★★,APCR High-Velocity Ammo,-,-,20,-,-,-,-,-,-,-,-,-,-,-,-,-,10000,10,MAX,8,Locked
32661416,76,Buck (Shell),★★★★★,#000 Buckshot,-,-,7.7863,-,-,-,-,-,13.2330%,-,-,-,-,-,-,-,0,0,,0,Locked
32853274,68,MG Box (Body),★★★★★,IOP Maximum Ammo Box,-,-,-,-,-2,-,-,-,-,-,-,-,-,-,-,5,10000,10,MAX,6,Locked
32953563,95,HP (Ammo),★★★★★,16Lab Hollow-Point,85994128,Micro Uzi Mod,15.0000,-,-,-,-,-,-,-7.0000,-,-,-,-,-,-,10000,10,MAX,0,Locked
32953565,110,HV (Ammo),★★★★★,16Lab High-Velocity Ammo,-,-,20.0000,-,-,-,-,-,-,-,-,-,-,-,-,-,10000,10,MAX,0,Locked
33048056,8,EOT (Holographic),★★★★★,EOT 518,-,-,8,14,-,-,-4,-,-,-,-,-,-,-,-,-,10000,10,MAX,16,Locked
33093829,198,Sp. Eq (Exclusive),★★★★★,Wooden Grips,-,-,-,-,7.645,-,-,19.2020%,-,-,-,-,-,-,-,-,1,0,,0,Locked
33185535,221,Sp. Eq (Exclusive),★★★★★,Magnetic Accelerated Rounds,97948507,Type88 Mod,5,-,-,-,-,-,-,180,-,-,-,-,-,-,30000,10,MAX,6,
33209118,4,Optical (Acc),★★★★★,VFL 6-24X56,-,-,-,-,-,-,-,48%,-,-,-,-,-,-,-,-,10000,10,MAX,7,Locked
33209818,4,Optical (Acc),★★★★★,VFL 6-24X56,-,-,-,-,-,-,-,48%,-,-,-,-,-,-,-,-,10000,10,MAX,4,Locked
33222418,4,Optical (Acc),★★★★★,VFL 6-24X56,-,-,-,-,-,-,-,48%,-,-,-,-,-,-,-,-,10000,10,MAX,11,Locked
33293399,177,Sp. Eq (Exclusive),★★★★★,MGP Upgrade Kit,110854519,M500 Mod,-,30,-,-,-1,-,24%,-,-,-,-,-,-,-,30000,10,MAX,16,
33351023,130,Sp. Eq (Exclusive),★★★★★,Gr G36 Hybrid Sight,68091413,Gr G36 Mod,-,8,-,-,-,48%,-,-,-,-,-,-,-,-,30000,10,MAX,6,
33351054,112,Sp. Eq (Exclusive),★★★★★,CT 4X20,110853340,M1918 Mod,-,30,-,-,-1,30.000%,-,-,-,-,-,-,-,-,30000,10,MAX,26,
33351055,131,Sp. Eq (Exclusive),★★★★★,MGO 6X48,50275808,LWMMG Mod,2.0000,34,-,-,-,30%,-,-,-,-,-,-,-,-,30000,10,MAX,8,
33414706,44,Plate (Body),★★★★★,Type 3 Armor Plate,-,-,-,-,-2,-,-,-,-,-,11,-,-,-,-,-,10000,10,MAX,3,Locked
33511889,254,Sp. Eq (Exclusive),★★★★★,Donut of Sweet Dreams,168573885,Pekola,-,-,-,-3.0000,-,-,45%,-,-,-,-,-,-,-,30000,10,MAX,5,Locked
33558732,16,PEQ (Acc),★★★★★,PEQ-16A,-,-,-,-,-,-,-,-,-,-,-,-,-,-,96.7969%,-,0,0,,0,
33580716,253,Sp. Eq (Exclusive),★★★★★,Miraculous Curry Ladle,-,-,3.7092,-,23.270,-,-,-,-,-,-,-,-,-,-,-,1,0,,0,Locked
33613939,252,Sp. Eq (Exclusive),★★★★★,Grimoire Vol. II,-,-,6,3.0,-,-,-,44.0010%,-,-,-,-,-,-,-,-,30000,10,,5,Locked
33613940,255,Sp. Eq (Exclusive),★★★★★,Paper Bag Helmet,168806785,Medusa,18,-,-,-,25,-,-50.0000%,-,-,-,-,-,-,-,30000,10,MAX,6,Locked
33617146,171,Sp. Eq (Exclusive),★★★★★,Tactical Thunderbolt Ahoge,51212148,Stechkin Mod,-,-,20,-,-,20%,-,-,-,-,-,-,-,-,30000,10,MAX,6,
33623200,16,PEQ (Acc),★★★★★,PEQ-16A,-,-,-,-,-,-,-,-,-,-,-,-,-,-,95.0464%,-,0,0,,0,
33628551,251,Sp. Eq (Exclusive),★★★★★,Demonic Bell,169163946,Minos,-,36,5,-,-,-,-,-,-,-,-,-,-,-,30000,10,MAX,16,Locked
33704644,106,Sp. Eq (Exclusive),★★★★★,EOT XPS3,63853505,416 Mod,8,14,-,-,-,25%,-,-,-,-,-,-,-,-,30000,10,MAX,6,
33726986,234,Processor Chip (Body),★★★★★,#2 Processor,-,-,15,-,-,-,25,-,-50.0000%,-,-,-,-,-,-,-,10000,10,MAX,6,Locked
33753917,234,Processor Chip (Body),★★★★★,#2 Processor,-,-,12,-,-,-,25,-,-50.0000%,-,-,-,-,-,-,-,10000,10,,7,Locked
33803752,211,Sp. Eq (Exclusive),★★★★★,Arisaka AP Rounds,107554749,4 Shiki,10,-,-,-,-,-,-,180,-,-,-,-,-,-,30000,10,MAX,16,Locked
33803772,8,EOT (Holographic),★★★★★,EOT 518,51067666,Vector,8,14,-,-,-4,-,-,-,-,-,-,-,-,-,10000,10,MAX,13,Locked
33811576,234,Processor Chip (Body),★★★★★,#2 Processor,-,-,15,-,-,-,25,-,-50.0000%,-,-,-,-,-,-,-,10000,10,MAX,8,Locked
33926765,234,Processor Chip (Body),★★★★★,#2 Processor,-,-,15,-,-,-,25,-,-50.0000%,-,-,-,-,-,-,-,10000,10,MAX,6,Locked
33988674,227,SNIP (Ammo),★★★★★,M1022 Sniper Rounds,-,-,10,-,-,-,-,-,-,120,-,-,-,-,-,-,10000,10,MAX,16,Locked
33997593,113,Sp. Eq (Exclusive),★★★★★,M1895 Suppressor,132967494,M1895 Mod,-,4,14,-,-,20%,-,-,-,-,-,-,-,-,30000,10,MAX,16,
34036046,227,SNIP (Ammo),★★★★★,M1022 Sniper Rounds,-,-,10,-,-,-,-,-,-,120,-,-,-,-,-,-,10000,10,MAX,16,Locked
34066294,229,SLAP (Ammo),★★★★★,Mk1000 SLAP,-,-,-,-,-,-,-5.00,-,-,500,-,-,-,-,-,-,10000,10,MAX,16,Locked
34066344,224,RMR (Acc),★★★★★,RMR T4 Red Dot Sight,-,-,-,20,-,-,-,30%,-,-,-,-,-,-,-,-,10000,10,MAX,16,Locked
34066600,234,Processor Chip (Body),★★★★★,#2 Processor,-,-,15,-,-,-,25,-,-50.0000%,-,-,-,-,-,-,-,10000,10,MAX,6,Locked
34066878,66,Supp (Silencer),★★★★★,AC4 Suppressor,57790399,RO635 Mod,-,-,10,-,-,20%,-,-,-,-,-,-,-,-,10000,10,MAX,6,
34066914,225,Flare (Ammo),★★★★★,Signal Flare,-,-,-,-,-,-,-3.0544,-,-,-,-,-,-,-,-,-,0,0,,0,Locked
34066930,225,Flare (Ammo),★★★★★,Signal Flare,-,-,-,-,-,-,-4.5488,-,-,-,-,-,-,-,-,-,0,0,,0,Locked
34067100,8,EOT (Holographic),★★★★★,EOT 518,-,-,6.3305,9.1076,-,-,-5.0456,-,-,-,-,-,-,-,-,-,10000,10,,0,Locked
34067110,229,SLAP (Ammo),★★★★★,Mk1000 SLAP,-,-,-,-,-,-,-5.0000,-,-,500,-,-,-,-,-,-,10000,10,MAX,15,Locked
34085424,32,HV (Ammo),★★★★★,APCR High-Velocity Ammo,-,-,20,-,-,-,-,-,-,-,-,-,-,-,-,-,10000,10,MAX,3,Locked
34085713,229,SLAP (Ammo),★★★★★,Mk1000 SLAP,-,-,-,-,-,-,-5.0000,-,-,500,-,-,-,-,-,-,10000,10,MAX,9,Locked
34135215,4,Optical (Acc),★★★★★,VFL 6-24X56,56654798,Gd DSR-50,-,-,-,-,-,48%,-,-,-,-,-,-,-,-,10000,10,MAX,2,Locked
34143428,4,Optical (Acc),★★★★★,VFL 6-24X56,50522996,M4A1 Mod,-,-,-,-,-,48%,-,-,-,-,-,-,-,-,10000,10,MAX,1,Locked
34150939,266,Sp. Eq (Exclusive),★★★★★,ImpulsIIA/C,93856345,Px4 Storm,-,-,25,-,-,20%,-,-,-,-,-,-,-,-,30000,10,MAX,6,
34295287,216,Sp. Eq (Exclusive),★★★★★,20-gauge Custom Slug Rounds,173545015,Defender,15,-,-,-,-,30%,-,-,-,-,-,-,-,-,30000,10,MAX,6,
34297057,235,Flash (Shell),★★★★★,Shotgun Flash Shells,-,-,-,9.0864,-,-,-,-,-,-,-,-,-,-,-,-,0,0,,0,Locked
34343597,16,PEQ (Acc),★★★★★,PEQ-16A,-,-,-,-,-,-,-,-,-,-,-,-,-,-,94.2652%,-,1,0,,0,
34349199,259,Sp. Eq (Exclusive),★★★★★,Old Camouflage Uniform,173351103,Mondragon M1908,-,-,-,-,-,-,45%,-,-,-,-,-,-,-,30000,10,MAX,11,Locked
34470072,12,Red Dot (Acc),★★★★★,ITI MARS,-,-,-,30,-,-,-1,-,-,-,-,-,-,-,-,-,10000,10,MAX,5,Locked
34597907,234,Processor Chip (Body),★★★★★,#2 Processor,-,-,15,-,-,-,25,-,-50.000%,-,-,-,-,-,-,-,10000,10,MAX,6,Locked
34613878,12,Red Dot (Acc),★★★★★,ITI MARS,-,-,-,30,-,-,-1,-,-,-,-,-,-,-,-,-,10000,10,MAX,16,Locked
34620797,8,EOT (Holographic),★★★★★,EOT 518,-,-,6.4439,10.544,-,-,-5.2786,-,-,-,-,-,-,-,-,-,10000,10,,0,Locked
34634820,234,Processor Chip (Body),★★★★★,#2 Processor,-,-,15,-,-,-,25,-,-50.0000%,-,-,-,-,-,-,-,10000,10,MAX,16,Locked
34667804,190,Sp. Eq (Exclusive),★★★★★,G-box,68750799,Gr G11 Mod,20.0000,10,-,-,-,-,25.0000%,-,-,-,-,-,-,-,30000,10,MAX,2,
34677883,234,Processor Chip (Body),★★★★★,#2 Processor,-,-,15,-,-,-,25,-,-50.0000%,-,-,-,-,-,-,-,10000,10,MAX,16,Locked
34727510,236,Sp. Eq (Exclusive),★★★★★,Thompson's Exoskeleton,51487208,Thompson,-8.0000,-,24.085,-,-,-,-,-,-,-,-,-,-,-,1,0,,0,Locked
34746847,265,Sp. Eq (Exclusive),★★★★★,Synthetic Pistol Grip,-,-,3.0198,11.836,-,-,-,-,-,-,-,-,-,-,-,-,1,0,,0,Locked
34773301,176,Sp. Eq (Exclusive),★★★★★,7N31,134952042,GSh-18 Mod,15,-,-,-,3,-,-,35,-,-,-,-,-,-,30000,10,MAX,16,
34778493,234,Processor Chip (Body),★★★★★,#2 Processor,-,-,15,-,-,-,25,-,-50.0000%,-,-,-,-,-,-,-,10000,10,MAX,6,Locked
34827609,234,Processor Chip (Body),★★★★★,#2 Processor,-,-,15,-,-,-,25,-,-50.0000%,-,-,-,-,-,-,-,10000,10,MAX,16,Locked
34840931,234,Processor Chip (Body),★★★★★,#2 Processor,-,-,15,-,-,-,25,-,-50.000%,-,-,-,-,-,-,-,10000,10,MAX,6,Locked
34844105,197,Sp. Eq (Exclusive),★★★★★,Mk31 Multi-functional Exoskeleton,53626623,Suomi,-6.0000,-,47.0000,-,-,-,-,-,-,-,-,-,-,-,30000,10,MAX,0,
34892304,175,Sp. Eq (Exclusive),★★★★★,BPR4 & SRM6,-,-,2.1543,-,6.7054,-,-,17.6286%,-,-,-,-,-,-,-,-,1,0,,0,Locked
34921066,16,PEQ (Acc),★★★★★,PEQ-16A,-,-,-,-,-,-,-,-,-,-,-,-,-,-,93.8206%,-,1,0,,0,
35015808,229,SLAP (Ammo),★★★★★,Mk1000 SLAP,-,-,-,-,-,-,-5.0000,-,-,500,-,-,-,-,-,-,10000,10,MAX,9,Locked
35041383,229,SLAP (Ammo),★★★★★,Mk1000 SLAP,-,-,-,-,-,-,-5.0000,-,-,500,-,-,-,-,-,-,10000,10,MAX,8,Locked
35096759,237,Sp. Eq (Exclusive),★★★★★,MkV Mobility Skeleton,50946631,Grizzly,-,-,30,3.0000,-,-,-,-,-,-,-,-,-,-,30000,10,MAX,8,Locked
35101845,235,Flash (Shell),★★★★★,Shotgun Flash Shells,-,-,-,9.0728,-,-,-,-,-,-,-,-,-,-,-,-,1,0,,0,Locked
35199553,224,RMR (Acc),★★★★★,RMR T4 Red Dot Sight,-,-,-,20,-,-,-,30%,-,-,-,-,-,-,-,-,10000,10,MAX,6,Locked
35301188,234,Processor Chip (Body),★★★★★,#2 Processor,-,-,14.304,-,-,-,21.5314,-,-50.0000%,-,-,-,-,-,-,-,10000,10,,0,Locked
35351990,234,Processor Chip (Body),★★★★★,#2 Processor,-,-,15,-,-,-,25,-,-50.0000%,-,-,-,-,-,-,-,10000,10,MAX,16,Locked
35358758,234,Processor Chip (Body),★★★★★,#2 Processor,85994128,Micro Uzi Mod,15,-,-,-,25,-,-50.0000%,-,-,-,-,-,-,-,10000,10,MAX,13,Locked
35439315,264,Sp. Eq (Exclusive),★★★★★,PK Exclusive Tripod,-,-,3.7826,3.8170,-,-,-,22.2690%,-,-,-,-,-,-,-,-,1,0,,0,Locked
35464868,234,Processor Chip (Body),★★★★★,#2 Processor,-,-,15,-,-,-,25,-,-50.0000%,-,-,-,-,-,-,-,10000,10,MAX,16,Locked
35589433,234,Processor Chip (Body),★★★★★,#2 Processor,51067666,Vector,15,-,-,-,25,-,-50.000%,-,-,-,-,-,-,-,10000,10,MAX,6,Locked
35606615,242,Sp. Eq (Exclusive),★★★★★,7N14,-,-,1.3176,-,-,-,-,-,-,113.4780,-,-,-,-,-,-,1,0,,0,Locked
35611419,234,Processor Chip (Body),★★★★★,#2 Processor,-,-,15,-,-,-,25,-,-50.0000%,-,-,-,-,-,-,-,10000,10,MAX,1,Locked
35714402,234,Processor Chip (Body),★★★★★,#2 Processor,-,-,13.0335,-,-,-,20.7814,-,-50.0000%,-,-,-,-,-,-,-,10000,10,,0,Locked
35777814,234,Processor Chip (Body),★★★★★,#2 Processor,-,-,12.8199,-,-,-,21.4468,-,-50.0000%,-,-,-,-,-,-,-,10000,10,,0,Locked
35807518,146,Sp. Eq (Exclusive),★★★★★,MIRD Class-5 Rounds,-,-,13.3812,-,-,-,-,-,-,-7.5262,-,-,-,-,-,-,1,0,,0,Locked
35807522,148,Sp. Eq (Exclusive),★★★★★,Prosthetic Eye,-,-,-,-,-,-3.000,1.0466,-,17.0270%,-,-,-,-,-,-,-,1,0,,0,Locked
35851083,145,Sp. Eq (Exclusive),★★★★★,Prosthetic Arm,-,-,3.7196,-,-2.919,-,-,-,-,-,6.8934,-,-,-,-,-,1,0,,0,Locked
35883479,234,Processor Chip (Body),★★★★★,#2 Processor,-,-,13.5,-,-,-,25,-,-50.0000%,-,-,-,-,-,-,-,10000,10,,5,Locked
35886480,147,Sp. Eq (Exclusive),★★★★★,White Knight's Armor,-,-,-,-,15.4240,-,-,-,-,-,-,-,-,-,-,-,1,0,,0,Locked
35886481,149,Sp. Eq (Exclusive),★★★★★,Cybernetic Hands,-,-,3.5706,-,-2.818,-,-,-,-,-,-,-,-,-,-,3.329,1,0,,0,Locked
35950543,76,Buck (Shell),★★★★★,#000 Buckshot,-,-,13.6020,-,-,-,-,-,17.961%,-,-,-,-,-,-,-,10000,10,,0,Locked
36009753,68,MG Box (Body),★★★★★,IOP Maximum Ammo Box,-,-,-,-,-2.4235,-,-,-,-,-,-,-,-,-,-,3.7314,10000,10,,0,Locked
36014902,90,Cape (Body),★★★★★,Thermoptic Camouflage Cape,56654798,Gd DSR-50,-,-,-,-3.0000,-,-,25%,-,-,-,-,-,-,-,10000,10,MAX,5,Locked
36014949,16,PEQ (Acc),★★★★★,PEQ-16A,-,-,-,-,-,-,-,-,-,-,-,-,-,-,95.0068%,-,0,0,,0,
36014955,16,PEQ (Acc),★★★★★,PEQ-16A,-,-,-,-,-,-,-,-,-,-,-,-,-,-,94.6855%,-,0,0,,0,
36015009,16,PEQ (Acc),★★★★★,PEQ-16A,-,-,-,-,-,-,-,-,-,-,-,-,-,-,95.3596%,-,0,0,,0,
36015026,224,RMR (Acc),★★★★★,RMR T4 Red Dot Sight,-,-,-,10.7842,-,-,-,13.2044%,-,-,-,-,-,-,-,-,0,0,,0,Locked
36015030,224,RMR (Acc),★★★★★,RMR T4 Red Dot Sight,-,-,-,17.7599,-,-,-,27.8792%,-,-,-,-,-,-,-,-,10000,10,,0,Locked
36015072,16,PEQ (Acc),★★★★★,PEQ-16A,-,-,-,-,-,-,-,-,-,-,-,-,-,-,97.6672%,-,0,0,,0,
36015402,16,PEQ (Acc),★★★★★,PEQ-16A,-,-,-,-,-,-,-,-,-,-,-,-,-,-,95.3587%,-,0,0,,0,
36015479,229,SLAP (Ammo),★★★★★,Mk1000 SLAP,-,-,-,-,-,-,-5.0000,-,-,490.0,-,-,-,-,-,-,10000,10,,15,Locked
36015483,229,SLAP (Ammo),★★★★★,Mk1000 SLAP,-,-,-,-,-,-,-5.0000,-,-,500,-,-,-,-,-,-,10000,10,MAX,12,Locked
36015506,227,SNIP (Ammo),★★★★★,M1022 Sniper Rounds,-,-,10,-,-,-,-,-,-,120,-,-,-,-,-,-,10000,10,MAX,16,Locked
36015546,224,RMR (Acc),★★★★★,RMR T4 Red Dot Sight,-,-,-,20,-,-,-,30%,-,-,-,-,-,-,-,-,10000,10,MAX,6,Locked
36015636,32,HV (Ammo),★★★★★,APCR High-Velocity Ammo,50522996,M4A1 Mod,20,-,-,-,-,-,-,-,-,-,-,-,-,-,10000,10,MAX,6,Locked
36015642,16,PEQ (Acc),★★★★★,PEQ-16A,-,-,-,-,-,-,-,-,-,-,-,-,-,-,94.3606%,-,0,0,,0,
36015706,16,PEQ (Acc),★★★★★,PEQ-16A,-,-,-,-,-,-,-,-,-,-,-,-,-,-,98.8192%,-,0,0,,0,
36015728,32,HV (Ammo),★★★★★,APCR High-Velocity Ammo,-,-,20,-,-,-,-,-,-,-,-,-,-,-,-,-,10000,10,MAX,2,Locked
36088771,137,Sp. Eq (Exclusive),★★★★★,Adelhyde,-,-,-,-,15.0000,-,-,-,-,-,-,-,-,-,-,-,1,0,MAX,0,Locked
36088772,138,Sp. Eq (Exclusive),★★★★★,Flanergide,-,-,-,-,15.0000,-,-,-,-,-,-,-,-,-,-,-,1,0,MAX,0,Locked
36088773,139,Sp. Eq (Exclusive),★★★★★,Adelhyde,-,-,-,-,15.0000,-,-,-,-,-,-,-,-,-,-,-,1,0,MAX,0,Locked
36088774,140,Sp. Eq (Exclusive),★★★★★,Bronson Extract,68621407,Jill Stingray,-,-,15.0000,-,-,-,-,-,-,-,-,-,-,-,1,0,MAX,0,Locked
36088775,141,Sp. Eq (Exclusive),★★★★★,Powdered Delta,-,-,-,-,15.0000,-,-,-,-,-,-,-,-,-,-,-,1,0,MAX,0,Locked
36088776,142,Sp. Eq (Exclusive),★★★★★,Karmotrine,-,-,-,-,15.0000,-,-,-,-,-,-,-,-,-,-,-,1,0,MAX,0,Locked
36088777,143,Sp. Eq (Exclusive),★★★★★,Karmotrine,-,-,-,-,15.0000,-,-,-,-,-,-,-,-,-,-,-,1,0,MAX,0,Locked
36088778,144,Sp. Eq (Exclusive),★★★★★,Karmotrine,-,-,-,-,15.0000,-,-,-,-,-,-,-,-,-,-,-,1,0,MAX,0,Locked
36150650,32,HV (Ammo),★★★★★,APCR High-Velocity Ammo,63853505,416 Mod,20,-,-,-,-,-,-,-,-,-,-,-,-,-,10000,10,MAX,7,Locked
36162166,246,Sp. Eq (Exclusive),★★★★★,RBL Grip,-,-,-,-,7.6654,-,-,13.152%,-,-,-,-,-,-,-,-,1,0,,0,Locked
36219322,32,HV (Ammo),★★★★★,APCR High-Velocity Ammo,68750799,Gr G11 Mod,20,-,-,-,-,-,-,-,-,-,-,-,-,-,10000,10,MAX,4,Locked
36311664,224,RMR (Acc),★★★★★,RMR T4 Red Dot Sight,-,-,-,20,-,-,-,30%,-,-,-,-,-,-,-,-,10000,10,MAX,6,Locked
36340830,192,Sp. Eq (Exclusive),★★★★★,Beloved Dangle,57790399,RO635 Mod,-6,-,45,-,-,-,-,-,-,-,-,-,-,-,30000,10,MAX,15,
36411284,182,Sp. Eq (Exclusive),★★★★★,S&B762,-,-,12.9624,-,-,-,-4.0000,-,-,-,-,-,-,-,-,-,1,0,,0,Locked
36411292,235,Flash (Shell),★★★★★,Shotgun Flash Shells,-,-,-,9.8868,-,-,-,-,-,-,-,-,-,-,-,-,0,0,,0,Locked
36459512,101,Sp. Eq (Exclusive),★★★★★,XM261 ACP,119929340,M1911 Mod,17,-,-,-,-,-,-,-7,-,-,-,-,-,-,30000,10,MAX,6,Locked
36481595,250,Sp. Eq (Exclusive),★★★★★,MkQ Light Exoskeleton,92049068,Honey Badger,12.7206,-,30.8896,-,-,-,-,-,-,-,-,-,-,-,30000,10,,0,Locked
36503662,229,SLAP (Ammo),★★★★★,Mk1000 SLAP,-,-,-,-,-,-,-5.0000,-,-,500,-,-,-,-,-,-,10000,10,MAX,19,Locked
36529078,248,Sp. Eq (Exclusive),★★★★★,9A High-Performance Chip,51124261,9A-91,15,-,-,-,25,-,-,-,-,-,-,-,-,-,30000,10,MAX,6,Locked
36566430,111,Sp. Eq (Exclusive),★★★★★,K6-24X56,99180168,Mosin-Nagant Mod,-,2.3845,-,-,-,20.7755%,-,-,-,-,-,-,-,-,1,0,,0,Locked
36574487,49,PEQ (Acc),★★★★★,16Lab Infrared Designator,-,-,-,-,-,-,-,-,-,-,-,-,-,-,100.000%,-,1,0,MAX,0,Locked
36589395,109,Optical (Acc),★★★★★,16Lab 6-24X56,155182431,AK-15 Mod,-,-,-,-,-,48.000%,-,-,-,-,-,-,-,-,10000,10,MAX,0,Locked
36632512,110,HV (Ammo),★★★★★,16Lab High-Velocity Ammo,155182431,AK-15 Mod,20.0000,-,-,-,-,-,-,-,-,-,-,-,-,-,10000,10,MAX,0,Locked
36646051,157,Sp. Eq (Exclusive),★★★★★,LED Weapon Light,50591858,Gr MP5 Mod,10,15,15.0000,-,-,-,-,-,-,-,-,-,-,-,30000,10,MAX,7,
36729881,72,HP (Ammo),★★★★★,ILM Hollow-Point Ammo,-,-,15,-,-,-,-,-,-,-10,-,-,-,-,-,-,10000,10,,1,
36800653,90,Cape (Body),★★★★★,Thermoptic Camouflage Cape,-,-,-,-,-,-3.0000,-,-,18.2464%,-,-,-,-,-,-,-,10000,10,,0,Locked
36851925,235,Flash (Shell),★★★★★,Shotgun Flash Shells,-,-,-,8.0032,-,-,-,-,-,-,-,-,-,-,-,-,0,0,,0,Locked
36876535,224,RMR (Acc),★★★★★,RMR T4 Red Dot Sight,-,-,-,20,-,-,-,30%,-,-,-,-,-,-,-,-,10000,10,MAX,6,Locked
36898823,235,Flash (Shell),★★★★★,Shotgun Flash Shells,-,-,-,9.1168,-,-,-,-,-,-,-,-,-,-,-,-,1,0,,0,Locked
36904005,68,MG Box (Body),★★★★★,IOP Maximum Ammo Box,-,-,-,-,-2.4642,-,-,-,-,-,-,-,-,-,-,3.9314,10000,10,,0,Locked
36943642,247,Sp. Eq (Exclusive),★★★★★,Hydraulic Recoil Mitigation System,-,-,-,-,-,-,-,21.1690%,8.5228%,-,-,-,-,-,-,-,1,0,,0,Locked
36974346,270,Sp. Eq (Exclusive),★★★★★,OMEGA Rail,-,-,1.3682,10.1154,-,-,-,14.2924%,-,-,-,-,-,-,-,-,1,0,,0,Locked
36978600,235,Flash (Shell),★★★★★,Shotgun Flash Shells,-,-,-,8.7500,-,-,-,-,-,-,-,-,-,-,-,-,0,0,,0,Locked
36985455,12,Red Dot (Acc),★★★★★,ITI MARS,-,-,-,28.7768,-,-,-3.5818,-,-,-,-,-,-,-,-,-,10000,10,,0,Locked
37014605,12,Red Dot (Acc),★★★★★,ITI MARS,-,-,-,25.2904,-,-,-3.7666,-,-,-,-,-,-,-,-,-,10000,10,,0,Locked
37041170,4,Optical (Acc),★★★★★,VFL 6-24X56,-,-,-,-,-,-,-,44.0002%,-,-,-,-,-,-,-,-,10000,10,,2,Locked
37139760,206,Sp. Eq (Exclusive),★★★★★,12-gauge Flechette Rounds,125281566,M1897 Mod,8.9316,4.9892,-,-,-,-,-,-,-,-,-,-,-,-,201,0,,0,
37258603,225,Flare (Ammo),★★★★★,Signal Flare,-,-,-,-,-,-,-3.724,-,-,-,-,-,-,-,-,-,0,0,,0,Locked
37273010,235,Flash (Shell),★★★★★,Shotgun Flash Shells,-,-,-,8.4224,-,-,-,-,-,-,-,-,-,-,-,-,0,0,,0,Locked
37311977,72,HP (Ammo),★★★★★,ILM Hollow-Point Ammo,-,-,8.449,-,-,-,-,-,-,-9.2311,-,-,-,-,-,-,0,0,,0,
37387107,276,Sp. Eq (Exclusive),★★★★★,M13 Receiver,-,-,-,-,8.3341,-,-,13.0971%,-,-,-,-,-,-,-,-,1,0,,0,Locked
37408374,217,Sp. Eq (Exclusive),★★★★★,SB 2.5-10x56,53548157,WA2000,5.0000,-,-,-,-,50.0000%,-,-,-,-,-,-,-,-,30000,10,MAX,0,
37529517,4,Optical (Acc),★★★★★,VFL 6-24X56,-,-,-,-,-,-,-,39.5692%,-,-,-,-,-,-,-,-,10000,10,,0,Locked
37590345,213,Sp. Eq (Exclusive),★★★★★,Special Ops Bag,53810199,Welrod MkⅡ Mod,-,-,25,-,-,-,-,-,5,-,-,-,-,-,30000,10,MAX,6,
37590855,288,Sp. Eq (Exclusive),★★★★★,CS Red Dot Sight,143967022,Ak 5,4.2930,17.0125,-,-,-4.0000,-,-,-,-,-,-,-,-,-,1,0,,0,
37604609,167,Sp. Eq (Exclusive),★★★★★,C96 Oak Stock,85599180,C96 Mod,-,-,20,-,-,25%,-,-,-,-,-,-,-,-,30000,10,MAX,6,
37604938,194,Sp. Eq (Exclusive),★★★★★,Tactical Rails,61600702,Serdyukov,-,-,22,-,-,20%,-,-,-,-,-,-,-,-,30000,10,MAX,16,
37604953,193,Sp. Eq (Exclusive),★★★★★,Tactical Riot Shield,62431189,Type97S Mod,-,-,2,-,-,-,-,-,11,-,-,-,-,-,30000,10,MAX,6,
37617274,256,Sp. Eq (Exclusive),★★★★★,MICO,57905865,FF M249SAW,-,-,-,-,-,25%,-,-,-,-,-,-,-,6,30000,10,MAX,6,
37635176,32,HV (Ammo),★★★★★,APCR High-Velocity Ammo,-,-,18.1352,-,-,-,-,-,-,-,-,-,-,-,-,-,10000,10,,0,Locked
37660358,12,Red Dot (Acc),★★★★★,ITI MARS,-,-,-,25.7496,-,-,-2.6107,-,-,-,-,-,-,-,-,-,10000,10,,0,Locked
37674962,162,Sp. Eq (Exclusive),★★★★★,RPD Infantry Webbing,132950356,RPD,6,-,-2,-,-,-,-,-,-,-,-,-,-,5,30000,10,MAX,6,
37674965,220,Sp. Eq (Exclusive),★★★★★,Special Steel Buttstock,87132990,M1919A4,-,32,-,-,-,30.0000%,10%,-,-,-,-,-,-,-,30000,10,MAX,6,
37698452,227,SNIP (Ammo),★★★★★,M1022 Sniper Rounds,56654798,Gd DSR-50,10,-,-,-,-,-,-,120,-,-,-,-,-,-,10000,10,MAX,6,Locked
37736491,72,HP (Ammo),★★★★★,ILM Hollow-Point Ammo,-,-,8.437,-,-,-,-,-,-,-9.5455,-,-,-,-,-,-,1,0,,0,
37770318,283,Sp. Eq (Exclusive),★★★★★,Barrett QDL,-,-,4.8752,-,-,-,-,18.3027%,-,-,-,-,-,-,-,-,1,0,,0,Locked
37798076,156,Sp. Eq (Exclusive),★★★★★,AMP COMPSP,53625530,UMP9 Mod,10,15,15.0000,-,-,-,-,-,-,-,-,-,-,-,30000,10,MAX,6,
37853013,224,RMR (Acc),★★★★★,RMR T4 Red Dot Sight,-,-,-,17.1494,-,-,-,27.2208%,-,-,-,-,-,-,-,-,10000,10,,0,Locked
37859228,76,Buck (Shell),★★★★★,#000 Buckshot,-,-,8.3443,-,-,-,-,-,10.3855%,-,-,-,-,-,-,-,1,0,,0,Locked
37924956,105,Sp. Eq (Exclusive),★★★★★,PM 5-25X56,-,-,-,-,-,-,-,48.0000%,20.0000%,-,-,-,-,-,-,-,30000,10,MAX,0,Locked
37952538,115,Sp. Eq (Exclusive),★★★★★,Digital Camouflage,85517328,SV-98 Mod,2.2635,-,-,-3.0000,-,-,11.4576%,-,-,-,-,-,-,-,1,0,,0,
37961266,235,Flash (Shell),★★★★★,Shotgun Flash Shells,-,-,-,10.8864,-,-,-,-,-,-,-,-,-,-,-,-,0,0,,0,Locked
38082494,282,Sp. Eq (Exclusive),★★★★★,64 Shiki Sniper Scope,-,-,-,-,-,-,-,22.8989%,6.6212%,-,-,-,-,-,-,-,1,0,,0,Locked
38091469,198,Sp. Eq (Exclusive),★★★★★,Wooden Grips,-,-,-,-,8.1796,-,-,17.2796%,-,-,-,-,-,-,-,-,1,0,,0,Locked
38109195,66,Supp (Silencer),★★★★★,AC4 Suppressor,-,-,-,-,8.1448,-,-,16.8428%,-,-,-,-,-,-,-,-,10000,10,,0,Locked
38136277,90,Cape (Body),★★★★★,Thermoptic Camouflage Cape,-,-,-,-,-,-3.0000,-,-,19.9215%,-,-,-,-,-,-,-,10000,10,,0,Locked
38143312,235,Flash (Shell),★★★★★,Shotgun Flash Shells,-,-,-,9.4592,-,-,-,-,-,-,-,-,-,-,-,-,0,0,,0,Locked
38153757,229,SLAP (Ammo),★★★★★,Mk1000 SLAP,-,-,-,-,-,-,-5.0000,-,-,500,-,-,-,-,-,-,10000,10,MAX,5,Locked
38154707,80,Slug (Shell),★★★★★,SABOT Slug,-,-,-,11.936,-,-,-,-,-,-,-,-,-,-,-,-,0,0,,0,Locked
38154711,229,SLAP (Ammo),★★★★★,Mk1000 SLAP,-,-,-,-,-,-,-5.0000,-,-,484.8660,-,-,-,-,-,-,10000,10,,0,Locked
38154782,72,HP (Ammo),★★★★★,ILM Hollow-Point Ammo,-,-,15,-,-,-,-,-,-,-7.9999,-,-,-,-,-,-,10000,10,,9,
38175122,72,HP (Ammo),★★★★★,ILM Hollow-Point Ammo,-,-,7.6243,-,-,-,-,-,-,-8.1142,-,-,-,-,-,-,0,0,,0,
38175364,68,MG Box (Body),★★★★★,IOP Maximum Ammo Box,-,-,-,-,-2.648,-,-,-,-,-,-,-,-,-,-,4.0002,10000,10,,0,Locked
38175374,235,Flash (Shell),★★★★★,Shotgun Flash Shells,-,-,-,9.4888,-,-,-,-,-,-,-,-,-,-,-,-,0,0,,0,Locked
38175375,229,SLAP (Ammo),★★★★★,Mk1000 SLAP,-,-,-,-,-,-,-5.0000,-,-,500,-,-,-,-,-,-,10000,10,MAX,13,Locked
38175386,68,MG Box (Body),★★★★★,IOP Maximum Ammo Box,-,-,-,-,-2.4675,-,-,-,-,-,-,-,-,-,-,3.86,10000,10,,0,Locked
38175393,227,SNIP (Ammo),★★★★★,M1022 Sniper Rounds,-,-,7.348,-,-,-,-,-,-,110.625,-,-,-,-,-,-,10000,10,,0,Locked
38175408,231,Birdshot (Shell),★★★★★,#7.5 Birdshot,-,-,-,-,-,-,6.8648,-,-17.5820%,-,-,-,-,-,-,-,0,0,,0,Locked
38175529,68,MG Box (Body),★★★★★,IOP Maximum Ammo Box,-,-,-,-,-2.4134,-,-,-,-,-,-,-,-,-,-,4.2604,10000,10,,0,Locked
38175631,72,HP (Ammo),★★★★★,ILM Hollow-Point Ammo,-,-,7.5706,-,-,-,-,-,-,-9.9073,-,-,-,-,-,-,0,0,,0,
38175723,32,HV (Ammo),★★★★★,APCR High-Velocity Ammo,-,-,17.5052,-,-,-,-,-,-,-,-,-,-,-,-,-,10000,10,,0,Locked
38175741,229,SLAP (Ammo),★★★★★,Mk1000 SLAP,-,-,-,-,-,-,-5.0000,-,-,500,-,-,-,-,-,-,10000,10,MAX,6,Locked
38175750,76,Buck (Shell),★★★★★,#000 Buckshot,-,-,9.7396,-,-,-,-,-,10.9535%,-,-,-,-,-,-,-,0,0,,0,Locked
38285764,44,Plate (Body),★★★★★,Type 3 Armor Plate,-,-,-,-,-2.751,-,-,-,-,-,6.3324,-,-,-,-,-,1,0,,0,
38355459,235,Flash (Shell),★★★★★,Shotgun Flash Shells,-,-,-,9.6484,-,-,-,-,-,-,-,-,-,-,-,-,0,0,,0,
38408322,277,Sp. Eq (Exclusive),★★★★★,DHG Extended Handguard,-,-,-,4.1508,8.089,3.0000,-,-,-,-,-,-,-,-,-,-,1,0,,0,Locked
38429370,80,Slug (Shell),★★★★★,SABOT Slug,-,-,-,9.9028,-,-,-,-,-,-,-,-,-,-,-,-,0,0,,0,
38466183,249,Sp. Eq (Exclusive),★★★★★,SR3 Special Suppressor,-,-,6.0000,10.0000,10.0000,-,-,-,-,-,-,-,-,-,-,-,1,0,MAX,0,Locked
38477266,231,Birdshot (Shell),★★★★★,#7.5 Birdshot,-,-,-,-,-,-,6.5898,-,-17.0080%,-,-,-,-,-,-,-,0,0,,0,
38512785,4,Optical (Acc),★★★★★,VFL 6-24X56,-,-,-,-,-,-,-,19.5753%,-,-,-,-,-,-,-,-,0,0,,0,
38548751,76,Buck (Shell),★★★★★,#000 Buckshot,-,-,7.5853,-,-,-,-,-,11.7775%,-,-,-,-,-,-,-,0,0,,0,
38555740,4,Optical (Acc),★★★★★,VFL 6-24X56,-,-,-,-,-,-,-,17.4942%,-,-,-,-,-,-,-,-,0,0,,0,
38565940,40,T Exo (Body),★★★★★,IOP T4 Exoskeleton,-,-,-7.5574,-,28.0084,-,-,-,-,-,-,-,-,-,-,-,10000,10,,0,
38588715,239,Sp. Eq (Exclusive),★★★★★,Mk4 SLAP,82098805,Gr MG4 Mod,-1,-,-,-,-,-,-,600.0000,-,-,-,-,-,-,30000,10,MAX,4,
38613784,229,SLAP (Ammo),★★★★★,Mk1000 SLAP,-,-,-,-,-,-,-5.0000,-,-,486.2580,-,-,-,-,-,-,10000,10,,0,
38627007,231,Birdshot (Shell),★★★★★,#7.5 Birdshot,-,-,-,-,-,-,12,-,-10%,-,-,-,-,-,-,-,10000,10,MAX,16,
38640616,136,Sp. Eq (Exclusive),★★★★★,7.92 KURZ,110827420,StG44 Mod,12.5072,-,-,-,-,-,-,-,-,-,-,-,-,-,1,0,,0,
38714575,292,Sp. Eq (Exclusive),★★★★★,Recoil Reduction Kit,-,-,4.2398,12.3004,-,-,-,-,-,-,-,-,-,-,-,-,1,0,,0,Locked
38784081,266,Sp. Eq (Exclusive),★★★★★,ImpulsIIA/C,-,-,-,-,12.1482,-,-,8.402%,-,-,-,-,-,-,-,-,1,0,,0,Locked
38792580,44,Plate (Body),★★★★★,Type 3 Armor Plate,-,-,-,-,-2.9884,-,-,-,-,-,6.3112,-,-,-,-,-,1,0,,0,
38792581,224,RMR (Acc),★★★★★,RMR T4 Red Dot Sight,-,-,-,16.1557,-,-,-,25.7768%,-,-,-,-,-,-,-,-,8401,9,,0,Locked
38849033,305,SF Taclight (Acc),★★★★★,S.F. Modified Tactical Light,-,-,-,-,5.1620,-,-,-,-,-,-,-,-,-,-,-,10000,10,,0,Locked
38849048,16,PEQ (Acc),★★★★★,PEQ-16A,-,-,-,-,-,-,-,-,-,-,-,-,-,-,92.6128%,-,0,0,,0,
38849107,16,PEQ (Acc),★★★★★,PEQ-16A,-,-,-,-,-,-,-,-,-,-,-,-,-,-,93.7144%,-,0,0,,0,
38849232,305,SF Taclight (Acc),★★★★★,S.F. Modified Tactical Light,-,-,-,-,3.7645,-,-,-,-,-,-,-,-,-,-,-,10000,10,,0,
38849278,16,PEQ (Acc),★★★★★,PEQ-16A,-,-,-,-,-,-,-,-,-,-,-,-,-,-,95.5315%,-,0,0,,0,
38849279,44,Plate (Body),★★★★★,Type 3 Armor Plate,-,-,-,-,-2.6097,-,-,-,-,-,6.9654,-,-,-,-,-,0,0,,0,
38849316,16,PEQ (Acc),★★★★★,PEQ-16A,-,-,-,-,-,-,-,-,-,-,-,-,-,-,93.6361%,-,0,0,,0,
38860975,68,MG Box (Body),★★★★★,IOP Maximum Ammo Box,-,-,-,-,-2.8394,-,-,-,-,-,-,-,-,-,-,2.4312,1,0,,0,
38900248,305,SF Taclight (Acc),★★★★★,S.F. Modified Tactical Light,-,-,-,-,2.0015,-,-,-,-,-,-,-,-,-,-,-,0,0,,0,Locked
38981149,218,Sp. Eq (Exclusive),★★★★★,High-Performance Camouflaged Exoskeleton,-,-,-,-,17.2688,-,-,-,-,-,-,-,-,-,-,-,1,0,,0,Locked
39026816,150,Sp. Eq (Exclusive),★★★★★,ZFG42,-,-,-,26.6095,-,-,-2.5489,28.0000%,-,-,-,-,-,-,-,-,19823,8,,0,Locked
39046986,12,Red Dot (Acc),★★★★★,ITI MARS,-,-,-,13.0596,-,-,-3.0298,-,-,-,-,-,-,-,-,-,0,0,,0,
39061608,305,SF Taclight (Acc),★★★★★,S.F. Modified Tactical Light,-,-,-,-,2.7107,-,-,-,-,-,-,-,-,-,-,-,0,0,,0,Locked
39070456,16,PEQ (Acc),★★★★★,PEQ-16A,-,-,-,-,-,-,-,-,-,-,-,-,-,-,94.3678%,-,0,0,,0,
39078235,305,SF Taclight (Acc),★★★★★,S.F. Modified Tactical Light,-,-,-,-,2.7611,-,-,-,-,-,-,-,-,-,-,-,0,0,,0,Locked
39140148,275,Sp. Eq (Exclusive),★★★★★,Perst-4,155182431,AK-15 Mod,20,-,20,-,-,-,20%,-,-,-,-,-,-,-,30000,10,MAX,16,
39150542,4,Optical (Acc),★★★★★,VFL 6-24X56,-,-,-,-,-,-,-,19.9253%,-,-,-,-,-,-,-,-,0,0,,0,
39150616,314,MG Bipod (Body),★★★★★,HD-100 Bipod,-,-,-,10,-,-2,-,-,-,-,-,-,-,-,-,-,10000,10,MAX,6,Locked
39150640,212,Sp. Eq (Exclusive),★★★★★,Custom Tracer Rounds,87591404,Type56R Mod,10,-,-,-,-,-,-,180,-,-,-,-,-,-,30000,10,MAX,21,
39150691,240,Sp. Eq (Exclusive),★★★★★,Wing-Shaped Mechanical Shield,98963401,RMB-93 Mod,-,-,-,3.0000,-,-,-,-,12,-,-,-,-,-,30000,10,MAX,2,
39160245,305,SF Taclight (Acc),★★★★★,S.F. Modified Tactical Light,-,-,-,-,2.0867,-,-,-,-,-,-,-,-,-,-,-,0,0,,0,
39160952,271,Sp. Eq (Exclusive),★★★★★,.357 Wadcutter Rounds,-,-,10.0000,-,-,-,-,-,-,-7.0000,-,-,-,-,-,-,301,0,MAX,0,
39207995,235,Flash (Shell),★★★★★,Shotgun Flash Shells,-,-,-,9.8468,-,-,-,-,-,-,-,-,-,-,-,-,1,0,,0,
39207996,66,Supp (Silencer),★★★★★,AC4 Suppressor,-,-,-,-,6.9618,-,-,13.2849%,-,-,-,-,-,-,-,-,1,0,,0,
39228097,294,Sp. Eq (Exclusive),★★★★★,ACR Fixed Stock,-,-,2.9218,-,-,-,-,18.0759%,-,-,-,-,-,-,-,-,1,0,,0,
