ID,No.,Type,Rarity,Name,Level,Total Exp,Current Exp,Required Exp,Link,MOD,Max HP,HP,Damage,Accuracy,Evasion,Rate of Fire,Move Speed,Armor,Rounds,Crit.Damage,Skill1,Skill2,Equip1,Equip2,Equip3,Affection,Oathed,Oathed Datetime,Locked
3089,10,HG,★★,PPK,100,3263300,-,-,x5,,285,285,27,62,105,63,15,0,0,20,9,0,,,,100,,,Locked
4018,20075,MG,★★★★★,M1918 Mod,110,5413116,0,0,x5,Mod2,795,795,110,37,37,115,4,0,8,5,10,10,Mk211 High-Explosive Armor-Piercing Ammo,VFL 6-24X56,IOP Maximum Ammo Box,150,Oathed,2020-12-16 16:24,Locked
5500,118,AR,★★★★,9A-91,100,3263300,-,-,x5,,580,580,47,54,55,78,10,0,0,20,10,0,,,,150,Oathed,2020-12-20 10:29,Locked
49814,27,SMG,★★★,Skorpion,100,3263300,-,-,x5,,795,795,26,14,88,95,12,0,0,5,6,0,,,,100,,,Locked
54899,16,SMG,★★★★★,Thompson,100,3263300,-,-,x5,,1190,1190,33,13,59,82,12,0,0,5,10,0,,,,100,,,Locked
60260,20037,RF,★★★★,M14 Mod,115,11319437,0,0,x5,Mod3,430,430,116,77,30,44,7,0,0,40,10,10,Mk211 High-Explosive Armor-Piercing Ammo,M2 Bipod,Thermoptic Camouflage Cape,99,,,Locked
255983,20055,AR,★★★★★,M4A1 Mod,120,30283300,-,-,x5,Mod3,565,565,58,58,58,80,10,0,0,20,10,10,VFL 6-24X56,16Lab High-Velocity Ammo,Inherited Case,200,Oathed,2019-11-20 00:02,Locked
300456,8,HG,★★★,Makarov,100,3263300,-,-,x5,,315,315,28,65,101,61,15,0,0,20,6,0,,,,100,,,Locked
301486,20056,AR,★★★★★,M4 SOPMOD II Mod,120,30283300,-,-,x5,Mod3,565,565,60,59,53,79,10,0,0,30,10,10,PEQ-16A,VFL 6-24X56,APCR High-Velocity Ammo,200,Oathed,2020-02-19 00:51,Locked
362064,20057,AR,★★★★★,ST AR-15 Mod,120,30283300,-,-,x5,Mod3,540,540,58,64,60,78,10,0,0,20,10,10,PEQ-16A,VFL 6-24X56,.300BLK High-Velocity Ammo,200,Oathed,2019-11-20 00:03,Locked
498535,54,AR,★★★★,M16A1,100,3263300,-,-,x5,,605,605,50,49,47,75,10,0,0,20,8,0,,,,100,,,Locked
499233,20103,SMG,★★★★★,UMP45 Mod,110,5555753,0,0,x5,Mod2,965,965,31,15,79,83,12,0,0,5,7,1,,,,100,,,Locked
754350,20065,AR,★★★★★★,416 Mod,116,12667524,384224,2615776,x5,Mod3,620,620,63,59,55,79,10,0,0,20,10,10,PEQ-16A,APCR High-Velocity Ammo,Tactical Headwear,200,Oathed,2020-12-18 21:43,Locked
762756,48,RF,★★★★★,WA2000,100,3263300,-,-,x5,,440,440,137,87,32,39,7,0,0,40,10,0,,,,100,,,Locked
874203,72,AR,★★★★,TAR-21,100,3263300,-,-,x5,,525,525,52,51,47,79,10,0,0,20,10,0,,JHP High-Velocity Ammo,,100,,,Locked
1159248,101,SMG,★★★★,UMP9,100,3263300,-,-,x5,,880,880,28,15,80,87,12,0,0,5,4,0,UMP UX Exoskeleton,ILM Hollow-Point Ammo,PEQ-16A,100,,,Locked
1183642,36,RF,★★★★,Springfield,100,3263300,-,-,x5,,420,420,141,80,44,32,7,0,0,40,10,0,,,,150,Oathed,2020-12-20 10:30,Locked
1201162,96,HG,★★★★★,Grizzly,100,3263300,-,-,x5,,430,430,40,54,70,54,15,0,0,20,10,0,AC4 Suppressor,ILM Hollow-Point Ammo,IOP T4 Exoskeleton,100,,,Locked
1463512,114,HG,★★★★★,Welrod MkⅡ,100,3263300,-,-,x5,,400,400,30,75,95,52,15,0,0,40,8,0,,,,100,,,Locked
1872156,43,RF,★★★★,SVD,100,3263300,-,-,x5,,400,400,137,84,35,37,7,0,0,40,10,0,,,,100,,,Locked
2067401,20001,HG,★★★★★,SAA Mod,111,5938150,194850,445150,x5,Mod2,410,410,39,53,82,50,15,0,0,20,9,10,,,,100,,,Locked
2459293,77,MG,★★★,M2HB,100,3263300,-,-,x5,,1075,1075,108,19,17,100,4,0,10,5,10,0,,,,100,,,Locked
2999411,62,AR,★★★★★,Gr G41,100,3263300,-,-,x5,,635,635,53,51,42,77,10,0,0,20,10,0,PEQ-16A,,Hi-Performance Tactical Hair Accessory,100,,,Locked
2999948,99,HG,★★★★,Gr Mk23,100,3263300,-,-,x5,,400,400,31,56,70,63,15,0,0,20,10,0,,,,100,,,Locked
3001399,70,AR,★★★,FF FNC,100,3263300,-,-,x5,,550,550,54,49,39,73,10,0,0,20,6,0,,,,100,,,Locked
3236103,104,SMG,★★★★★,Gr G36c,100,3263300,-,-,x5,,1015,1015,34,14,69,83,12,0,0,5,10,0,,,,94,,,Locked
4479281,142,HG,★★★★★,Five-seven,100,3263300,-,-,x5,,315,315,33,60,102,66,15,0,0,20,10,0,,,,100,,,Locked
5078250,20081,MG,★★★★,LWMMG Mod,115,10083300,-,-,x5,Mod2,885,885,108,29,26,92,4,0,10,5,10,10,Mk211 High-Explosive Armor-Piercing Ammo,VFL 6-24X56,IOP Maximum Ammo Box,100,,,Locked
5336581,135,SMG,★★★★★,SR-3MP,100,3263300,-,-,x5,,970,970,33,13,71,90,12,0,0,5,10,0,IOP T4 Exoskeleton,ILM Hollow-Point Ammo,PEQ-16A,100,,,Locked
7106541,20039,RF,★★★★★,Mosin-Nagant Mod,110,5675680,0,0,x5,Mod2,450,450,148,96,43,31,7,0,0,40,10,10,Mk211 High-Explosive Armor-Piercing Ammo,VFL 6-24X56,Hayha Memory Chip,150,Oathed,2020-12-16 16:25,Locked
7761202,14,HG,★★★,Astra,100,3263300,-,-,x5,,400,400,35,48,72,52,15,0,0,20,7,0,,,,100,,,Locked
9523847,7,HG,★★★★,Stechkin,100,3263300,-,-,x5,,415,415,28,44,66,65,15,0,0,20,10,0,,,,86,,,Locked
10373516,20053,RF,★★★★★★,NTW-20 Mod,115,10424340,341040,1858960,x5,Mod3,475,475,195,94,35,32,7,0,0,40,10,10,20mm HEI,16Lab 6-24X56,Thermoptic Camouflage Cape,200,Oathed,2020-12-16 14:27,Locked
13694004,112,MG,★★★★★,Negev,100,3263300,-,-,x5,,870,870,89,37,38,139,4,0,9,5,8,0,Mk211 High-Explosive Armor-Piercing Ammo,16Lab 6-24X56,IOP Maximum Ammo Box,100,,,Locked
13694368,173,MG,★★★★★,PKP,100,3263300,-,-,x5,,825,825,100,33,31,127,4,0,10,5,10,0,,,,100,,,Locked
13695528,85,MG,★★★★,PK,100,3263300,-,-,x5,,950,950,101,23,25,84,4,0,11,5,10,0,,,,100,,,Locked
13695629,109,MG,★★★★★,Gr MG5,100,3263300,-,-,x5,,990,990,90,29,29,120,4,0,11,5,10,0,,,,100,,,Locked
13823066,119,AR,★★★★★,OTs-14,100,3263300,-,-,x5,,550,550,54,60,60,75,10,0,0,20,10,0,PEQ-16A,APCR High-Velocity Ammo,IOP X4 Exoskeleton,150,Oathed,2020-12-16 16:27,Locked
16473153,20064,AR,★★★★★,Gr G36 Mod,115,10191638,0,0,x5,Mod3,645,645,54,51,47,75,10,0,0,20,10,10,PEQ-16A,APCR High-Velocity Ammo,IOP X4 Exoskeleton,100,,,Locked
17913174,85,MG,★★★★,PK,100,3263300,-,-,x5,,950,950,101,23,25,84,4,0,11,5,8,0,,,,100,,,Locked
19101213,85,MG,★★★★,PK,100,3263300,-,-,x5,,950,950,101,23,25,84,4,0,11,5,10,0,,,,100,,,Locked
19305106,129,AR,★★★★★,Type95,100,3263300,-,-,x5,,580,580,58,55,49,71,10,0,0,20,4,0,,APCR High-Velocity Ammo,IOP X4 Exoskeleton,100,,,Locked
19305477,130,AR,★★★★★,Type97,100,3263300,-,-,x5,,580,580,60,57,51,72,10,0,0,20,10,0,VFL 6-24X56,APCR High-Velocity Ammo,IOP X4 Exoskeleton,150,Oathed,2020-12-20 10:11,Locked
19305758,166,HG,★★★★★,CZ75,100,3263300,-,-,x5,,330,330,36,66,78,66,15,0,0,20,10,0,,,,100,,,Locked
19309515,20103,SMG,★★★★★,UMP45 Mod,115,10855757,0,0,x5,Mod3,970,94,31,15,80,83,12,0,0,5,10,1,IOP T4 Exoskeleton,16Lab Hollow-Point,AC4 Suppressor,100,,,Locked
19309769,96,HG,★★★★★,Grizzly,100,3263300,-,-,x5,,430,430,40,54,70,54,15,0,0,20,10,0,,,,100,,,Locked
19312807,20001,HG,★★★★★,SAA Mod,115,10083300,-,-,x5,Mod2,410,410,37,50,79,50,15,0,0,20,10,10,,,,85,,,Locked
19312826,99,HG,★★★★,Gr Mk23,100,3263300,-,-,x5,,400,400,31,56,70,63,15,0,0,20,10,0,,,,100,,,Locked
19312963,114,HG,★★★★★,Welrod MkⅡ,100,3263300,-,-,x5,,400,400,30,75,95,52,15,0,0,40,8,0,,,,100,,,Locked
19313010,96,HG,★★★★★,Grizzly,100,3263300,-,-,x5,,430,430,40,54,70,54,15,0,0,20,8,0,,,,100,,,Locked
19315248,20122,AR,★★★★★★,Gr G11 Mod,115,10083300,-,-,x5,Mod2,620,620,52,52,49,97,10,0,0,20,10,10,PEQ-16A,APCR High-Velocity Ammo,IOP X4 Exoskeleton,150,Oathed,2020-12-20 10:13,Locked
19797488,153,SG,★★★★,M37,100,3263300,-,-,x5,,1265,1265,35,13,13,26,6,22,4,40,1,0,,,,100,,,Locked
20006502,155,SG,★★★★,M590,100,3263300,-,-,x5,,1320,1320,34,12,11,31,6,22,4,40,1,0,Type 2 Armor Plate,WAD Slug,VFL 6-24X56,100,,,Locked
20700915,20,SMG,★★★★★,Vector,100,3263300,-,-,x5,,925,925,32,12,75,101,12,0,0,5,10,0,,,,100,,,Locked
22505338,148,RF,★★★★★,IWS 2000,100,3263300,-,-,x5,,440,440,171,82,31,32,7,0,0,40,10,0,,,,100,,,Locked
22900287,99,HG,★★★★,Gr Mk23,100,3263300,-,-,x5,,400,400,31,56,70,63,15,0,0,20,10,0,,,,100,,,Locked
23764187,143,SMG,★★★★★,RO635,100,3263300,-,-,x5,,970,970,29,15,75,97,12,0,0,5,10,0,,,,100,,,Locked
24719907,20097,HG,★★★★★★,M950A Mod,114,9539850,1056550,543450,x5,Mod2,400,400,34,60,80,72,15,0,0,20,10,10,,,,100,,,Locked
25174487,175,AR,★★★★★,ART556,100,3263300,-,-,x5,,580,580,56,56,52,69,10,0,0,20,8,0,,,,100,,,Locked
27908257,189,SG,★★★★,USAS-12,100,3263300,-,-,x5,,1300,1300,31,12,11,37,6,22,5,40,1,0,,SABOT Slug,VFL 6-24X56,100,,,Locked
28078061,114,HG,★★★★★,Welrod MkⅡ,100,3263300,-,-,x5,,400,400,30,75,95,52,15,0,0,40,8,0,,,,100,,,Locked
28115697,50,RF,★★★★★,Lee Enfield,100,3263300,-,-,x5,,400,400,142,82,42,36,7,0,0,40,10,0,Mk211 High-Explosive Armor-Piercing Ammo,No32 MKI,Thermoptic Camouflage Cape,99,,,Locked
28151886,128,RF,★★★★★,M99,100,3263300,-,-,x5,,440,440,165,86,34,32,7,0,0,40,4,0,,,,100,,,Locked
30462255,114,HG,★★★★★,Welrod MkⅡ,100,3263300,-,-,x5,,400,400,30,75,95,52,15,0,0,40,8,0,AC4 Suppressor,ILM Hollow-Point Ammo,IOP T4 Exoskeleton,100,,,Locked
32182374,188,SG,★★★★★,S.A.T.8,100,3263300,-,-,x5,,1410,1410,31,14,13,33,6,22,4,40,10,0,,SABOT Slug,VFL 6-24X56,100,,,Locked
32249010,196,AR,★★★★★,Zas M21,100,3263300,-,-,x5,,605,605,58,51,44,74,10,0,0,20,10,0,,,,100,,,Locked
32250902,171,AR,★★★★,Ribeyrolles,100,3263300,-,-,x5,,550,550,68,47,42,63,10,0,0,20,10,0,,,,100,,,Locked
32251498,183,HG,★★★★★,Contender,100,3263300,-,-,x5,,330,330,49,90,87,44,15,0,0,40,10,0,,,,100,,,Locked
32257197,168,HG,★★★★,Spitfire,100,3263300,-,-,x5,,350,350,35,63,75,59,15,0,0,20,1,0,,,,100,,,Locked
32257672,171,AR,★★★★,Ribeyrolles,100,3263300,-,-,x5,,550,550,68,47,42,63,10,0,0,20,10,0,,,,100,,,Locked
32257824,196,AR,★★★★★,Zas M21,100,3263300,-,-,x5,,605,605,58,51,44,74,10,0,0,20,10,0,,,,100,,,Locked
33364407,1002,SG,★★★★★,Elphelt,100,3263300,-,-,x5,,1375,1375,38,14,10,28,6,23,5,40,4,0,Type 2 Armor Plate,WAD Slug,,100,,,Locked
34293819,20007,HG,★★★★★,Stechkin Mod,100,3342943,79643,20357,x5,Mod1,415,415,33,52,70,65,15,0,0,20,10,0,Stechkin Buttstock,ILM Hollow-Point Ammo,IOP T4 Exoskeleton,100,,,Locked
34634305,183,HG,★★★★★,Contender,100,3263300,-,-,x5,,330,330,49,90,87,44,15,0,0,40,4,0,,,,100,,,Locked
34970705,20097,HG,★★★★★★,M950A Mod,115,10083300,-,-,x5,Mod2,400,119,34,60,80,72,15,0,0,20,10,10,AC4 Suppressor,ILM Hollow-Point Ammo,IOP T4 Exoskeleton,100,,,Locked
35311726,173,MG,★★★★★,PKP,100,3263300,-,-,x5,,825,825,100,33,31,127,4,0,10,5,10,0,,,,100,,,Locked
36058811,122,AR,★★★★★,Gr G11,100,3263300,-,-,x5,,605,605,46,47,44,95,10,0,0,20,10,0,,,,100,,,Locked
36067666,106,AR,★★★★★,FAL,100,3263300,-,-,x5,,660,660,60,46,40,72,10,0,0,20,10,0,,,,100,,,Locked
37365566,109,MG,★★★★★,Gr MG5,100,3263300,-,-,x5,,990,990,90,29,29,120,4,0,11,5,10,0,,,,100,,,Locked
37985960,125,MG,★★★★★,Gr MG4,100,3263300,-,-,x5,,910,910,89,36,36,139,4,0,9,5,1,0,,,,100,,,Locked
38724914,173,MG,★★★★★,PKP,100,3263300,-,-,x5,,825,825,100,33,31,127,4,0,10,5,10,0,Mk211 High-Explosive Armor-Piercing Ammo,VFL 6-24X56,IOP Maximum Ammo Box,100,,,Locked
39846300,121,MG,★★★★,Mk48,100,3263300,-,-,x5,,870,870,95,27,28,112,4,0,10,5,4,0,,,,100,,,Locked
40934984,109,MG,★★★★★,Gr MG5,100,3263300,-,-,x5,,990,990,90,29,29,120,4,0,11,5,4,0,,,,100,,,Locked
40967472,20,SMG,★★★★★,Vector,100,3263300,-,-,x5,,925,925,32,12,75,101,12,0,0,5,10,0,,,,100,,,Locked
41838263,146,RF,★★★★,Gr G28,100,3263300,-,-,x5,,440,440,125,84,31,39,7,0,0,40,8,0,,,,100,,,Locked
41838308,142,HG,★★★★★,Five-seven,100,3263300,-,-,x5,,315,315,33,60,102,66,15,0,0,20,4,0,,,,100,,,Locked
41847254,142,HG,★★★★★,Five-seven,100,3263300,-,-,x5,,315,315,33,60,102,66,15,0,0,20,10,0,,,,100,,,Locked
41913656,142,HG,★★★★★,Five-seven,100,3263300,-,-,x5,,315,315,33,60,102,66,15,0,0,20,8,0,,,,100,,,Locked
43873255,73,AR,★★★★★,AUG,100,3263300,-,-,x5,,605,605,61,63,51,75,10,0,0,30,10,0,PEQ-16A,APCR High-Velocity Ammo,IOP T4 Exoskeleton,150,Oathed,2020-12-20 10:17,Locked
46105681,198,RF,★★★★★,Carcano M91/38,100,3263300,-,-,x5,,365,365,146,90,44,34,7,0,0,40,10,0,,,,88,,,Locked
46105683,257,RF,★★★★★,M200,100,3263300,-,-,x5,,440,440,153,101,33,34,7,0,0,40,10,0,,,,98,,,Locked
46347439,197,RF,★★★★★,Carcano M1891,100,3263300,-,-,x5,,400,400,145,90,45,34,7,0,0,40,10,0,,,,100,,,Locked
49789193,157,SG,★★★★★,Am KSG,100,3263300,-,-,x5,,1265,1265,31,14,13,30,6,24,5,40,5,0,Type 3 Armor Plate,WAD Slug,VFL 6-24X56,100,,,Locked
49982671,172,AR,★★★★★,Am RFB,100,3263300,-,-,x5,,525,525,73,72,52,54,10,0,0,30,10,0,,,,100,,,Locked
51210704,20005,HG,★★★★,M1895 Mod,115,11326920,0,0,x5,Mod3,355,205,41,56,114,45,15,0,0,20,10,10,M1895 Suppressor,ILM Hollow-Point Ammo,IOP T4 Exoskeleton,200,Oathed,2021-02-16 16:38,Locked
52310024,127,SMG,★★★★★,Type79,100,3263300,-,-,x5,,970,970,34,13,74,88,12,0,0,5,4,0,,,,100,,,Locked
52316914,212,HG,★★★★,K5,100,3263300,-,-,x5,,330,330,31,55,86,62,15,0,0,40,7,0,,,,100,,,Locked
52317938,213,SMG,★★★★★,C-MS,100,3263300,-,-,x5,,925,925,34,16,79,87,12,0,0,5,10,0,,,,100,,,Locked
52883272,22,SMG,★★★,PPS-43,100,3263300,-,-,x5,,880,880,35,14,69,74,12,0,0,5,10,0,,,,100,,,Locked
54337138,179,RF,★★★★★,Gd DSR-50,100,3263300,-,-,x5,,410,410,180,96,37,31,7,0,0,40,10,0,,,,150,Oathed,2020-12-18 21:35,Locked
54564577,119,AR,★★★★★,OTs-14,100,3263300,-,-,x5,,550,550,52,57,57,75,10,0,0,20,10,0,PEQ-16A,APCR High-Velocity Ammo,IOP X4 Exoskeleton,100,,,Locked
54898363,196,AR,★★★★★,Zas M21,100,3263300,-,-,x1,,121,121,58,51,44,74,10,0,0,20,4,0,,,,100,,,Locked
54988067,215,AR,★★★★★,MDR,100,3263300,-,-,x5,,595,595,59,53,44,76,10,0,0,20,10,0,,,,100,,,Locked
55958150,213,SMG,★★★★★,C-MS,100,3263300,-,-,x5,,925,925,34,16,79,87,12,0,0,5,10,0,16Lab T4 Exoskeleton,16Lab Hollow-Point,PEQ-16A,100,,,Locked
56511410,163,SG,★★★★★,AA-12,100,3263300,-,-,x5,,1345,1345,32,13,12,39,6,22,5,40,1,0,16Lab Armor Plate,SABOT Slug,,100,,,Locked
57996479,212,HG,★★★★,K5,100,3263300,-,-,x5,,330,330,31,55,86,62,15,0,0,40,10,0,,,,100,,,Locked
58346158,97,HG,★★★★★,M950A,100,3263300,-,-,x5,,380,380,32,58,72,72,15,0,0,20,8,0,,,,100,,,Locked
59206137,136,SMG,★★★★,PP-19,100,3263300,-,-,x5,,880,880,28,15,78,91,12,0,0,5,10,0,,,,100,,,Locked
59472124,198,RF,★★★★★,Carcano M91/38,100,3263300,-,-,x5,,365,365,154,95,47,34,7,0,0,40,10,0,,,,100,,,Locked
59655694,198,RF,★★★★★,Carcano M91/38,100,3263300,-,-,x5,,365,365,154,95,47,34,7,0,0,40,10,0,,,,95,,,Locked
59668941,198,RF,★★★★★,Carcano M91/38,100,3263300,-,-,x5,,365,365,154,95,47,34,7,0,0,40,10,0,,,,100,,,Locked
59869084,77,MG,★★★,M2HB,100,3263300,-,-,x5,,1075,1075,108,19,17,100,4,0,10,5,8,0,,,,100,,,Locked
59880520,97,HG,★★★★★,M950A,100,3263300,-,-,x5,,380,380,32,58,72,72,15,0,0,20,8,0,,,,100,,,Locked
60490984,136,SMG,★★★★,PP-19,100,3263300,-,-,x5,,880,880,28,15,78,91,12,0,0,5,10,0,,,,100,,,Locked
61286404,236,AR,★★★★★,K11,100,3263300,-,-,x5,,675,675,56,57,39,76,10,0,0,20,10,0,,,,100,,,Locked
61786787,20103,SMG,★★★★★,UMP45 Mod,100,3285732,0,0,x5,Mod1,950,950,30,14,78,82,12,0,0,5,4,0,,,,100,,,Locked
62464214,20091,HG,★★★★,MP-446 Mod,110,5355280,91980,388020,x5,Mod2,335,335,32,59,82,60,15,0,0,20,1,10,,,,100,,,Locked
62777712,20060,AR,★★★★★,AS Val Mod,120,30283300,-,-,x5,Mod3,680,680,50,59,59,76,10,0,0,20,10,10,PEQ-16A,SP6 Subsonic Ammo,IOP X4 Exoskeleton,200,Oathed,2020-08-26 20:29,Locked
64308266,126,HG,★★★★★,NZ75,100,3263300,-,-,x5,,365,365,35,66,78,63,15,0,0,20,1,0,,,,100,,,Locked
65387339,20002,HG,★★★★,M1911 Mod,120,30283300,-,-,x5,Mod3,375,375,31,55,82,58,15,0,0,20,8,1,,,,100,,,Locked
65416606,172,AR,★★★★★,Am RFB,100,3263300,-,-,x5,,525,525,76,75,54,54,10,0,0,30,10,0,,,,150,Oathed,2020-12-20 10:10,Locked
65554892,185,MG,★★★★,Ameli,100,3263300,-,-,x5,,705,705,88,40,45,149,4,0,8,5,1,0,,,,100,,,Locked
66913755,20051,RF,★★★★,FF FN49 Mod,102,3594800,111500,28500,x5,Mod1,465,465,123,65,34,34,7,0,0,40,1,0,,,,100,,,Locked
67383085,20221,HG,★★★★,GSh-18 Mod,100,3263300,0,0,x5,Mod1,360,360,35,54,91,57,15,0,0,20,1,0,PEQ-16A,ILM Hollow-Point Ammo,IOP T4 Exoskeleton,100,,,Locked
68724791,99,HG,★★★★,Gr Mk23,100,3263300,-,-,x5,,400,400,31,56,70,63,15,0,0,20,10,0,,,,100,,,Locked
70538787,106,AR,★★★★★,FAL,100,3263300,-,-,x5,,660,660,60,46,40,72,10,0,0,20,10,0,,,,100,,,Locked
70548198,1022,SG,★★★★★,Dana Zane,100,3263300,-,-,x5,,1345,1345,40,16,14,26,6,22,1,40,1,0,Prosthetic Arm,WAD Slug,,100,,,Locked
70601697,1017,HG,★★★★★,Jill Stingray,100,3263300,-,-,x5,,400,80,32,56,101,55,15,0,0,20,10,0,Karmotrine,Karmotrine,IOP T4 Exoskeleton,100,,,Locked
70660315,1019,SMG,★★★★★,Dorothy Haze,100,3263300,-,-,x5,,880,880,30,16,92,79,12,0,0,5,10,0,,,,100,,,Locked
70776230,1018,HG,★★★★★,Sei Asagiri,100,3263300,-,-,x5,,425,425,32,62,81,53,15,0,0,20,10,0,AC4 Suppressor,ILM Hollow-Point Ammo,IOP T4 Exoskeleton,100,,,Locked
70836348,1020,RF,★★★★★,Stella Hoshii,100,3263300,-,-,x5,,450,450,123,89,38,35,7,0,0,40,8,0,,,,100,,,Locked
70986287,1021,MG,★★★★★,Alma Armas,100,3263300,-,-,x5,,975,975,94,33,25,129,4,0,9,5,1,0,,,Cybernetic Hands,100,,,Locked
71112146,1018,HG,★★★★★,Sei Asagiri,100,3263300,-,-,x5,,425,425,32,62,81,53,15,0,0,20,2,0,,,,100,,,Locked
71157820,196,AR,★★★★★,Zas M21,100,3263300,-,-,x1,,121,121,58,51,44,74,10,0,0,20,4,0,,,,100,,,Locked
72710510,236,AR,★★★★★,K11,100,3263300,-,-,x5,,675,675,56,57,39,76,10,0,0,20,10,0,,APCR High-Velocity Ammo,IOP X4 Exoskeleton,100,,,Locked
74058055,171,AR,★★★★,Ribeyrolles,100,3263300,-,-,x5,,550,550,68,47,42,63,10,0,0,20,10,0,PEQ-16A,APCR High-Velocity Ammo,IOP X4 Exoskeleton,100,,,Locked
75513988,211,RF,★★★★★,SRS,100,3263300,-,-,x5,,435,435,142,87,37,35,7,0,0,40,10,0,,,,100,,,Locked
75563842,245,SMG,★★★★★,P90,100,3263300,-,-,x5,,950,950,32,16,88,93,12,0,0,5,10,0,,,,100,,,Locked
75882633,238,MG,★★★★★,QJY-88,100,3263300,-,-,x5,,825,825,91,35,37,126,4,0,10,5,1,0,Mk211 High-Explosive Armor-Piercing Ammo,VFL 6-24X56,IOP Maximum Ammo Box,100,,,Locked
75915234,233,HG,★★★★★,Px4 Storm,100,3263300,-,-,x5,,340,340,37,73,98,57,15,0,0,20,10,0,,,,100,,,Locked
75948737,233,HG,★★★★★,Px4 Storm,100,3263300,-,-,x5,,340,340,37,73,98,57,15,0,0,20,10,0,,,,100,,,Locked
75949429,233,HG,★★★★★,Px4 Storm,100,3263300,-,-,x5,,340,340,37,73,98,57,15,0,0,20,10,0,,,,100,,,Locked
75950176,233,HG,★★★★★,Px4 Storm,100,3263300,-,-,x5,,340,340,37,73,98,57,15,0,0,20,10,0,,,,100,,,Locked
76069204,233,HG,★★★★★,Px4 Storm,100,3263300,-,-,x5,,340,340,37,73,98,57,15,0,0,20,10,0,,,,100,,,Locked
80215726,212,HG,★★★★,K5,100,3263300,-,-,x5,,330,330,31,55,86,62,15,0,0,40,1,0,,,,100,,,Locked
81801023,233,HG,★★★★★,Px4 Storm,100,3263300,-,-,x5,,340,340,37,73,98,57,15,0,0,20,4,0,,,,100,,,Locked
81804139,20063,AR,★★★★,Gr G3 Mod,102,3597800,114500,25500,x5,Mod1,555,555,60,56,40,64,10,0,0,20,1,0,,APCR High-Velocity Ammo,IOP X4 Exoskeleton,100,,,Locked
81812846,20094,SMG,★★★★,Type64 Mod,100,3263300,0,0,x5,Mod1,880,880,29,12,71,93,12,0,0,5,1,0,,,,100,,,Locked
81814715,20032,SMG,★★★★,Micro Uzi Mod,110,5312020,0,0,x5,Mod2,875,875,27,14,86,104,12,0,0,5,8,6,IOP T4 Exoskeleton,ILM Hollow-Point Ammo,PEQ-16A,100,,,Locked
82425655,233,HG,★★★★★,Px4 Storm,100,3263300,-,-,x5,,340,340,37,73,98,57,15,0,0,20,4,0,,,,100,,,Locked
82772160,183,HG,★★★★★,Contender,100,3263300,-,-,x5,,330,330,49,90,87,44,15,0,0,40,4,0,AC4 Suppressor,16Lab Hollow-Point,IOP T4 Exoskeleton,100,,,Locked
84045353,193,AR,★★★,T65,100,3263300,-,-,x5,,620,620,57,47,42,76,10,0,0,20,1,0,,,,100,,,Locked
84531687,20044,RF,★★★★,SV-98 Mod,100,3263300,0,0,x5,Mod1,420,420,132,82,30,37,7,0,0,40,1,0,,,,100,,,Locked
84531692,20026,SMG,★★★★★,Gr MP5 Mod,111,6203320,460020,179980,x5,Mod2,895,895,33,15,74,90,12,0,0,5,10,10,GSG UX Exoskeleton,ILM Hollow-Point Ammo,AC4 Suppressor,135,Oathed,2020-12-16 14:29,Locked
84531695,20001,HG,★★★★★,SAA Mod,110,5277160,13860,466140,x5,Mod2,410,410,38,53,82,50,15,0,0,20,1,1,,,,100,,,Locked
88234840,233,HG,★★★★★,Px4 Storm,100,3263300,-,-,x5,,340,340,37,73,98,57,15,0,0,20,4,0,,,,100,,,Locked
88411448,233,HG,★★★★★,Px4 Storm,100,3263300,-,-,x5,,340,340,37,73,98,57,15,0,0,20,1,0,,,,100,,,Locked
89699411,208,MG,★★★★★,HMG21,100,3263300,-,-,x5,,845,845,97,31,35,135,4,0,10,5,1,0,Mk211 High-Explosive Armor-Piercing Ammo,VFL 6-24X56,IOP Maximum Ammo Box,100,,,Locked
89856219,203,SMG,★★★★,Honey Badger,100,3263300,-,-,x5,,990,990,35,14,63,82,12,0,0,5,1,0,IOP T4 Exoskeleton,,PEQ-16A,100,,,Locked
89878860,28,SMG,★★★★★,Gr MP7,100,3263300,-,-,x5,,990,990,32,14,73,91,12,0,0,5,1,0,,ILM Hollow-Point Ammo,,100,,,Locked
89888938,202,HG,★★★★,Thunder,100,3263300,-,-,x5,,430,430,49,60,63,37,15,0,0,40,1,0,,,,100,,,Locked
90461037,206,AR,★★★★★,AK-12,100,3263300,-,-,x5,,550,550,62,69,58,78,10,0,0,20,10,0,PEQ-16A,APCR High-Velocity Ammo,IOP X4 Exoskeleton,150,Oathed,2020-12-20 10:09,Locked
90468025,206,AR,★★★★★,AK-12,100,3263300,-,-,x5,,550,550,59,66,55,78,10,0,0,20,8,0,,,,100,,,Locked
90504702,205,AR,★★★★★,AN-94,100,3263300,-,-,x5,,580,580,61,74,53,76,10,0,0,20,10,0,VFL 6-24X56,APCR High-Velocity Ammo,IOP X4 Exoskeleton,150,Oathed,2020-12-20 10:15,Locked
90848556,205,AR,★★★★★,AN-94,100,3263300,-,-,x5,,580,580,58,71,51,76,10,0,0,20,10,0,,,,100,,,Locked
93233970,222,RF,★★★★★,TAC-50,100,3263300,-,-,x5,,435,435,163,88,33,32,7,0,0,40,5,0,,,,100,,,Locked
94520124,233,HG,★★★★★,Px4 Storm,100,3263300,-,-,x5,,340,340,37,73,98,57,15,0,0,20,1,0,AC4 Suppressor,ILM Hollow-Point Ammo,IOP T4 Exoskeleton,100,,,Locked
94635854,160,SG,★★★★★,Saiga-12,100,3263300,-,-,x5,,1320,1320,31,13,12,35,6,23,5,40,1,0,Type 2 Armor Plate,SABOT Slug,,100,,,Locked
96386388,213,SMG,★★★★★,C-MS,100,3263300,-,-,x5,,925,925,34,16,79,87,12,0,0,5,1,0,,,,100,,,Locked
96565770,211,RF,★★★★★,SRS,100,3263300,-,-,x5,,435,435,142,87,37,35,7,0,0,40,1,0,,,,100,,,Locked
96575029,20095,RF,★★★★,Type88 Mod,115,10393110,309810,1890190,x5,Mod3,520,520,135,79,44,37,7,0,0,40,10,10,Mk211 High-Explosive Armor-Piercing Ammo,Acceleration Coil,Thermoptic Camouflage Cape,190,Oathed,2020-12-20 10:08,Locked
96648063,184,RF,★★★★,T-5000,100,3263300,-,-,x5,,450,450,133,90,30,36,7,0,0,40,4,0,,,,100,,,Locked
97823409,257,RF,★★★★★,M200,100,3263300,-,-,x5,,440,440,153,101,33,34,7,0,0,40,10,0,,,,100,,,Locked
98176543,46,RF,★★★★★,Kar98k,100,3263300,-,-,x5,,420,420,142,82,44,34,7,0,0,40,1,0,Mk211 High-Explosive Armor-Piercing Ammo,PM 5-25X56,Thermoptic Camouflage Cape,100,,,Locked
98176544,48,RF,★★★★★,WA2000,100,3263300,-,-,x5,,440,440,137,87,32,39,7,0,0,40,8,0,,,,100,,,Locked
99329336,198,RF,★★★★★,Carcano M91/38,100,3263300,-,-,x5,,365,365,154,95,47,34,7,0,0,40,10,0,,,,100,,,Locked
99595997,245,SMG,★★★★★,P90,100,3263300,-,-,x5,,950,950,32,16,88,93,12,0,0,5,8,0,IOP T4 Exoskeleton,ILM Hollow-Point Ammo,PEQ-16A,100,,,Locked
102288942,1001,HG,★★★★★,Noel,8,3000,0,0,x1,,32,32,17,13,17,46,15,0,0,20,1,0,,,,100,,,Locked
104301379,229,SG,★★★★★,M870,100,3263300,-,-,x5,,1320,409,35,14,13,29,6,23,4,40,4,0,Type 3 Armor Plate,SABOT Slug,VFL 6-24X56,100,,,Locked
104683909,231,RF,★★★★★,M82A1,100,3263300,-,-,x5,,440,440,174,85,33,34,7,0,0,40,10,0,Mk211 High-Explosive Armor-Piercing Ammo,VFL 6-24X56,Thermoptic Camouflage Cape,150,Oathed,2020-12-18 21:34,Locked
105163779,4,HG,★★★★★,Python,100,3263300,-,-,x5,,350,350,42,86,87,49,15,0,0,40,1,0,,,,100,,,Locked
107083027,4,HG,★★★★★,Python,100,3263300,-,-,x5,,350,350,42,86,87,49,15,0,0,40,1,0,,,,100,,,Locked
107625211,4,HG,★★★★★,Python,100,3263300,-,-,x5,,350,350,42,86,87,49,15,0,0,40,10,0,,,,100,,,Locked
107813173,4,HG,★★★★★,Python,100,3263300,-,-,x5,,350,267,44,90,91,49,15,0,0,40,10,0,AC4 Suppressor,ILM Hollow-Point Ammo,IOP X4 Exoskeleton,150,Oathed,2020-12-18 21:38,Locked
108136171,188,SG,★★★★★,S.A.T.8,100,3263300,-,-,x5,,1410,694,31,14,13,33,6,22,4,40,10,0,,,,100,,,Locked
108622145,198,RF,★★★★★,Carcano M91/38,100,3263300,-,-,x5,,365,365,154,95,47,34,7,0,0,40,10,0,Mk211 High-Explosive Armor-Piercing Ammo,VFL 6-24X56,Thermoptic Camouflage Cape,90,,,Locked
108950508,4,HG,★★★★★,Python,100,3263300,-,-,x5,,350,350,40,81,82,49,15,0,0,40,10,0,,,,81,,,Locked
108965790,197,RF,★★★★★,Carcano M1891,100,3263300,-,-,x5,,400,400,145,90,45,34,7,0,0,40,10,0,,,,100,,,Locked
108965873,197,RF,★★★★★,Carcano M1891,100,3263300,-,-,x5,,400,400,145,90,45,34,7,0,0,40,10,0,Mk211 High-Explosive Armor-Piercing Ammo,VFL 6-24X56,Thermoptic Camouflage Cape,100,,,Locked
109117846,243,AR,★★★★★,64 Shiki,100,3263300,-,-,x5,,625,625,71,66,46,63,10,0,0,20,10,0,,,,100,,,Locked
110043838,256,RF,★★★,Falcon,100,3263300,-,-,x5,,440,440,147,75,30,32,7,0,0,40,1,0,,,,100,,,Locked
110055058,97,HG,★★★★★,M950A,100,3263300,-,-,x5,,380,380,32,58,72,72,15,0,0,20,8,0,,,,100,,,Locked
110788527,142,HG,★★★★★,Five-seven,5,1414,0,0,x1,,33,33,13,10,17,45,15,0,0,20,1,0,,,,100,,,Locked
110796242,142,HG,★★★★★,Five-seven,100,3263300,-,-,x5,,315,315,33,60,102,66,15,0,0,20,1,0,,,,100,,,Locked
110926733,142,HG,★★★★★,Five-seven,100,3263300,-,-,x5,,315,315,33,60,102,66,15,0,0,20,1,0,,,,100,,,Locked
110936838,142,HG,★★★★★,Five-seven,100,3263300,-,-,x5,,315,93,33,60,102,66,15,0,0,20,1,0,AC4 Suppressor,ILM Hollow-Point Ammo,IOP T4 Exoskeleton,100,,,Locked
111091989,142,HG,★★★★★,Five-seven,1,0,0,0,x1,,32,32,12,8,13,44,15,0,0,20,1,0,,,,100,,,Locked
111379061,194,AR,★★★★★,K2,100,3263300,-,-,x5,,635,635,55,57,47,78,10,0,0,20,10,0,,,,150,Oathed,2020-12-20 10:16,Locked
111535939,162,SG,★★★★,SPAS-12,100,3263300,-,-,x5,,1375,1375,35,12,10,32,6,21,4,40,1,0,,,,100,,,Locked
111838269,214,AR,★★★★★,ADS,100,3263300,-,-,x5,,605,605,53,57,48,78,10,0,0,20,1,0,,,,100,,,Locked
111842401,142,HG,★★★★★,Five-seven,1,0,0,0,x1,,32,32,12,8,13,44,15,0,0,20,1,0,,,,100,,,Locked
112060764,192,RF,★★★★★,JS05,100,3263300,-,-,x5,,450,450,166,93,34,31,7,0,0,40,1,0,,,,100,,,Locked
112689804,161,SG,★★★★,Type97S,100,3263300,-,-,x5,,1320,1320,35,13,14,27,6,20,3,40,1,0,Type 2 Armor Plate,WAD Slug,,100,,,Locked
113355011,228,SMG,★★★★★,100 Shiki,100,3263300,-,-,x5,,1060,1060,31,15,71,76,12,0,0,5,1,0,,,,100,,,Locked
113721079,234,SMG,★★★★★,JS 9,100,3263300,-,-,x5,,900,900,29,16,91,89,12,0,0,5,8,0,IOP T4 Exoskeleton,ILM Hollow-Point Ammo,PEQ-16A,100,,,Locked
113732219,151,SG,★★★★★,M1887,100,3263300,-,-,x5,,1375,1375,41,13,13,22,6,22,4,40,1,0,Type 2 Armor Plate,WAD Slug,,100,,,Locked
114405487,156,SG,★★★★,Super-Shorty,100,3263300,-,-,x5,,1210,1210,30,15,20,30,6,20,3,40,1,0,Type 2 Armor Plate,WAD Slug,,100,,,Locked
114557100,12,HG,★★★,C96,100,3263300,-,-,x5,,415,415,31,44,65,62,15,0,0,20,1,0,,,,100,,,Locked
114558954,20093,SMG,★★★★,IDW Mod,101,3368300,5000,115000,x5,Mod1,750,750,28,16,94,75,12,0,0,5,1,0,,,,100,,,Locked
114559123,31,SMG,★★,M38,100,3263300,-,-,x5,,1015,1015,34,13,55,75,12,0,0,5,1,0,,,,100,,,Locked
115266115,20154,SG,★★★★,M500 Mod,110,5263300,0,0,x5,Mod2,1340,1340,34,13,11,29,6,22,4,40,1,2,Type 3 Armor Plate,SABOT Slug,VFL 6-24X56,100,,,Locked
115460846,1009,HG,★★★★★,El Clear,100,3263300,-,-,x5,,330,0,33,66,93,61,15,0,0,20,10,0,Glorylight,,IOP T4 Exoskeleton,100,,,Locked
115513959,1010,HG,★★★★★,El Fail,100,3263300,-,-,x5,,330,330,33,66,93,61,15,0,0,20,1,0,,,,100,,,Locked
115517023,61,AR,★★★,StG44,100,3263300,-,-,x5,,635,635,56,49,38,61,10,0,0,20,1,0,,,,100,,,Locked
115517233,29,SMG,★★★,STEN MkⅡ,100,3263300,-,-,x5,,925,925,28,16,79,78,12,0,0,5,1,0,,,,100,,,Locked
116482920,165,SG,★★★★,M1014,100,3263300,-,-,x5,,1375,1375,33,13,12,32,6,21,4,40,1,0,Type 2 Armor Plate,WAD Slug,VFL 6-24X56,100,,,Locked
117158669,164,SG,★★★★★,FP-6,100,3263300,-,-,x5,,1300,1300,33,14,13,28,6,24,4,40,1,0,Type 3 Armor Plate,,VFL 6-24X56,100,,,Locked
117880081,158,SG,★★★,KS-23,100,3263300,-,-,x5,,1375,1375,42,10,11,25,6,21,3,40,1,0,,,,100,,,Locked
118951160,266,RF,★★★★★,R93,100,3263300,-,-,x5,,405,405,140,102,36,39,7,0,0,40,10,0,Mk211 High-Explosive Armor-Piercing Ammo,VFL 6-24X56,Thermoptic Camouflage Cape,100,,,Locked
119160441,115,SMG,★★★★★,Suomi,100,3263300,-,-,x5,,1100,1100,30,16,59,93,12,0,0,5,1,0,,,,100,,,Locked
120266261,20089,MG,★★★★,Bren Mod,100,3263300,0,0,x5,Mod1,870,870,99,35,30,102,4,0,8,5,1,0,,,,100,,,Locked
120495362,159,SG,★★★,RMB-93,100,3263300,-,-,x5,,1210,1210,32,12,14,28,6,22,4,40,1,0,Type 2 Armor Plate,WAD Slug,,100,,,Locked
120912956,104,SMG,★★★★★,Gr G36c,100,3263300,-,-,x5,,1015,1015,34,14,69,83,12,0,0,5,10,0,IOP T4 Exoskeleton,ILM Hollow-Point Ammo,PEQ-16A,100,,,Locked
123123982,18,SMG,★★★,Ingram,100,3263300,-,-,x5,,880,880,30,12,72,91,12,0,0,5,1,0,,,,100,,,Locked
124264693,260,HG,★★★★★,PA-15,100,3263300,-,-,x5,,350,350,37,69,80,64,15,0,0,20,3,0,AC4 Suppressor,ILM Hollow-Point Ammo,IOP T4 Exoskeleton,100,,,Locked
124266185,262,AR,★★★★,EM-2,100,3263300,-,-,x5,,595,595,60,51,51,61,10,0,0,20,1,0,,,,100,,,Locked
124487299,244,HG,★★★,TEC-9,100,3263300,-,-,x5,,415,415,30,49,67,63,15,0,0,20,10,0,,,,100,,,Locked
125952504,20252,RF,★★★★★,KSVK Mod,115,10147948,64648,2135352,x5,Mod3,450,450,189,99,36,32,7,0,0,40,10,10,12.7mm 1SL,VFL 6-24X56,Thermoptic Camouflage Cape,200,Oathed,2021-02-16 16:36,Locked
126129169,253,MG,★★★★★,Lewis,100,3263300,-,-,x5,,950,950,108,33,33,116,4,0,10,5,10,0,Mk211 High-Explosive Armor-Piercing Ammo,VFL 6-24X56,IOP Maximum Ammo Box,100,,,Locked
126155787,242,HG,★★★★★,P22,100,3263300,-,-,x5,,350,280,30,70,116,62,15,0,0,20,10,0,,,,100,,,Locked
126294885,242,HG,★★★★★,P22,100,3263300,-,-,x5,,350,350,30,70,116,62,15,0,0,20,10,0,,,,100,,,Locked
126296469,102,SMG,★★★★,UMP40,100,3263300,-,-,x5,,900,900,29,15,79,85,12,0,0,5,1,0,,,,100,,,Locked
126303353,250,HG,★★★★★,HS2000,100,3263300,-,-,x5,,360,360,35,65,92,62,15,0,0,20,10,0,,,,100,,,Locked
126491877,251,SMG,★★★★★,X95,100,3263300,-,-,x5,,970,970,36,14,71,90,12,0,0,5,10,0,IOP T4 Exoskeleton,16Lab Hollow-Point,AC4 Suppressor,100,,,Locked
126494459,242,HG,★★★★★,P22,100,3263300,-,-,x5,,350,350,30,70,116,62,15,0,0,20,10,0,,,,100,,,Locked
126617726,242,HG,★★★★★,P22,100,3263300,-,-,x5,,350,350,30,70,116,62,15,0,0,20,10,0,,,,100,,,Locked
126650978,263,MG,★★★★★,Gr MG36,100,3263300,-,-,x5,,910,910,90,36,38,129,4,0,10,5,1,0,,,,100,,,Locked
126784984,242,HG,★★★★★,P22,100,3263300,-,-,x5,,350,350,30,70,116,62,15,0,0,20,10,0,,,,100,,,Locked
126839661,242,HG,★★★★★,P22,100,3263300,-,-,x5,,350,350,28,66,110,62,15,0,0,20,10,0,,ILM Hollow-Point Ammo,IOP T4 Exoskeleton,80,,,Locked
126866217,152,SG,★★★,M1897,100,3263300,-,-,x5,,1265,1265,37,12,12,26,6,21,4,40,1,0,Type 2 Armor Plate,WAD Slug,VFL 6-24X56,100,,,Locked
127275168,59,SMG,★★★★★,AK-74U,100,3263300,-,-,x5,,970,970,37,14,71,83,12,0,0,5,1,0,,,,100,,,Locked
127275222,204,RF,★★★★★,Ballista,100,3263300,-,-,x5,,410,410,146,97,37,36,7,0,0,40,1,0,,,,100,,,Locked
127665676,148,RF,★★★★★,IWS 2000,100,3263300,-,-,x5,,440,440,171,82,31,32,7,0,0,40,1,0,,,,100,,,Locked
127807907,250,HG,★★★★★,HS2000,100,3263300,-,-,x5,,360,360,35,65,92,62,15,0,0,20,10,0,AC4 Suppressor,ILM Hollow-Point Ammo,IOP T4 Exoskeleton,100,,,Locked
128241287,270,RF,★★★★,4 Shiki,100,3263300,-,-,x5,,420,420,118,78,39,39,7,0,0,40,10,0,,,,100,,,Locked
130439030,190,SG,★★★,NS2000,100,3263300,-,-,x5,,1265,1265,35,13,12,27,6,20,5,40,1,0,,,,100,,,Locked
130879258,261,RF,★★★★★,QBU-88,100,3263300,-,-,x5,,420,420,133,92,44,42,7,0,0,40,10,0,Mk211 High-Explosive Armor-Piercing Ammo,VFL 6-24X56,Thermoptic Camouflage Cape,100,,,Locked
131573922,181,AR,★★★★★,T91,100,3263300,-,-,x5,,620,620,54,47,49,76,10,0,0,20,1,0,,,,100,,,Locked
132511240,116,SMG,★★★,Z-62,100,3263300,-,-,x5,,840,840,30,16,81,77,12,0,0,5,1,0,,,,100,,,Locked
133511067,20095,RF,★★★★,Type88 Mod,110,5263300,0,0,x5,Mod2,515,515,122,72,40,37,7,0,0,40,10,10,,,,100,,,Locked
133658459,98,HG,★★★★,SPP-1,100,3263300,-,-,x5,,380,380,37,65,79,48,15,0,0,20,1,0,,,,100,,,Locked
134678220,269,HG,★★★★,Gr P30,3,500,0,0,x1,,36,36,14,11,14,38,15,0,0,20,1,0,,,,100,,,Locked
135003986,65,AR,★★★★★,416,100,3263300,-,-,x5,,605,605,54,49,47,76,10,0,0,20,8,0,,,,100,,,Locked
135046678,206,AR,★★★★★,AK-12,1,0,0,0,x1,,55,55,19,8,7,50,10,0,0,20,1,0,,,,100,,,Locked
135048773,122,AR,★★★★★,Gr G11,1,0,0,0,x1,,61,61,17,7,7,66,10,0,0,20,1,0,,,,100,,,Locked
135295183,97,HG,★★★★★,M950A,2,150,0,0,x1,,39,39,13,9,11,50,15,0,0,20,1,0,,,,100,,,Locked
136316161,97,HG,★★★★★,M950A,1,0,0,0,x1,,38,38,11,7,9,49,15,0,0,20,1,0,,,,50,,,Locked
137835429,1023,SMG,★★★★★,Henrietta,76,1040335,0,0,x3,,501,501,28,13,70,86,12,0,0,5,1,0,,,,100,,,Locked
137870503,1027,AR,★★★★★,Angelica,100,3263300,-,-,x5,,605,605,61,63,51,75,10,0,0,30,10,0,PEQ-16A,16Lab High-Velocity Ammo,Fairy Tale Picture Books,150,Oathed,2020-12-20 10:14,Locked
138078985,286,SMG,★★★★,K-PDW,100,3263300,-,-,x5,,900,900,33,14,71,81,12,0,0,5,1,0,IOP T4 Exoskeleton,ILM Hollow-Point Ammo,PEQ-16A,50,,,Locked
138118642,1024,RF,★★★★★,Rico,100,3263300,-,-,x5,,400,400,143,88,37,37,7,0,0,40,10,0,16Lab Sub-Caliber Armor-Piercing Ammo,VFL 6-24X56,Duelling Cards,150,Oathed,2020-12-18 21:36,Locked
138732701,1025,SG,★★★★★,Triela,13,7800,0,0,x1,,142,142,18,5,5,19,6,5,4,40,1,0,,,,100,,,Locked
138919157,285,HG,★★★★★,C-93,90,1986600,0,0,x4,,240,240,33,60,94,62,15,0,0,20,9,0,,,,100,,,Locked
138929481,1026,MG,★★★★★,Claes,1,0,0,0,x1,,79,79,26,4,4,90,4,0,8,5,1,0,,,,50,,,Locked
139417430,287,AR,★★★★★,SIG-556,1,0,0,0,x1,,61,61,19,6,6,52,10,0,0,20,1,0,,,,50,,,Locked
139614702,224,SMG,★★★★★,PM-06,1,0,0,0,x1,,96,96,11,2,10,57,12,0,0,5,1,0,,,,50,,,Locked
140009443,266,RF,★★★★★,R93,1,0,0,0,x1,,41,41,44,11,4,25,7,0,0,40,1,0,,,,50,,,Locked
142414206,275,MG,★★★★,M1895 CB,100,3263300,-,-,x5,,950,950,95,28,25,131,4,0,10,5,10,0,,,,132,Oathed,2020-12-16 16:23,Locked
142414207,272,HG,★★★★★,Desert Eagle,100,3263300,-,-,x5,,365,365,46,63,73,55,15,0,0,40,10,0,AC4 Suppressor,ILM Hollow-Point Ammo,IOP X4 Exoskeleton,150,Oathed,2020-12-18 21:37,Locked
142435871,273,RF,★★★★,SSG3000,100,3263300,-,-,x5,,440,440,133,81,32,37,7,0,0,40,10,0,,,,100,,,Locked
142776645,250,HG,★★★★★,HS2000,95,2604000,0,0,x5,,350,350,34,61,88,61,15,0,0,20,10,0,,,,100,,,Locked
143601361,276,MG,★★★★★,Kord,1,0,0,0,x1,,99,99,41,3,3,76,4,0,9,5,1,0,,,,50,,,Locked
144352645,274,AR,★★★★★,ACR,100,3263300,-,-,x5,,580,580,57,57,51,77,10,0,0,30,10,0,PEQ-16A,APCR High-Velocity Ammo,IOP X4 Exoskeleton,100,,,Locked
144352650,263,MG,★★★★★,Gr MG36,1,0,0,0,x1,,91,91,28,4,4,83,4,0,10,5,1,0,,,,50,,,Locked
144746134,113,HG,★★★,Serdyukov,100,3263300,-,-,x5,,350,350,35,61,72,59,15,0,0,20,10,0,,,,100,,,Locked
144873103,210,HG,★★★,CZ52,100,3263300,-,-,x5,,380,380,35,53,72,53,15,0,0,20,10,0,,,,100,,,Locked
144873114,167,HG,★★★,Gr HK45,100,3263300,-,-,x5,,330,330,36,61,84,55,15,0,0,20,10,0,,,,100,,,Locked
145357990,276,MG,★★★★★,Kord,33,60000,0,0,x1,,131,131,63,9,9,87,4,0,9,5,10,0,,,,50,,,Locked
145358191,276,MG,★★★★★,Kord,100,3263300,-,-,x5,,990,883,115,24,23,110,4,0,9,5,10,0,Mk211 High-Explosive Armor-Piercing Ammo,VFL 6-24X56,IOP Maximum Ammo Box,100,,,Locked
145358209,242,HG,★★★★★,P22,9,3900,0,0,x1,,38,38,12,13,21,43,15,0,0,20,1,0,,,,52,,,Locked
149338130,281,SG,★★★★★,CAWS,100,3263300,-,-,x5,,1235,1235,32,13,14,35,6,23,5,40,1,0,,,,100,,,Locked
149506610,1028,SMG,★★★★★,Agent Vector,48,205500,0,0,x1,,137,137,23,8,41,85,12,0,0,5,8,0,,,,100,,,Locked
149734891,1029,AR,★★★★★,Agent 416,32,53250,0,0,x2,,160,160,31,20,19,60,10,0,0,20,1,0,,,,100,,,Locked
153241040,307,MG,★★★★★,ZB-26,100,3263300,-,-,x5,,910,910,100,30,31,116,4,0,9,5,1,0,Mk211 High-Explosive Armor-Piercing Ammo,VFL 6-24X56,IOP Maximum Ammo Box,50,,,Locked
153241792,306,AR,★★★★★,AK-Alfa,100,3263300,-,-,x5,,580,580,59,56,55,75,10,0,0,20,5,0,PEQ-16A,APCR High-Velocity Ammo,IOP X4 Exoskeleton,100,,,Locked
154945617,282,SG,★★★★★,DP-12,100,3263300,-,-,x5,,1265,1265,31,13,13,30,6,23,5,40,10,0,,SABOT Slug,VFL 6-24X56,50,,,Locked
156459441,294,HG,★★★★★,Webley,100,3263300,-,-,x5,,430,430,31,70,86,57,15,0,0,20,10,0,AC4 Suppressor,ILM Hollow-Point Ammo,IOP T4 Exoskeleton,100,,,Locked
156761975,292,MG,★★★★★,RPK-16,100,3263300,-,-,x5,,825,825,85,37,36,129,4,0,10,5,10,0,Mk211 High-Explosive Armor-Piercing Ammo,VFL 6-24X56,IOP Maximum Ammo Box,41,,,Locked
156762974,293,AR,★★★★★,AK-15,44,150000,0,0,x2,,158,158,36,26,26,62,10,0,0,20,4,0,,,,50,,,Locked
157832694,296,RF,★★★★★,Gr SL8,100,3263300,-,-,x5,,425,425,120,78,39,41,7,0,0,40,4,0,Mk211 High-Explosive Armor-Piercing Ammo,,Thermoptic Camouflage Cape,50,,,Locked
159581373,289,AR,★★★★★,R5,1,0,0,0,x1,,62,62,20,7,6,51,10,0,0,20,1,0,,,,50,,,Locked
160145140,198,RF,★★★★★,Carcano M91/38,1,0,0,0,x1,,37,37,47,10,5,22,7,0,0,40,1,0,,,,50,,,Locked
161329689,303,HG,★★★★★,HP-35,33,60000,0,0,x1,,51,51,18,26,37,45,15,0,0,20,7,0,,,,50,,,Locked
161330781,304,SMG,★★★★,SAF,1,0,0,0,x1,,90,90,10,2,10,70,12,0,0,5,1,0,,,,50,,,Locked
162359717,311,SMG,★★★★★,Lusa,100,3263300,-,-,x5,,1025,1025,29,13,69,94,12,0,0,5,1,0,IOP T4 Exoskeleton,ILM Hollow-Point Ammo,PEQ-16A,50,,,Locked
164743207,1009,HG,★★★★★,El Clear,1,0,0,0,x1,,33,33,10,7,10,39,15,0,0,20,1,0,,,,50,,,Locked
167258268,324,SG,★★★★★,M6 ASW,1,0,0,0,x1,,130,130,14,2,2,19,6,3,4,40,1,0,,,,50,,,Locked
169095210,329,RF,★★★★★,SVCh,1,0,0,0,x1,,44,44,49,11,4,23,7,0,0,40,1,0,,,,50,,,Locked
170926445,1031,RF,★★★★★,Pekola,1,0,0,0,x1,,44,44,39,8,4,23,7,0,0,40,1,0,,,,50,,,Locked
172339709,272,HG,★★★★★,Desert Eagle,1,0,0,0,x1,,37,37,14,7,8,36,15,0,0,40,1,0,,,,50,,,
172340121,73,AR,★★★★★,AUG,1,0,0,0,x1,,61,61,19,7,6,50,10,0,0,30,1,0,,,,50,,,
172341125,1034,SG,★★★★★,Minos,1,0,0,0,x1,,143,143,15,2,2,17,6,3,4,40,1,0,,,,50,,,
178004607,2,HG,★★,M1911,1,0,0,0,x1,,37,37,10,6,9,38,15,0,0,20,1,0,,,,50,,,
178004832,24,SMG,★★,PP-2000,1,0,0,0,x1,,80,80,12,2,11,57,12,0,0,5,1,0,,,,50,,,
178004957,63,AR,★★,Gr G3,1,0,0,0,x1,,55,55,20,6,5,41,10,0,0,20,1,0,,,,50,,,
178007313,63,AR,★★,Gr G3,1,0,0,0,x1,,55,55,20,6,5,41,10,0,0,20,1,0,,,,50,,,
178007983,90,HG,★★,FF FNP9,1,0,0,0,x1,,30,30,11,7,11,42,15,0,0,20,1,0,,,,50,,,
178008009,94,SMG,★★,Type64,1,0,0,0,x1,,88,88,11,2,9,65,12,0,0,5,1,0,,,,50,,,
178008041,90,HG,★★,FF FNP9,1,0,0,0,x1,,30,30,11,7,11,42,15,0,0,20,1,0,,,,50,,,
178008093,107,AR,★★,FF F2000,1,0,0,0,x1,,53,53,16,6,6,57,10,0,0,20,1,0,,,,50,,,
178008209,41,RF,★★,SKS,1,0,0,0,x1,,47,47,39,8,5,24,7,0,0,40,1,0,,,,50,,,
